customer_id,age_band,tenure_months,contract_type,monthly_charge,monthly_minutes,monthly_data_gb,support_tickets_6m,payment_method,churned
NT-00000,35-44,16,Month-to-month,60.19,167,1.5,2,Bank transfer,0
NT-00001,65+,37,Month-to-month,59.03,185,10.7,0,Direct debit,0
NT-00002,45-54,18,One-year,26.1,507,8.8,0,Direct debit,0
NT-00003,45-54,29,Month-to-month,55.54,258,2.3,1,Direct debit,0
NT-00004,25-34,38,One-year,26.55,481,17.1,1,Direct debit,0
NT-00005,25-34,37,Month-to-month,33.26,228,6.9,1,Credit card (tokenised),0
NT-00006,18-24,61,Month-to-month,42.65,232,7.1,3,Direct debit,0
NT-00007,55-64,25,One-year,52.13,100,9.2,2,Credit card (tokenised),0
NT-00008,45-54,17,One-year,33.28,431,16.9,3,Credit card (tokenised),0
NT-00009,45-54,30,Month-to-month,42.71,377,4.4,1,Credit card (tokenised),0
NT-00010,18-24,25,Month-to-month,34.21,192,8.4,1,Direct debit,0
NT-00011,65+,23,Two-year,12.0,189,10.2,1,Direct debit,1
NT-00012,55-64,21,One-year,37.54,436,12.4,2,Credit card (tokenised),0
NT-00013,25-34,34,Month-to-month,23.1,265,3.5,0,Direct debit,0
NT-00014,25-34,20,Month-to-month,53.26,436,8.0,1,Bank transfer,0
NT-00015,25-34,41,Month-to-month,53.34,105,26.4,2,Credit card (tokenised),1
NT-00016,25-34,40,Month-to-month,27.97,150,19.3,1,Credit card (tokenised),0
NT-00017,35-44,35,One-year,26.12,583,27.9,0,Credit card (tokenised),0
NT-00018,35-44,16,One-year,30.45,392,12.2,0,Direct debit,0
NT-00019,25-34,33,One-year,44.39,506,10.2,3,Direct debit,0
NT-00020,45-54,48,Month-to-month,44.44,265,3.8,0,Bank transfer,0
NT-00021,18-24,43,Two-year,78.9,206,25.9,1,Direct debit,0
NT-00022,25-34,40,Month-to-month,34.3,559,5.2,1,Direct debit,0
NT-00023,35-44,29,Two-year,39.1,31,7.3,0,Bank transfer,0
NT-00024,35-44,28,Month-to-month,61.18,329,10.0,0,Bank transfer,0
NT-00025,55-64,51,Month-to-month,41.44,491,14.0,1,Direct debit,0
NT-00026,25-34,33,One-year,24.94,264,4.7,3,Direct debit,0
NT-00027,35-44,34,Month-to-month,42.1,1026,7.3,0,Direct debit,0
NT-00028,45-54,95,One-year,46.46,335,6.5,1,Direct debit,0
NT-00029,18-24,24,One-year,33.9,437,6.9,2,Credit card (tokenised),1
NT-00030,45-54,7,Month-to-month,47.54,194,4.3,1,Direct debit,0
NT-00031,25-34,26,One-year,46.48,812,14.3,2,Direct debit,0
NT-00032,18-24,27,Month-to-month,32.5,358,18.1,2,Direct debit,1
NT-00033,65+,33,Month-to-month,56.62,274,38.9,1,Direct debit,0
NT-00034,65+,37,Two-year,28.6,346,14.4,4,Bank transfer,0
NT-00035,55-64,8,Two-year,43.25,137,3.2,1,Credit card (tokenised),0
NT-00036,25-34,37,Month-to-month,30.77,467,4.7,1,Credit card (tokenised),0
NT-00037,18-24,28,Month-to-month,17.69,232,3.2,1,Bank transfer,0
NT-00038,45-54,25,Month-to-month,42.3,413,15.7,0,Direct debit,0
NT-00039,35-44,11,One-year,61.15,103,17.0,1,Credit card (tokenised),0
NT-00040,18-24,57,Two-year,37.35,132,22.1,3,Bank transfer,0
NT-00041,35-44,23,Month-to-month,20.08,355,7.5,1,Credit card (tokenised),0
NT-00042,18-24,40,One-year,40.66,766,12.6,1,Credit card (tokenised),0
NT-00043,65+,18,Month-to-month,28.18,93,17.4,2,Credit card (tokenised),0
NT-00044,25-34,34,Month-to-month,50.65,227,23.9,1,Credit card (tokenised),0
NT-00045,45-54,25,Two-year,35.26,147,20.3,0,Bank transfer,0
NT-00046,25-34,40,Month-to-month,16.73,261,15.2,2,Credit card (tokenised),0
NT-00047,35-44,25,Month-to-month,44.1,342,17.4,1,Credit card (tokenised),0
NT-00048,35-44,18,One-year,40.51,287,17.5,0,Direct debit,1
NT-00049,25-34,29,Month-to-month,34.4,66,10.7,0,Direct debit,0
NT-00050,65+,28,Month-to-month,25.53,106,7.3,0,Credit card (tokenised),1
NT-00051,55-64,33,Two-year,59.47,150,10.2,1,Direct debit,0
NT-00052,65+,45,One-year,32.58,243,11.3,0,Direct debit,0
NT-00053,55-64,16,One-year,48.77,197,1.3,0,Direct debit,0
NT-00054,45-54,44,Month-to-month,32.44,249,2.6,0,Direct debit,0
NT-00055,65+,14,Month-to-month,46.17,310,3.7,1,Credit card (tokenised),0
NT-00056,18-24,39,Two-year,38.64,271,29.3,0,Direct debit,0
NT-00057,25-34,39,Month-to-month,38.34,850,4.0,1,Bank transfer,0
NT-00058,18-24,22,Month-to-month,28.08,867,10.1,1,Direct debit,1
NT-00059,25-34,19,Month-to-month,44.34,348,12.0,1,Credit card (tokenised),1
NT-00060,35-44,18,Month-to-month,54.86,214,12.0,1,Credit card (tokenised),1
NT-00061,25-34,30,Month-to-month,25.59,269,7.8,0,Credit card (tokenised),1
NT-00062,55-64,41,Two-year,28.01,382,18.3,1,Bank transfer,0
NT-00063,25-34,27,Two-year,73.33,176,12.1,0,Direct debit,0
NT-00064,25-34,7,One-year,25.98,386,7.7,0,Bank transfer,0
NT-00065,35-44,21,One-year,31.35,277,14.6,1,Direct debit,0
NT-00066,25-34,21,Two-year,54.6,784,28.1,0,Bank transfer,0
NT-00067,55-64,37,One-year,54.97,173,2.6,0,Direct debit,0
NT-00068,18-24,38,Month-to-month,12.0,670,7.6,1,Direct debit,0
NT-00069,65+,31,Month-to-month,47.19,384,11.0,6,Credit card (tokenised),0
NT-00070,55-64,44,Month-to-month,35.66,206,9.8,0,Credit card (tokenised),0
NT-00071,25-34,46,Month-to-month,36.21,494,15.6,0,Direct debit,0
NT-00072,18-24,22,Month-to-month,51.98,37,5.0,1,Credit card (tokenised),0
NT-00073,55-64,18,Month-to-month,33.82,242,8.8,2,Direct debit,0
NT-00074,45-54,28,Month-to-month,31.86,283,3.1,1,Direct debit,0
NT-00075,45-54,31,Month-to-month,34.14,211,9.7,1,Credit card (tokenised),0
NT-00076,55-64,22,Month-to-month,33.81,574,10.5,2,Direct debit,0
NT-00077,18-24,96,Month-to-month,42.17,974,7.5,0,Direct debit,0
NT-00078,25-34,55,One-year,53.88,175,4.3,2,Bank transfer,0
NT-00079,18-24,20,Month-to-month,43.13,548,3.5,1,Credit card (tokenised),1
NT-00080,55-64,16,One-year,37.85,339,4.6,2,Direct debit,1
NT-00081,45-54,20,Two-year,44.56,518,8.3,1,Credit card (tokenised),0
NT-00082,25-34,46,One-year,47.36,377,5.5,0,Credit card (tokenised),0
NT-00083,18-24,47,One-year,44.94,292,11.8,0,Bank transfer,0
NT-00084,25-34,55,Two-year,29.99,1245,16.1,1,Credit card (tokenised),0
NT-00085,25-34,18,Month-to-month,43.1,363,3.2,1,Credit card (tokenised),1
NT-00086,45-54,37,Two-year,12.57,544,8.1,0,Direct debit,0
NT-00087,45-54,19,One-year,56.41,214,7.7,0,Direct debit,0
NT-00088,55-64,61,One-year,56.37,753,8.3,4,Credit card (tokenised),0
NT-00089,35-44,18,Month-to-month,48.67,330,7.8,0,Credit card (tokenised),0
NT-00090,18-24,14,Month-to-month,52.95,131,6.6,2,Direct debit,0
NT-00091,45-54,15,One-year,37.11,258,8.1,1,Bank transfer,1
NT-00092,55-64,29,One-year,28.99,358,12.0,2,Direct debit,0
NT-00093,35-44,40,One-year,22.95,348,12.2,1,Direct debit,0
NT-00094,55-64,39,Month-to-month,50.1,307,10.9,1,Direct debit,0
NT-00095,35-44,16,Month-to-month,28.99,340,6.2,1,Credit card (tokenised),1
NT-00096,35-44,23,Month-to-month,33.51,165,3.0,1,Direct debit,0
NT-00097,35-44,22,Month-to-month,40.69,332,11.3,0,Bank transfer,0
NT-00098,18-24,14,Month-to-month,37.55,238,9.9,0,Bank transfer,0
NT-00099,18-24,22,Month-to-month,41.18,437,10.4,1,Direct debit,1
NT-00100,18-24,54,Month-to-month,16.3,344,29.4,0,Direct debit,0
NT-00101,45-54,13,Month-to-month,35.2,221,14.5,2,Direct debit,1
NT-00102,25-34,32,Month-to-month,47.89,451,9.1,0,Direct debit,0
NT-00103,35-44,55,Two-year,32.82,569,17.7,1,Credit card (tokenised),0
NT-00104,65+,53,One-year,27.65,394,11.0,1,Credit card (tokenised),0
NT-00105,25-34,62,One-year,49.46,195,14.1,1,Direct debit,0
NT-00106,35-44,34,Month-to-month,32.91,900,9.3,0,Bank transfer,0
NT-00107,45-54,36,One-year,40.21,316,0.7,0,Bank transfer,0
NT-00108,25-34,22,Month-to-month,35.47,386,8.2,3,Credit card (tokenised),0
NT-00109,18-24,13,Two-year,37.99,90,11.5,1,Credit card (tokenised),0
NT-00110,25-34,27,One-year,56.36,339,6.8,2,Credit card (tokenised),0
NT-00111,25-34,49,One-year,44.86,513,12.8,0,Direct debit,0
NT-00112,65+,6,Two-year,23.34,276,6.7,1,Credit card (tokenised),1
NT-00113,55-64,22,Month-to-month,33.54,422,29.3,1,Credit card (tokenised),0
NT-00114,45-54,38,Month-to-month,33.05,429,11.4,1,Direct debit,0
NT-00115,55-64,29,One-year,40.6,535,9.1,1,Credit card (tokenised),0
NT-00116,55-64,52,Month-to-month,48.91,323,10.0,0,Direct debit,0
NT-00117,25-34,47,Month-to-month,38.38,251,5.9,1,Credit card (tokenised),1
NT-00118,55-64,12,One-year,38.03,143,18.8,0,Credit card (tokenised),0
NT-00119,35-44,30,Month-to-month,12.0,432,4.8,0,Direct debit,0
NT-00120,55-64,19,One-year,53.89,865,25.0,1,Direct debit,0
NT-00121,55-64,19,Two-year,35.99,198,19.6,2,Bank transfer,0
NT-00122,25-34,13,Month-to-month,41.1,493,5.1,1,Credit card (tokenised),0
NT-00123,18-24,33,Month-to-month,41.08,796,3.5,0,Credit card (tokenised),0
NT-00124,25-34,53,Month-to-month,28.77,215,5.4,0,Credit card (tokenised),0
NT-00125,35-44,34,Month-to-month,35.07,580,22.5,2,Direct debit,0
NT-00126,55-64,12,Month-to-month,28.67,130,8.1,1,Direct debit,0
NT-00127,55-64,28,Month-to-month,54.6,584,2.6,1,Direct debit,0
NT-00128,18-24,37,Month-to-month,12.0,92,17.7,0,Bank transfer,0
NT-00129,35-44,27,Month-to-month,26.56,66,15.4,0,Credit card (tokenised),0
NT-00130,35-44,34,One-year,34.14,175,13.9,0,Bank transfer,0
NT-00131,25-34,20,Two-year,55.97,440,27.3,1,Direct debit,0
NT-00132,18-24,25,One-year,46.49,359,13.3,0,Credit card (tokenised),0
NT-00133,25-34,25,Month-to-month,18.34,593,19.7,1,Direct debit,0
NT-00134,65+,57,Month-to-month,36.61,316,7.1,1,Credit card (tokenised),0
NT-00135,25-34,16,One-year,46.66,162,12.0,0,Direct debit,0
NT-00136,35-44,7,Month-to-month,64.72,366,18.7,0,Credit card (tokenised),0
NT-00137,45-54,55,Month-to-month,33.92,465,2.4,1,Direct debit,0
NT-00138,35-44,31,One-year,23.79,422,7.5,0,Credit card (tokenised),1
NT-00139,65+,14,Month-to-month,41.87,433,9.0,0,Direct debit,0
NT-00140,65+,45,Month-to-month,37.48,500,23.0,0,Direct debit,0
NT-00141,25-34,38,Two-year,43.56,332,10.5,0,Direct debit,0
NT-00142,35-44,62,Two-year,46.29,593,2.8,0,Credit card (tokenised),0
NT-00143,25-34,32,Month-to-month,41.84,116,5.0,0,Direct debit,0
NT-00144,25-34,83,Month-to-month,44.34,612,7.4,1,Direct debit,0
NT-00145,18-24,27,One-year,57.63,599,7.3,1,Credit card (tokenised),0
NT-00146,45-54,38,One-year,34.51,318,19.5,0,Direct debit,0
NT-00147,35-44,41,Month-to-month,23.31,398,16.4,2,Credit card (tokenised),0
NT-00148,18-24,96,One-year,41.77,449,5.6,0,Direct debit,0
NT-00149,25-34,23,Two-year,22.62,1159,8.4,0,Bank transfer,0
NT-00150,65+,22,Month-to-month,24.54,302,5.5,0,Credit card (tokenised),0
NT-00151,25-34,42,Two-year,28.13,310,15.3,3,Credit card (tokenised),0
NT-00152,25-34,13,Two-year,22.99,150,10.0,1,Bank transfer,0
NT-00153,35-44,19,Month-to-month,52.02,738,4.2,1,Bank transfer,0
NT-00154,65+,27,One-year,38.59,427,25.1,1,Direct debit,0
NT-00155,25-34,61,Month-to-month,46.48,268,25.5,1,Direct debit,0
NT-00156,45-54,42,One-year,44.12,341,3.8,1,Direct debit,0
NT-00157,55-64,30,One-year,35.48,531,20.8,1,Direct debit,0
NT-00158,25-34,22,Month-to-month,49.53,357,5.6,0,Credit card (tokenised),1
NT-00159,45-54,73,One-year,32.21,425,14.0,2,Credit card (tokenised),0
NT-00160,35-44,28,One-year,35.98,169,3.9,0,Bank transfer,0
NT-00161,45-54,19,Month-to-month,29.51,184,4.0,2,Credit card (tokenised),0
NT-00162,45-54,79,Month-to-month,54.8,646,5.4,2,Credit card (tokenised),0
NT-00163,35-44,14,Month-to-month,36.71,221,18.8,0,Direct debit,0
NT-00164,18-24,53,One-year,45.18,489,1.6,1,Credit card (tokenised),1
NT-00165,55-64,29,Two-year,31.02,186,13.7,0,Credit card (tokenised),0
NT-00166,25-34,42,One-year,48.16,81,12.1,1,Credit card (tokenised),0
NT-00167,25-34,38,Month-to-month,47.27,584,19.5,1,Credit card (tokenised),0
NT-00168,18-24,41,Month-to-month,18.49,240,4.9,1,Direct debit,0
NT-00169,45-54,83,Month-to-month,38.05,788,19.8,3,Direct debit,1
NT-00170,45-54,77,Month-to-month,39.4,207,18.8,0,Direct debit,0
NT-00171,18-24,20,Month-to-month,34.4,134,6.9,1,Credit card (tokenised),0
NT-00172,35-44,37,Month-to-month,54.62,195,14.7,0,Direct debit,1
NT-00173,25-34,10,Month-to-month,23.39,340,4.1,0,Direct debit,0
NT-00174,45-54,43,Two-year,32.62,1094,7.9,0,Credit card (tokenised),0
NT-00175,25-34,48,One-year,27.81,724,5.7,0,Direct debit,0
NT-00176,45-54,7,One-year,50.36,575,3.7,0,Direct debit,0
NT-00177,35-44,28,Month-to-month,25.66,798,13.5,0,Credit card (tokenised),0
NT-00178,65+,41,Two-year,16.01,306,6.5,0,Bank transfer,0
NT-00179,18-24,35,One-year,43.18,242,20.5,0,Direct debit,0
NT-00180,25-34,14,Two-year,36.33,600,3.4,1,Credit card (tokenised),1
NT-00181,18-24,15,Month-to-month,50.48,327,18.1,0,Direct debit,0
NT-00182,65+,27,Month-to-month,47.75,190,9.3,0,Direct debit,0
NT-00183,55-64,23,Month-to-month,37.49,18,11.0,0,Direct debit,0
NT-00184,25-34,24,Month-to-month,20.68,176,4.6,1,Credit card (tokenised),0
NT-00185,45-54,13,One-year,23.62,446,8.9,1,Bank transfer,0
NT-00186,55-64,29,Two-year,16.72,190,11.1,0,Direct debit,0
NT-00187,35-44,61,Month-to-month,36.34,533,13.1,0,Credit card (tokenised),0
NT-00188,35-44,14,Month-to-month,30.1,129,13.5,0,Direct debit,0
NT-00189,25-34,26,One-year,35.83,179,12.0,0,Bank transfer,0
NT-00190,18-24,39,Month-to-month,40.08,802,22.2,2,Direct debit,1
NT-00191,55-64,11,One-year,60.78,571,3.3,0,Credit card (tokenised),0
NT-00192,65+,29,One-year,44.97,342,2.1,0,Direct debit,0
NT-00193,45-54,48,Month-to-month,38.86,342,25.0,0,Bank transfer,0
NT-00194,25-34,16,One-year,19.22,197,12.1,2,Direct debit,0
NT-00195,25-34,31,Month-to-month,38.31,654,19.4,2,Direct debit,1
NT-00196,45-54,46,Two-year,48.58,661,0.8,0,Credit card (tokenised),0
NT-00197,55-64,81,One-year,42.69,303,11.2,0,Bank transfer,0
NT-00198,55-64,30,Two-year,25.43,299,1.6,1,Bank transfer,0
NT-00199,55-64,19,Month-to-month,33.48,234,14.0,2,Direct debit,0
NT-00200,45-54,9,Month-to-month,38.88,391,12.2,1,Direct debit,0
NT-00201,18-24,19,Month-to-month,33.1,85,24.5,0,Bank transfer,0
NT-00202,25-34,12,Month-to-month,30.59,321,10.4,1,Direct debit,0
NT-00203,55-64,63,Two-year,12.23,577,20.0,1,Credit card (tokenised),0
NT-00204,45-54,45,Month-to-month,28.78,366,16.1,0,Direct debit,0
NT-00205,18-24,15,One-year,41.01,492,8.9,0,Credit card (tokenised),0
NT-00206,18-24,19,Month-to-month,48.5,415,12.4,1,Credit card (tokenised),0
NT-00207,45-54,30,Month-to-month,38.91,374,22.7,0,Credit card (tokenised),0
NT-00208,18-24,48,Two-year,50.71,336,44.2,1,Credit card (tokenised),0
NT-00209,25-34,37,Month-to-month,37.06,534,16.2,0,Credit card (tokenised),0
NT-00210,35-44,35,One-year,27.47,291,19.1,1,Credit card (tokenised),0
NT-00211,45-54,32,Month-to-month,32.31,171,14.3,1,Credit card (tokenised),0
NT-00212,45-54,15,Two-year,43.99,695,21.0,0,Credit card (tokenised),0
NT-00213,25-34,30,One-year,34.78,504,1.7,0,Credit card (tokenised),0
NT-00214,45-54,28,One-year,30.29,77,12.2,0,Credit card (tokenised),0
NT-00215,25-34,12,Month-to-month,19.31,395,10.4,2,Bank transfer,0
NT-00216,25-34,63,Month-to-month,27.28,71,10.0,0,Direct debit,0
NT-00217,45-54,21,Two-year,33.24,137,12.6,0,Credit card (tokenised),0
NT-00218,45-54,12,Two-year,31.02,420,11.8,1,Bank transfer,0
NT-00219,55-64,23,Month-to-month,26.3,678,11.9,0,Direct debit,0
NT-00220,45-54,25,Month-to-month,56.69,978,0.1,0,Credit card (tokenised),0
NT-00221,35-44,28,Month-to-month,45.2,804,22.6,2,Direct debit,1
NT-00222,18-24,25,Month-to-month,64.31,101,18.7,0,Direct debit,0
NT-00223,35-44,29,One-year,18.74,864,2.8,2,Direct debit,0
NT-00224,25-34,31,Month-to-month,41.76,534,5.6,0,Credit card (tokenised),0
NT-00225,25-34,30,Month-to-month,32.78,559,25.9,2,Direct debit,0
NT-00226,65+,35,One-year,38.24,226,6.7,0,Direct debit,0
NT-00227,35-44,36,Month-to-month,60.21,445,13.5,2,Direct debit,1
NT-00228,55-64,37,One-year,17.13,425,13.3,0,Direct debit,0
NT-00229,45-54,41,Two-year,31.13,441,6.6,0,Credit card (tokenised),0
NT-00230,55-64,19,Month-to-month,29.02,488,3.9,2,Direct debit,0
NT-00231,35-44,20,One-year,31.16,332,2.0,1,Bank transfer,0
NT-00232,35-44,48,Month-to-month,12.67,291,13.0,0,Direct debit,0
NT-00233,35-44,23,Month-to-month,53.42,354,14.6,0,Credit card (tokenised),0
NT-00234,25-34,27,Month-to-month,53.9,634,4.2,0,Direct debit,0
NT-00235,45-54,26,Month-to-month,44.98,554,15.2,0,Bank transfer,0
NT-00236,25-34,79,Month-to-month,21.94,614,10.1,1,Direct debit,0
NT-00237,18-24,18,Month-to-month,41.33,426,13.3,1,Credit card (tokenised),0
NT-00238,45-54,17,Two-year,48.39,180,9.3,0,Credit card (tokenised),0
NT-00239,25-34,29,One-year,42.66,232,10.4,1,Direct debit,0
NT-00240,65+,26,Two-year,37.41,551,11.4,0,Direct debit,0
NT-00241,65+,15,One-year,54.93,649,15.6,1,Credit card (tokenised),0
NT-00242,65+,27,Month-to-month,29.49,600,16.6,0,Credit card (tokenised),0
NT-00243,35-44,29,Month-to-month,35.97,355,4.6,0,Direct debit,0
NT-00244,18-24,22,Month-to-month,45.51,387,6.1,1,Credit card (tokenised),0
NT-00245,65+,27,Month-to-month,41.81,361,3.9,0,Credit card (tokenised),0
NT-00246,35-44,19,One-year,44.72,118,30.1,0,Bank transfer,0
NT-00247,65+,15,Month-to-month,44.4,166,4.2,2,Credit card (tokenised),0
NT-00248,65+,23,Month-to-month,44.3,477,2.2,2,Direct debit,0
NT-00249,55-64,16,Month-to-month,33.62,278,5.1,0,Direct debit,0
NT-00250,25-34,13,Month-to-month,29.63,69,32.9,0,Direct debit,0
NT-00251,35-44,9,Month-to-month,39.65,366,5.2,3,Direct debit,0
NT-00252,55-64,32,Month-to-month,56.13,176,5.7,0,Credit card (tokenised),0
NT-00253,25-34,23,One-year,37.7,160,16.5,2,Credit card (tokenised),1
NT-00254,25-34,48,Month-to-month,45.19,115,19.9,1,Credit card (tokenised),0
NT-00255,35-44,8,One-year,39.35,204,5.6,0,Credit card (tokenised),0
NT-00256,65+,24,Month-to-month,62.4,51,3.0,1,Direct debit,0
NT-00257,45-54,32,Month-to-month,36.35,176,6.0,1,Direct debit,1
NT-00258,35-44,20,One-year,45.23,480,13.8,0,Direct debit,0
NT-00259,18-24,28,One-year,29.37,415,10.6,0,Bank transfer,1
NT-00260,45-54,9,Month-to-month,24.55,602,18.6,1,Credit card (tokenised),0
NT-00261,65+,23,Two-year,37.92,437,14.5,1,Direct debit,0
NT-00262,25-34,18,Month-to-month,52.17,39,15.8,1,Direct debit,1
NT-00263,35-44,45,Month-to-month,45.6,274,16.8,0,Direct debit,0
NT-00264,55-64,31,One-year,12.96,260,14.6,1,Bank transfer,0
NT-00265,45-54,42,One-year,46.79,163,11.6,1,Direct debit,0
NT-00266,45-54,50,Month-to-month,19.62,116,12.6,1,Credit card (tokenised),0
NT-00267,45-54,22,Month-to-month,48.08,463,16.2,1,Direct debit,0
NT-00268,25-34,31,Two-year,44.53,321,4.6,2,Credit card (tokenised),0
NT-00269,25-34,15,Month-to-month,36.2,146,24.2,0,Bank transfer,0
NT-00270,55-64,35,Month-to-month,46.73,105,3.5,0,Direct debit,0
NT-00271,55-64,37,Month-to-month,34.83,541,3.0,0,Direct debit,0
NT-00272,55-64,34,Two-year,39.79,486,7.2,0,Direct debit,0
NT-00273,65+,22,Month-to-month,20.74,494,8.4,1,Direct debit,0
NT-00274,35-44,66,One-year,34.93,475,10.3,1,Credit card (tokenised),0
NT-00275,35-44,29,One-year,49.09,475,10.1,0,Direct debit,0
NT-00276,55-64,96,Month-to-month,22.03,444,6.3,0,Credit card (tokenised),0
NT-00277,45-54,15,One-year,47.82,220,5.7,0,Credit card (tokenised),0
NT-00278,45-54,39,Two-year,13.78,470,12.2,1,Direct debit,0
NT-00279,55-64,46,Month-to-month,23.72,351,18.7,2,Credit card (tokenised),0
NT-00280,55-64,15,Month-to-month,34.22,179,5.4,2,Credit card (tokenised),0
NT-00281,25-34,25,Two-year,39.84,325,1.4,2,Direct debit,0
NT-00282,35-44,12,One-year,31.13,649,3.2,0,Direct debit,0
NT-00283,18-24,51,Month-to-month,30.8,388,6.0,1,Direct debit,0
NT-00284,35-44,27,One-year,51.29,418,2.4,1,Direct debit,0
NT-00285,18-24,18,One-year,52.26,155,15.2,0,Direct debit,1
NT-00286,35-44,46,One-year,32.91,187,6.1,0,Credit card (tokenised),0
NT-00287,35-44,29,Two-year,33.27,352,16.1,1,Direct debit,0
NT-00288,25-34,43,Month-to-month,34.56,294,11.4,1,Credit card (tokenised),0
NT-00289,45-54,36,Month-to-month,64.61,266,16.3,0,Credit card (tokenised),0
NT-00290,18-24,16,One-year,38.2,156,17.0,0,Direct debit,0
NT-00291,18-24,21,Month-to-month,56.85,184,29.3,1,Direct debit,0
NT-00292,55-64,18,One-year,46.78,110,0.4,1,Direct debit,0
NT-00293,35-44,15,Month-to-month,36.74,232,15.4,0,Direct debit,0
NT-00294,18-24,10,Month-to-month,30.23,295,12.2,1,Credit card (tokenised),1
NT-00295,35-44,72,Month-to-month,47.35,309,20.3,0,Direct debit,0
NT-00296,55-64,33,One-year,28.57,637,3.6,1,Direct debit,0
NT-00297,25-34,36,One-year,33.36,65,6.6,1,Credit card (tokenised),0
NT-00298,45-54,49,Month-to-month,45.91,846,12.0,2,Credit card (tokenised),1
NT-00299,18-24,21,Month-to-month,35.11,475,9.9,0,Credit card (tokenised),0
NT-00300,18-24,13,Month-to-month,33.26,340,3.6,1,Credit card (tokenised),0
NT-00301,35-44,41,One-year,34.3,175,5.1,1,Direct debit,1
NT-00302,35-44,14,Month-to-month,29.76,241,22.9,0,Direct debit,0
NT-00303,45-54,41,One-year,43.39,469,5.0,0,Direct debit,0
NT-00304,45-54,12,Month-to-month,38.43,197,16.5,1,Credit card (tokenised),0
NT-00305,65+,13,Month-to-month,21.73,495,2.0,1,Credit card (tokenised),0
NT-00306,35-44,20,One-year,32.15,320,6.3,1,Credit card (tokenised),0
NT-00307,25-34,40,Month-to-month,33.6,319,4.9,2,Credit card (tokenised),0
NT-00308,55-64,61,Month-to-month,33.51,470,10.3,1,Credit card (tokenised),0
NT-00309,25-34,36,Month-to-month,45.19,147,5.0,2,Direct debit,1
NT-00310,35-44,21,Month-to-month,29.57,262,5.0,0,Direct debit,0
NT-00311,18-24,45,Month-to-month,70.45,296,29.9,0,Bank transfer,0
NT-00312,18-24,11,Month-to-month,54.63,457,4.6,0,Credit card (tokenised),0
NT-00313,65+,17,One-year,54.57,606,18.2,0,Credit card (tokenised),0
NT-00314,55-64,30,One-year,25.6,138,16.4,0,Direct debit,0
NT-00315,45-54,42,One-year,13.63,322,12.2,0,Credit card (tokenised),1
NT-00316,35-44,26,Month-to-month,33.93,130,9.0,1,Credit card (tokenised),0
NT-00317,25-34,24,One-year,41.52,320,10.4,0,Credit card (tokenised),0
NT-00318,25-34,25,One-year,36.06,420,5.9,0,Direct debit,0
NT-00319,25-34,49,Month-to-month,31.64,241,6.4,2,Direct debit,0
NT-00320,35-44,19,One-year,17.11,624,6.5,4,Direct debit,0
NT-00321,45-54,16,Two-year,29.93,423,9.0,1,Credit card (tokenised),0
NT-00322,45-54,25,Month-to-month,35.08,404,18.4,1,Bank transfer,0
NT-00323,25-34,52,Two-year,32.06,347,24.1,0,Direct debit,0
NT-00324,65+,20,Month-to-month,31.99,465,6.7,1,Credit card (tokenised),0
NT-00325,45-54,25,Month-to-month,28.42,653,4.1,1,Direct debit,0
NT-00326,35-44,11,Month-to-month,57.86,361,16.8,3,Direct debit,1
NT-00327,45-54,26,One-year,46.5,250,4.6,1,Direct debit,0
NT-00328,35-44,32,Month-to-month,49.47,1077,6.8,0,Credit card (tokenised),0
NT-00329,25-34,14,Two-year,41.27,355,7.4,2,Direct debit,0
NT-00330,25-34,49,One-year,21.98,295,7.4,3,Credit card (tokenised),0
NT-00331,45-54,32,One-year,46.86,451,12.9,0,Direct debit,0
NT-00332,18-24,22,Month-to-month,54.18,84,19.8,0,Credit card (tokenised),1
NT-00333,18-24,32,Two-year,55.93,131,31.6,4,Bank transfer,1
NT-00334,18-24,37,One-year,45.48,69,10.9,2,Bank transfer,0
NT-00335,18-24,9,Month-to-month,38.01,81,3.7,0,Credit card (tokenised),1
NT-00336,55-64,33,One-year,37.98,166,16.7,1,Credit card (tokenised),0
NT-00337,45-54,51,One-year,44.23,241,4.0,1,Credit card (tokenised),0
NT-00338,35-44,19,One-year,18.31,234,4.7,2,Direct debit,0
NT-00339,18-24,22,Month-to-month,45.66,300,1.4,4,Direct debit,1
NT-00340,35-44,24,Month-to-month,32.17,391,12.1,1,Bank transfer,0
NT-00341,35-44,42,Month-to-month,64.51,247,16.0,1,Credit card (tokenised),0
NT-00342,25-34,15,Month-to-month,34.39,399,6.4,2,Direct debit,0
NT-00343,35-44,36,One-year,40.33,650,10.0,1,Direct debit,0
NT-00344,35-44,24,Two-year,39.74,921,20.0,1,Direct debit,0
NT-00345,45-54,63,Two-year,29.69,715,16.7,1,Direct debit,0
NT-00346,45-54,25,One-year,43.49,851,4.8,0,Bank transfer,0
NT-00347,18-24,6,One-year,42.11,304,10.6,2,Direct debit,1
NT-00348,35-44,39,Month-to-month,50.27,91,14.3,0,Direct debit,0
NT-00349,45-54,35,One-year,46.65,288,5.1,0,Direct debit,0
NT-00350,35-44,31,Month-to-month,40.25,156,2.1,2,Bank transfer,1
NT-00351,55-64,50,Month-to-month,28.17,307,8.3,1,Bank transfer,0
NT-00352,45-54,10,One-year,28.52,130,15.5,0,Direct debit,0
NT-00353,25-34,17,Month-to-month,57.88,343,10.8,4,Credit card (tokenised),0
NT-00354,18-24,28,Month-to-month,39.05,190,6.0,0,Bank transfer,0
NT-00355,45-54,31,One-year,62.92,189,16.0,0,Credit card (tokenised),0
NT-00356,18-24,26,Month-to-month,28.18,606,41.7,1,Credit card (tokenised),1
NT-00357,45-54,11,Month-to-month,64.33,349,27.6,0,Credit card (tokenised),0
NT-00358,65+,22,Month-to-month,26.68,318,14.0,0,Direct debit,0
NT-00359,35-44,61,Month-to-month,32.74,520,13.3,1,Direct debit,0
NT-00360,35-44,15,Month-to-month,43.31,394,8.4,0,Credit card (tokenised),0
NT-00361,45-54,28,One-year,49.97,514,11.0,2,Bank transfer,0
NT-00362,35-44,36,Month-to-month,46.14,291,1.0,1,Credit card (tokenised),0
NT-00363,35-44,42,One-year,15.04,495,14.5,2,Direct debit,0
NT-00364,65+,39,Month-to-month,31.13,96,19.0,1,Direct debit,0
NT-00365,35-44,21,Month-to-month,24.25,288,3.9,2,Credit card (tokenised),1
NT-00366,65+,17,One-year,21.42,376,4.7,0,Direct debit,0
NT-00367,65+,63,One-year,37.81,241,1.1,2,Direct debit,0
NT-00368,25-34,44,One-year,12.66,295,8.2,0,Direct debit,0
NT-00369,18-24,29,Two-year,50.0,532,9.9,0,Direct debit,0
NT-00370,18-24,55,Month-to-month,46.94,541,11.1,1,Direct debit,0
NT-00371,18-24,11,Month-to-month,57.43,375,8.8,0,Direct debit,0
NT-00372,18-24,13,Two-year,25.2,669,1.1,1,Credit card (tokenised),0
NT-00373,45-54,7,Month-to-month,26.38,151,0.4,1,Credit card (tokenised),0
NT-00374,18-24,30,Month-to-month,50.63,269,8.3,0,Credit card (tokenised),0
NT-00375,25-34,31,Month-to-month,51.53,275,6.2,1,Direct debit,1
NT-00376,55-64,12,One-year,54.18,633,13.1,3,Direct debit,0
NT-00377,18-24,43,Month-to-month,51.85,423,8.3,2,Direct debit,0
NT-00378,55-64,8,Month-to-month,40.63,736,7.4,1,Direct debit,0
NT-00379,25-34,34,Month-to-month,32.48,100,2.2,0,Direct debit,0
NT-00380,18-24,38,One-year,46.82,382,12.4,1,Direct debit,0
NT-00381,45-54,30,Month-to-month,32.7,322,8.8,0,Credit card (tokenised),0
NT-00382,45-54,11,Month-to-month,39.26,40,23.6,0,Credit card (tokenised),0
NT-00383,55-64,50,One-year,33.42,187,11.8,1,Direct debit,0
NT-00384,45-54,21,Two-year,41.2,152,5.9,1,Direct debit,0
NT-00385,55-64,22,One-year,52.9,421,7.7,1,Direct debit,0
NT-00386,25-34,19,One-year,33.81,616,12.8,1,Direct debit,0
NT-00387,25-34,40,Month-to-month,31.98,253,21.1,1,Direct debit,0
NT-00388,45-54,21,Month-to-month,36.73,148,5.3,0,Direct debit,0
NT-00389,55-64,14,Month-to-month,23.85,128,19.8,0,Credit card (tokenised),0
NT-00390,65+,45,One-year,45.97,758,16.8,2,Bank transfer,0
NT-00391,35-44,27,Month-to-month,39.4,202,41.0,1,Credit card (tokenised),0
NT-00392,35-44,46,One-year,37.58,20,6.3,1,Direct debit,0
NT-00393,55-64,29,Two-year,41.94,218,11.3,4,Credit card (tokenised),0
NT-00394,25-34,19,Month-to-month,20.31,98,9.3,0,Credit card (tokenised),0
NT-00395,65+,9,Month-to-month,54.81,331,25.3,0,Bank transfer,1
NT-00396,55-64,31,Month-to-month,31.76,312,2.9,0,Direct debit,0
NT-00397,35-44,24,Month-to-month,33.5,252,25.2,0,Credit card (tokenised),0
NT-00398,45-54,41,Month-to-month,48.38,111,4.7,1,Direct debit,0
NT-00399,45-54,20,Two-year,45.33,305,15.6,1,Credit card (tokenised),0
NT-00400,18-24,34,Month-to-month,61.99,275,18.1,1,Direct debit,0
NT-00401,65+,28,Month-to-month,26.42,295,6.0,2,Direct debit,0
NT-00402,35-44,18,Month-to-month,26.75,233,4.4,0,Bank transfer,0
NT-00403,55-64,21,Two-year,23.65,475,3.9,0,Credit card (tokenised),0
NT-00404,25-34,13,One-year,39.6,550,3.8,1,Bank transfer,0
NT-00405,55-64,65,Two-year,34.75,127,19.0,2,Credit card (tokenised),0
NT-00406,35-44,34,Two-year,29.66,456,6.5,2,Credit card (tokenised),0
NT-00407,18-24,12,Month-to-month,37.21,568,3.4,0,Credit card (tokenised),0
NT-00408,65+,63,Month-to-month,25.61,973,18.3,1,Credit card (tokenised),0
NT-00409,18-24,15,Month-to-month,56.55,347,6.9,2,Credit card (tokenised),0
NT-00410,25-34,20,Month-to-month,29.61,236,15.5,1,Direct debit,0
NT-00411,65+,25,One-year,31.15,502,4.3,0,Direct debit,1
NT-00412,65+,28,Month-to-month,12.0,239,8.1,0,Direct debit,0
NT-00413,35-44,40,Month-to-month,18.25,587,4.5,0,Direct debit,0
NT-00414,45-54,8,One-year,30.94,293,5.4,0,Direct debit,0
NT-00415,35-44,29,One-year,34.33,190,9.6,3,Credit card (tokenised),1
NT-00416,25-34,24,One-year,46.63,334,22.7,0,Direct debit,0
NT-00417,25-34,31,Month-to-month,20.05,269,22.8,0,Credit card (tokenised),1
NT-00418,45-54,23,One-year,43.43,254,7.3,0,Direct debit,0
NT-00419,45-54,22,Month-to-month,45.49,70,12.6,0,Credit card (tokenised),0
NT-00420,55-64,26,Month-to-month,46.12,563,4.6,1,Credit card (tokenised),0
NT-00421,55-64,62,One-year,50.43,560,15.3,0,Credit card (tokenised),0
NT-00422,18-24,22,Two-year,24.06,413,23.1,1,Direct debit,1
NT-00423,35-44,49,Month-to-month,44.49,434,3.9,1,Credit card (tokenised),0
NT-00424,18-24,30,Month-to-month,59.18,169,11.2,0,Credit card (tokenised),0
NT-00425,35-44,29,Month-to-month,54.8,42,0.8,0,Bank transfer,0
NT-00426,35-44,31,Month-to-month,60.7,355,18.0,0,Credit card (tokenised),1
NT-00427,55-64,36,Two-year,40.89,289,2.8,0,Credit card (tokenised),0
NT-00428,25-34,23,Month-to-month,30.9,351,4.0,0,Credit card (tokenised),1
NT-00429,18-24,47,One-year,12.0,31,6.3,0,Direct debit,0
NT-00430,25-34,36,One-year,23.09,466,3.2,1,Credit card (tokenised),0
NT-00431,55-64,13,One-year,31.7,167,5.9,0,Direct debit,0
NT-00432,45-54,6,Month-to-month,33.86,143,15.3,1,Credit card (tokenised),0
NT-00433,18-24,61,Month-to-month,28.5,803,2.8,0,Credit card (tokenised),0
NT-00434,18-24,31,Month-to-month,42.07,694,16.1,0,Credit card (tokenised),1
NT-00435,45-54,12,Month-to-month,40.34,69,0.7,1,Direct debit,0
NT-00436,18-24,22,Month-to-month,38.49,195,8.5,2,Credit card (tokenised),1
NT-00437,55-64,44,One-year,47.42,256,5.5,0,Direct debit,0
NT-00438,45-54,25,Month-to-month,32.36,648,29.2,2,Credit card (tokenised),0
NT-00439,18-24,27,One-year,51.15,487,3.0,0,Direct debit,0
NT-00440,18-24,40,Month-to-month,23.55,114,12.7,2,Direct debit,0
NT-00441,65+,33,One-year,34.36,331,3.1,1,Direct debit,0
NT-00442,35-44,37,Two-year,41.82,257,9.0,1,Direct debit,0
NT-00443,35-44,40,Month-to-month,14.98,262,8.3,0,Direct debit,0
NT-00444,55-64,19,Two-year,31.95,206,9.8,0,Direct debit,0
NT-00445,65+,20,One-year,46.54,258,23.4,1,Direct debit,0
NT-00446,65+,18,One-year,32.87,457,8.6,0,Bank transfer,0
NT-00447,45-54,20,One-year,16.13,278,9.1,1,Direct debit,0
NT-00448,35-44,26,Month-to-month,27.35,295,18.7,0,Credit card (tokenised),0
NT-00449,18-24,27,Month-to-month,21.86,489,17.4,0,Direct debit,0
NT-00450,55-64,54,Month-to-month,43.95,399,21.0,0,Credit card (tokenised),0
NT-00451,35-44,32,Month-to-month,39.41,492,10.5,1,Credit card (tokenised),0
NT-00452,35-44,26,Two-year,19.26,170,7.8,1,Credit card (tokenised),0
NT-00453,65+,15,One-year,18.34,315,13.9,1,Direct debit,0
NT-00454,18-24,24,Month-to-month,29.3,309,7.7,1,Bank transfer,0
NT-00455,35-44,63,One-year,38.38,281,1.3,1,Direct debit,0
NT-00456,18-24,63,One-year,29.94,249,1.5,2,Credit card (tokenised),0
NT-00457,35-44,24,Month-to-month,42.2,681,11.0,0,Credit card (tokenised),0
NT-00458,18-24,10,Month-to-month,41.79,232,5.3,1,Bank transfer,1
NT-00459,18-24,22,Month-to-month,44.39,586,3.7,0,Direct debit,0
NT-00460,18-24,54,Two-year,21.04,867,1.7,0,Direct debit,0
NT-00461,45-54,26,One-year,34.69,146,3.2,0,Credit card (tokenised),1
NT-00462,45-54,40,Month-to-month,50.91,112,9.7,0,Bank transfer,0
NT-00463,45-54,28,Month-to-month,29.94,60,25.4,1,Direct debit,1
NT-00464,65+,12,One-year,28.24,581,9.9,0,Direct debit,0
NT-00465,35-44,28,Two-year,32.14,590,7.6,3,Direct debit,0
NT-00466,25-34,42,One-year,31.84,152,5.8,1,Direct debit,0
NT-00467,55-64,20,One-year,39.46,496,15.8,2,Direct debit,1
NT-00468,25-34,42,Month-to-month,31.02,186,7.3,1,Credit card (tokenised),0
NT-00469,65+,29,Month-to-month,13.76,323,6.6,0,Direct debit,0
NT-00470,18-24,41,Month-to-month,52.22,559,3.8,1,Credit card (tokenised),0
NT-00471,65+,33,One-year,44.08,401,5.1,0,Direct debit,0
NT-00472,18-24,16,Month-to-month,39.79,173,14.2,1,Credit card (tokenised),0
NT-00473,55-64,24,One-year,36.87,335,11.6,1,Credit card (tokenised),0
NT-00474,35-44,23,Month-to-month,34.13,246,9.0,0,Credit card (tokenised),0
NT-00475,65+,20,One-year,28.4,493,9.5,0,Credit card (tokenised),0
NT-00476,18-24,32,Month-to-month,15.47,394,6.2,1,Bank transfer,0
NT-00477,35-44,69,Month-to-month,57.53,392,12.6,1,Direct debit,0
NT-00478,65+,47,One-year,38.25,166,10.1,2,Bank transfer,0
NT-00479,35-44,51,Month-to-month,18.67,162,3.4,2,Direct debit,1
NT-00480,45-54,19,Two-year,25.69,350,7.8,0,Credit card (tokenised),0
NT-00481,45-54,51,One-year,41.65,532,4.9,0,Direct debit,1
NT-00482,35-44,59,Month-to-month,41.41,760,21.2,0,Direct debit,0
NT-00483,45-54,19,One-year,29.03,82,13.4,2,Credit card (tokenised),0
NT-00484,45-54,35,Two-year,25.07,325,20.7,0,Bank transfer,0
NT-00485,65+,36,Month-to-month,31.13,561,4.4,0,Direct debit,0
NT-00486,18-24,25,Two-year,14.85,466,18.8,2,Credit card (tokenised),0
NT-00487,25-34,31,Month-to-month,32.29,385,6.3,2,Credit card (tokenised),0
NT-00488,65+,36,Month-to-month,32.42,555,2.6,0,Direct debit,0
NT-00489,55-64,26,One-year,56.32,155,8.6,2,Direct debit,0
NT-00490,35-44,46,Month-to-month,32.59,475,6.5,0,Credit card (tokenised),0
NT-00491,45-54,13,Month-to-month,41.03,577,6.7,0,Direct debit,0
NT-00492,25-34,23,Month-to-month,57.18,137,7.9,1,Credit card (tokenised),0
NT-00493,25-34,40,Month-to-month,25.19,394,18.2,1,Direct debit,0
NT-00494,35-44,65,One-year,30.5,496,12.0,0,Direct debit,0
NT-00495,25-34,48,One-year,31.53,522,13.7,2,Credit card (tokenised),0
NT-00496,45-54,30,Two-year,17.91,76,12.6,0,Bank transfer,0
NT-00497,18-24,26,One-year,34.86,210,4.5,1,Direct debit,1
NT-00498,65+,24,Month-to-month,51.96,37,1.0,1,Credit card (tokenised),0
NT-00499,65+,24,Month-to-month,48.15,677,7.9,1,Credit card (tokenised),0
NT-00500,45-54,9,Month-to-month,52.19,255,12.3,0,Credit card (tokenised),0
NT-00501,35-44,64,One-year,30.39,156,10.6,1,Direct debit,0
NT-00502,25-34,27,Month-to-month,24.45,144,9.5,2,Bank transfer,1
NT-00503,55-64,18,Month-to-month,65.07,217,13.2,2,Direct debit,0
NT-00504,45-54,35,Two-year,40.58,578,8.7,1,Bank transfer,1
NT-00505,25-34,19,One-year,18.65,170,9.2,0,Credit card (tokenised),0
NT-00506,65+,44,Month-to-month,68.72,730,4.9,0,Bank transfer,0
NT-00507,55-64,18,Month-to-month,36.92,113,21.6,1,Credit card (tokenised),0
NT-00508,65+,41,Two-year,12.0,1007,1.8,0,Bank transfer,0
NT-00509,45-54,24,Two-year,55.45,220,18.6,3,Credit card (tokenised),0
NT-00510,45-54,33,Month-to-month,12.0,740,1.7,1,Bank transfer,0
NT-00511,35-44,43,Month-to-month,41.46,678,15.1,1,Credit card (tokenised),0
NT-00512,65+,21,One-year,48.11,676,9.1,1,Bank transfer,0
NT-00513,55-64,42,One-year,46.18,304,17.3,1,Direct debit,0
NT-00514,18-24,9,One-year,56.67,126,14.4,1,Credit card (tokenised),0
NT-00515,18-24,57,Month-to-month,50.21,369,3.0,0,Credit card (tokenised),0
NT-00516,35-44,46,Two-year,60.28,184,0.8,0,Credit card (tokenised),0
NT-00517,55-64,27,Month-to-month,36.88,680,5.2,0,Credit card (tokenised),0
NT-00518,65+,50,Month-to-month,33.04,357,7.0,2,Direct debit,0
NT-00519,25-34,47,One-year,33.84,325,11.6,0,Credit card (tokenised),0
NT-00520,45-54,28,Month-to-month,54.48,192,8.1,1,Direct debit,0
NT-00521,35-44,28,Two-year,30.33,239,5.5,0,Credit card (tokenised),0
NT-00522,65+,17,Month-to-month,48.17,447,10.5,2,Credit card (tokenised),0
NT-00523,55-64,29,One-year,27.68,403,17.5,1,Credit card (tokenised),0
NT-00524,55-64,12,Month-to-month,27.9,497,17.5,2,Credit card (tokenised),0
NT-00525,35-44,41,One-year,52.21,520,9.3,1,Credit card (tokenised),0
NT-00526,35-44,41,Month-to-month,43.24,548,11.5,1,Direct debit,0
NT-00527,25-34,10,One-year,12.08,141,0.9,0,Credit card (tokenised),0
NT-00528,18-24,54,One-year,27.75,414,14.2,1,Credit card (tokenised),0
NT-00529,55-64,20,Month-to-month,12.0,397,26.5,0,Direct debit,0
NT-00530,55-64,96,Month-to-month,33.49,110,7.8,1,Direct debit,0
NT-00531,65+,32,Month-to-month,34.72,429,13.3,1,Bank transfer,1
NT-00532,65+,55,One-year,32.31,673,11.3,3,Credit card (tokenised),0
NT-00533,35-44,17,Month-to-month,52.48,436,8.7,0,Credit card (tokenised),0
NT-00534,55-64,24,Month-to-month,42.96,118,14.4,2,Credit card (tokenised),0
NT-00535,65+,21,Month-to-month,67.59,185,5.5,0,Credit card (tokenised),0
NT-00536,55-64,11,Two-year,44.41,380,7.0,0,Direct debit,0
NT-00537,25-34,13,Month-to-month,44.63,164,5.6,1,Bank transfer,1
NT-00538,35-44,26,Month-to-month,41.26,457,29.7,1,Direct debit,1
NT-00539,18-24,34,One-year,34.77,328,4.5,2,Credit card (tokenised),1
NT-00540,65+,16,One-year,30.2,541,13.3,1,Credit card (tokenised),0
NT-00541,45-54,23,Month-to-month,35.18,268,4.3,0,Credit card (tokenised),0
NT-00542,25-34,19,Two-year,35.73,386,10.4,1,Direct debit,0
NT-00543,45-54,27,One-year,36.87,203,12.4,2,Bank transfer,1
NT-00544,45-54,39,Month-to-month,45.63,902,1.4,0,Credit card (tokenised),0
NT-00545,25-34,30,Month-to-month,41.6,320,2.6,1,Credit card (tokenised),0
NT-00546,18-24,21,Two-year,31.8,136,4.3,2,Credit card (tokenised),0
NT-00547,45-54,46,Month-to-month,29.14,586,2.9,2,Credit card (tokenised),0
NT-00548,35-44,34,Month-to-month,40.69,262,3.8,2,Credit card (tokenised),0
NT-00549,55-64,30,Month-to-month,26.88,569,11.0,1,Credit card (tokenised),0
NT-00550,35-44,16,One-year,32.88,265,5.9,0,Credit card (tokenised),0
NT-00551,55-64,44,One-year,31.62,64,14.3,0,Credit card (tokenised),0
NT-00552,35-44,35,One-year,67.11,162,25.1,0,Direct debit,0
NT-00553,35-44,36,Month-to-month,22.71,316,2.6,0,Direct debit,1
NT-00554,55-64,25,One-year,28.49,129,26.8,1,Credit card (tokenised),0
NT-00555,35-44,23,One-year,31.33,258,15.9,0,Bank transfer,0
NT-00556,18-24,64,Month-to-month,32.58,527,12.8,0,Bank transfer,0
NT-00557,18-24,22,One-year,50.0,422,8.8,1,Credit card (tokenised),0
NT-00558,45-54,14,Month-to-month,34.95,349,9.9,1,Direct debit,0
NT-00559,45-54,31,One-year,22.11,263,3.7,0,Credit card (tokenised),0
NT-00560,45-54,28,Month-to-month,55.17,700,9.4,0,Direct debit,0
NT-00561,25-34,47,One-year,41.16,355,20.4,0,Direct debit,0
NT-00562,18-24,26,Two-year,43.05,205,4.0,0,Direct debit,1
NT-00563,18-24,39,Two-year,45.81,517,13.7,1,Direct debit,0
NT-00564,25-34,56,Month-to-month,23.22,443,18.0,1,Direct debit,0
NT-00565,45-54,34,Month-to-month,37.92,184,4.9,1,Credit card (tokenised),0
NT-00566,35-44,16,Month-to-month,47.85,625,11.7,1,Direct debit,0
NT-00567,35-44,9,Two-year,30.32,361,14.1,2,Direct debit,0
NT-00568,65+,35,One-year,41.68,390,28.1,0,Direct debit,0
NT-00569,25-34,23,Month-to-month,44.52,649,20.6,1,Direct debit,0
NT-00570,35-44,32,Month-to-month,20.48,120,20.3,1,Credit card (tokenised),0
NT-00571,55-64,28,Two-year,25.61,192,6.9,0,Direct debit,0
NT-00572,35-44,14,Month-to-month,12.0,655,13.4,1,Direct debit,1
NT-00573,45-54,26,Month-to-month,40.72,182,8.7,1,Credit card (tokenised),0
NT-00574,55-64,16,Month-to-month,60.62,326,2.4,0,Direct debit,0
NT-00575,65+,22,Month-to-month,29.69,708,4.2,0,Credit card (tokenised),1
NT-00576,25-34,44,One-year,35.69,151,9.3,2,Direct debit,0
NT-00577,65+,29,Two-year,50.16,68,8.0,0,Direct debit,0
NT-00578,35-44,37,Two-year,41.19,138,26.5,1,Direct debit,0
NT-00579,25-34,31,Month-to-month,26.32,323,9.9,0,Direct debit,0
NT-00580,35-44,24,One-year,56.32,279,17.9,0,Direct debit,0
NT-00581,65+,32,Month-to-month,40.37,260,11.9,2,Credit card (tokenised),1
NT-00582,35-44,10,Month-to-month,35.21,244,12.7,0,Credit card (tokenised),1
NT-00583,25-34,41,Two-year,36.21,180,16.0,0,Credit card (tokenised),0
NT-00584,45-54,18,Month-to-month,45.09,250,7.9,0,Direct debit,0
NT-00585,25-34,36,Month-to-month,30.64,411,9.0,3,Credit card (tokenised),0
NT-00586,18-24,24,Two-year,56.86,491,6.9,1,Bank transfer,0
NT-00587,18-24,14,Month-to-month,53.1,437,8.8,2,Direct debit,0
NT-00588,18-24,20,One-year,38.1,246,10.1,0,Direct debit,0
NT-00589,25-34,36,Two-year,38.74,282,11.8,0,Credit card (tokenised),0
NT-00590,18-24,74,Month-to-month,27.85,528,9.8,0,Direct debit,0
NT-00591,45-54,27,Month-to-month,30.35,524,10.5,1,Credit card (tokenised),0
NT-00592,25-34,70,Month-to-month,24.38,857,11.7,2,Direct debit,0
NT-00593,25-34,10,Month-to-month,35.55,261,0.2,2,Direct debit,0
NT-00594,55-64,25,Month-to-month,38.75,131,5.8,0,Direct debit,0
NT-00595,35-44,27,One-year,18.92,338,6.1,1,Credit card (tokenised),0
NT-00596,45-54,37,Month-to-month,46.27,452,11.6,1,Direct debit,0
NT-00597,25-34,20,Month-to-month,27.55,549,13.3,4,Credit card (tokenised),0
NT-00598,25-34,34,One-year,42.94,228,4.0,1,Bank transfer,0
NT-00599,18-24,25,One-year,47.69,372,17.6,2,Credit card (tokenised),0
NT-00600,25-34,51,Two-year,53.68,480,12.8,1,Credit card (tokenised),0
NT-00601,25-34,31,Month-to-month,51.16,320,4.4,0,Credit card (tokenised),0
NT-00602,25-34,93,One-year,57.88,280,6.3,3,Direct debit,0
NT-00603,18-24,25,One-year,47.79,416,8.6,0,Credit card (tokenised),0
NT-00604,18-24,49,Month-to-month,40.01,64,16.3,0,Bank transfer,0
NT-00605,35-44,57,Month-to-month,32.33,266,14.2,0,Credit card (tokenised),0
NT-00606,25-34,5,Month-to-month,36.57,935,4.4,0,Direct debit,1
NT-00607,35-44,41,One-year,57.55,401,18.4,1,Direct debit,0
NT-00608,35-44,14,Month-to-month,35.63,949,9.8,1,Direct debit,0
NT-00609,45-54,25,Two-year,37.94,354,18.9,0,Credit card (tokenised),0
NT-00610,18-24,15,One-year,55.71,623,10.4,0,Direct debit,1
NT-00611,55-64,51,Two-year,35.2,244,3.8,1,Direct debit,0
NT-00612,45-54,21,Month-to-month,28.46,267,12.6,1,Credit card (tokenised),0
NT-00613,18-24,10,Month-to-month,51.6,210,28.6,1,Credit card (tokenised),1
NT-00614,55-64,31,Month-to-month,28.07,597,5.8,0,Credit card (tokenised),0
NT-00615,65+,55,Month-to-month,42.85,176,4.6,1,Credit card (tokenised),0
NT-00616,18-24,15,Two-year,40.75,86,7.5,0,Direct debit,0
NT-00617,25-34,43,Month-to-month,41.79,557,12.9,0,Direct debit,0
NT-00618,55-64,8,Month-to-month,12.0,165,33.2,0,Bank transfer,1
NT-00619,45-54,57,Month-to-month,47.37,510,18.9,0,Credit card (tokenised),0
NT-00620,25-34,35,Month-to-month,37.29,276,3.8,0,Credit card (tokenised),0
NT-00621,25-34,14,One-year,45.4,1224,22.4,0,Direct debit,0
NT-00622,35-44,41,One-year,44.01,854,12.8,0,Direct debit,0
NT-00623,35-44,21,One-year,41.79,1409,12.5,1,Credit card (tokenised),0
NT-00624,45-54,17,Month-to-month,33.23,151,7.9,0,Bank transfer,1
NT-00625,35-44,21,Two-year,33.37,319,7.0,0,Direct debit,0
NT-00626,35-44,39,One-year,37.35,85,9.9,2,Bank transfer,0
NT-00627,45-54,16,Month-to-month,40.06,427,25.4,1,Direct debit,0
NT-00628,18-24,6,Month-to-month,32.91,165,2.5,1,Direct debit,0
NT-00629,25-34,22,Two-year,49.32,331,13.4,1,Direct debit,0
NT-00630,45-54,52,One-year,34.07,52,11.4,1,Direct debit,0
NT-00631,55-64,52,One-year,26.24,56,9.7,1,Bank transfer,0
NT-00632,35-44,21,Month-to-month,45.14,182,18.1,1,Direct debit,0
NT-00633,35-44,21,Month-to-month,60.57,201,2.8,1,Direct debit,0
NT-00634,18-24,20,One-year,23.99,701,22.6,2,Direct debit,1
NT-00635,35-44,19,One-year,36.5,251,0.4,2,Direct debit,0
NT-00636,35-44,20,Month-to-month,50.77,454,8.1,0,Direct debit,0
NT-00637,25-34,32,One-year,44.84,79,2.4,0,Direct debit,0
NT-00638,25-34,53,Month-to-month,45.45,390,7.6,1,Direct debit,0
NT-00639,35-44,16,One-year,38.37,374,24.0,1,Direct debit,1
NT-00640,18-24,18,Two-year,12.0,497,6.7,0,Bank transfer,0
NT-00641,25-34,34,Two-year,41.09,363,4.0,3,Direct debit,0
NT-00642,25-34,40,Month-to-month,42.48,903,21.9,2,Credit card (tokenised),0
NT-00643,25-34,12,Month-to-month,51.51,260,11.3,0,Credit card (tokenised),0
NT-00644,18-24,63,One-year,28.99,172,7.8,1,Bank transfer,0
NT-00645,55-64,24,One-year,58.19,512,4.7,2,Direct debit,0
NT-00646,45-54,12,Month-to-month,34.27,394,10.4,1,Credit card (tokenised),0
NT-00647,45-54,11,Two-year,32.21,177,8.1,1,Direct debit,0
NT-00648,55-64,11,Month-to-month,29.35,458,12.9,1,Credit card (tokenised),0
NT-00649,35-44,49,Month-to-month,50.56,604,1.9,2,Direct debit,0
NT-00650,18-24,29,Month-to-month,24.85,404,11.2,2,Direct debit,0
NT-00651,35-44,49,Month-to-month,45.58,363,18.8,0,Credit card (tokenised),0
NT-00652,45-54,27,Month-to-month,28.31,115,1.7,1,Direct debit,0
NT-00653,45-54,48,Two-year,37.47,255,27.4,1,Bank transfer,0
NT-00654,35-44,26,Month-to-month,19.7,169,4.6,0,Direct debit,0
NT-00655,18-24,3,Month-to-month,47.42,466,2.3,0,Credit card (tokenised),1
NT-00656,25-34,37,One-year,36.2,118,7.2,0,Credit card (tokenised),0
NT-00657,35-44,28,One-year,44.69,126,3.6,0,Direct debit,1
NT-00658,45-54,25,One-year,35.85,158,4.2,0,Bank transfer,0
NT-00659,35-44,17,Month-to-month,44.33,194,7.2,2,Direct debit,0
NT-00660,25-34,40,One-year,37.45,145,6.0,0,Bank transfer,0
NT-00661,65+,15,Month-to-month,46.89,248,7.5,0,Direct debit,0
NT-00662,45-54,40,Month-to-month,44.41,263,28.6,0,Credit card (tokenised),0
NT-00663,25-34,30,Month-to-month,40.35,561,1.6,2,Direct debit,0
NT-00664,18-24,40,Month-to-month,27.2,173,5.1,0,Direct debit,0
NT-00665,25-34,31,Month-to-month,32.75,198,12.4,0,Direct debit,0
NT-00666,25-34,51,One-year,28.73,448,9.2,1,Direct debit,0
NT-00667,25-34,35,Month-to-month,55.14,504,11.4,0,Direct debit,0
NT-00668,25-34,30,One-year,47.36,346,10.0,0,Credit card (tokenised),0
NT-00669,25-34,6,Month-to-month,38.45,446,7.9,2,Credit card (tokenised),1
NT-00670,25-34,52,Month-to-month,31.25,83,1.2,1,Direct debit,0
NT-00671,55-64,11,Month-to-month,28.52,528,23.0,3,Credit card (tokenised),1
NT-00672,18-24,13,Two-year,39.47,310,5.1,0,Direct debit,0
NT-00673,35-44,42,Two-year,60.12,456,3.1,2,Credit card (tokenised),0
NT-00674,35-44,29,Two-year,38.07,368,9.2,1,Direct debit,0
NT-00675,65+,11,One-year,52.42,242,35.8,1,Credit card (tokenised),0
NT-00676,18-24,21,One-year,41.31,404,15.4,1,Credit card (tokenised),0
NT-00677,35-44,51,One-year,44.75,219,17.9,0,Credit card (tokenised),0
NT-00678,65+,31,One-year,32.29,1001,55.8,1,Credit card (tokenised),0
NT-00679,55-64,29,Month-to-month,35.64,107,11.3,0,Bank transfer,0
NT-00680,55-64,19,Month-to-month,28.03,520,2.5,1,Bank transfer,0
NT-00681,25-34,43,Month-to-month,41.66,387,5.7,2,Credit card (tokenised),0
NT-00682,25-34,27,Month-to-month,35.08,318,5.8,0,Credit card (tokenised),0
NT-00683,45-54,39,Month-to-month,42.32,191,2.3,1,Credit card (tokenised),0
NT-00684,65+,18,Month-to-month,26.18,398,7.3,1,Credit card (tokenised),0
NT-00685,35-44,74,Month-to-month,43.47,312,21.9,1,Credit card (tokenised),0
NT-00686,35-44,55,Month-to-month,40.03,97,25.2,2,Credit card (tokenised),0
NT-00687,25-34,31,Two-year,39.64,465,4.6,1,Bank transfer,0
NT-00688,55-64,34,Month-to-month,42.67,406,24.2,0,Direct debit,1
NT-00689,25-34,21,Month-to-month,35.15,172,12.9,0,Direct debit,1
NT-00690,25-34,41,Two-year,83.68,576,3.1,2,Direct debit,1
NT-00691,35-44,7,Month-to-month,43.62,557,1.0,2,Credit card (tokenised),1
NT-00692,35-44,62,Month-to-month,39.26,138,13.3,2,Direct debit,0
NT-00693,25-34,39,Month-to-month,46.9,407,10.3,0,Credit card (tokenised),0
NT-00694,18-24,16,Month-to-month,31.74,500,8.6,2,Credit card (tokenised),0
NT-00695,45-54,61,Month-to-month,31.35,114,2.2,2,Bank transfer,0
NT-00696,25-34,71,Month-to-month,47.6,67,2.3,2,Credit card (tokenised),0
NT-00697,45-54,35,Month-to-month,48.67,272,5.7,2,Credit card (tokenised),0
NT-00698,25-34,18,One-year,52.3,224,3.8,1,Direct debit,0
NT-00699,35-44,29,One-year,20.9,307,12.9,1,Credit card (tokenised),0
NT-00700,35-44,38,One-year,36.48,779,11.9,0,Direct debit,0
NT-00701,18-24,34,Month-to-month,41.96,507,5.2,1,Bank transfer,0
NT-00702,25-34,16,Month-to-month,46.64,199,8.8,2,Credit card (tokenised),0
NT-00703,18-24,38,One-year,44.32,357,21.3,0,Direct debit,1
NT-00704,18-24,50,Month-to-month,27.79,333,14.5,1,Direct debit,1
NT-00705,65+,14,Two-year,44.18,549,5.4,1,Direct debit,0
NT-00706,25-34,15,Month-to-month,41.85,519,14.6,1,Direct debit,0
NT-00707,55-64,20,One-year,41.82,305,19.7,1,Credit card (tokenised),0
NT-00708,25-34,26,Month-to-month,24.84,454,17.8,0,Bank transfer,0
NT-00709,45-54,44,Month-to-month,26.79,605,4.4,1,Credit card (tokenised),0
NT-00710,55-64,50,One-year,59.75,471,5.1,3,Direct debit,0
NT-00711,45-54,18,One-year,49.83,196,1.6,0,Credit card (tokenised),0
NT-00712,35-44,32,Month-to-month,37.24,200,13.4,0,Credit card (tokenised),0
NT-00713,35-44,49,Two-year,37.45,99,24.6,1,Bank transfer,0
NT-00714,25-34,76,Month-to-month,64.67,192,14.7,3,Direct debit,0
NT-00715,65+,32,Month-to-month,38.54,207,10.4,1,Credit card (tokenised),1
NT-00716,55-64,33,One-year,36.6,52,27.2,0,Credit card (tokenised),0
NT-00717,65+,35,One-year,28.48,149,11.0,1,Direct debit,0
NT-00718,18-24,24,Two-year,35.2,127,34.2,0,Credit card (tokenised),0
NT-00719,45-54,31,Month-to-month,17.81,239,15.6,0,Direct debit,0
NT-00720,65+,8,Month-to-month,44.25,341,8.4,0,Direct debit,0
NT-00721,25-34,21,One-year,53.11,187,1.2,0,Direct debit,0
NT-00722,18-24,37,Month-to-month,53.24,723,2.4,1,Credit card (tokenised),0
NT-00723,45-54,17,Month-to-month,29.57,147,28.5,0,Credit card (tokenised),0
NT-00724,35-44,44,Month-to-month,12.0,45,9.9,1,Direct debit,0
NT-00725,55-64,10,Month-to-month,42.07,297,22.9,1,Credit card (tokenised),0
NT-00726,18-24,43,Month-to-month,53.82,491,22.9,1,Direct debit,0
NT-00727,55-64,43,Month-to-month,18.75,233,11.1,1,Direct debit,0
NT-00728,25-34,77,One-year,33.52,250,25.3,1,Bank transfer,0
NT-00729,25-34,24,One-year,42.29,852,16.4,1,Credit card (tokenised),0
NT-00730,25-34,29,Month-to-month,27.91,514,22.6,1,Credit card (tokenised),0
NT-00731,55-64,59,Month-to-month,17.26,361,10.9,0,Credit card (tokenised),0
NT-00732,45-54,55,Month-to-month,29.08,308,8.2,0,Direct debit,0
NT-00733,35-44,47,Month-to-month,31.17,62,6.0,2,Credit card (tokenised),0
NT-00734,25-34,34,One-year,15.37,636,4.2,1,Credit card (tokenised),0
NT-00735,55-64,58,Two-year,50.86,310,11.7,0,Credit card (tokenised),0
NT-00736,35-44,91,One-year,56.65,115,4.4,1,Credit card (tokenised),0
NT-00737,55-64,39,One-year,38.35,443,14.3,3,Credit card (tokenised),1
NT-00738,35-44,30,Month-to-month,46.75,525,6.5,0,Credit card (tokenised),0
NT-00739,35-44,41,Month-to-month,20.25,245,8.6,3,Credit card (tokenised),1
NT-00740,35-44,32,Two-year,36.3,212,16.7,1,Direct debit,1
NT-00741,25-34,25,Two-year,31.05,280,21.2,1,Direct debit,0
NT-00742,45-54,44,Month-to-month,42.94,183,6.8,1,Bank transfer,0
NT-00743,35-44,22,Month-to-month,12.0,144,3.7,1,Direct debit,0
NT-00744,25-34,39,One-year,34.35,299,13.8,0,Direct debit,0
NT-00745,55-64,11,Month-to-month,45.54,511,12.9,1,Direct debit,0
NT-00746,35-44,64,One-year,40.86,808,25.2,1,Direct debit,0
NT-00747,35-44,19,One-year,47.39,310,6.2,0,Credit card (tokenised),0
NT-00748,65+,13,Month-to-month,30.82,726,6.1,0,Bank transfer,0
NT-00749,45-54,54,Two-year,12.0,140,14.9,1,Direct debit,0
NT-00750,18-24,60,Two-year,51.19,499,10.6,0,Credit card (tokenised),0
NT-00751,65+,34,Two-year,47.11,242,20.7,0,Direct debit,1
NT-00752,45-54,27,Month-to-month,56.83,985,12.9,1,Credit card (tokenised),0
NT-00753,25-34,24,Month-to-month,38.89,198,14.4,0,Credit card (tokenised),1
NT-00754,18-24,33,One-year,42.99,359,7.9,0,Credit card (tokenised),0
NT-00755,55-64,28,Month-to-month,65.95,92,10.7,2,Direct debit,1
NT-00756,45-54,26,Month-to-month,15.79,229,17.5,1,Direct debit,0
NT-00757,35-44,17,Month-to-month,43.34,556,1.1,0,Bank transfer,0
NT-00758,55-64,15,One-year,52.61,488,35.5,0,Direct debit,0
NT-00759,55-64,30,Month-to-month,40.55,361,5.7,2,Direct debit,1
NT-00760,25-34,33,Month-to-month,38.8,501,11.6,0,Direct debit,0
NT-00761,25-34,19,Month-to-month,20.2,292,7.4,1,Credit card (tokenised),0
NT-00762,25-34,21,One-year,55.61,768,22.3,0,Credit card (tokenised),1
NT-00763,45-54,33,One-year,50.83,87,11.6,1,Credit card (tokenised),0
NT-00764,18-24,17,Month-to-month,53.39,355,49.9,1,Credit card (tokenised),0
NT-00765,35-44,48,Two-year,37.74,101,21.2,0,Credit card (tokenised),0
NT-00766,55-64,38,Month-to-month,34.15,150,16.2,3,Direct debit,0
NT-00767,55-64,19,One-year,37.92,217,0.6,1,Direct debit,0
NT-00768,25-34,37,One-year,58.39,247,3.1,3,Direct debit,0
NT-00769,55-64,17,One-year,34.88,295,9.6,1,Direct debit,1
NT-00770,18-24,43,Month-to-month,55.78,297,21.1,0,Direct debit,0
NT-00771,55-64,18,Two-year,36.23,208,8.0,1,Credit card (tokenised),0
NT-00772,18-24,27,Two-year,27.71,314,22.3,1,Bank transfer,0
NT-00773,35-44,31,One-year,13.07,125,7.8,0,Credit card (tokenised),0
NT-00774,55-64,59,Month-to-month,44.89,521,3.8,0,Direct debit,0
NT-00775,25-34,18,Month-to-month,47.22,452,13.2,1,Credit card (tokenised),0
NT-00776,25-34,18,One-year,24.19,762,6.0,1,Credit card (tokenised),0
NT-00777,45-54,12,Month-to-month,55.72,406,7.0,5,Credit card (tokenised),0
NT-00778,45-54,68,One-year,21.42,436,12.0,1,Bank transfer,0
NT-00779,45-54,29,Month-to-month,46.5,431,8.5,3,Credit card (tokenised),0
NT-00780,45-54,49,One-year,47.09,172,9.9,2,Credit card (tokenised),0
NT-00781,35-44,21,Month-to-month,50.88,353,31.5,0,Credit card (tokenised),1
NT-00782,25-34,22,Month-to-month,14.35,235,16.6,2,Credit card (tokenised),0
NT-00783,25-34,28,Month-to-month,50.8,375,4.2,2,Direct debit,0
NT-00784,25-34,29,Month-to-month,36.26,413,32.6,0,Direct debit,0
NT-00785,65+,41,Month-to-month,33.92,484,8.1,2,Direct debit,0
NT-00786,45-54,30,One-year,47.9,430,12.3,1,Credit card (tokenised),0
NT-00787,35-44,23,One-year,49.53,437,13.7,2,Direct debit,0
NT-00788,35-44,68,One-year,14.14,245,33.7,0,Direct debit,0
NT-00789,65+,17,One-year,22.52,1224,0.7,0,Direct debit,0
NT-00790,25-34,19,Month-to-month,52.39,419,14.6,0,Credit card (tokenised),0
NT-00791,45-54,17,Month-to-month,43.7,324,13.2,1,Credit card (tokenised),0
NT-00792,35-44,41,Month-to-month,40.18,606,18.4,0,Credit card (tokenised),0
NT-00793,45-54,36,One-year,26.17,261,6.0,1,Credit card (tokenised),0
NT-00794,18-24,26,Month-to-month,43.27,104,12.2,1,Bank transfer,0
NT-00795,55-64,17,Month-to-month,52.63,196,10.3,0,Direct debit,0
NT-00796,65+,31,One-year,65.82,145,8.4,1,Direct debit,0
NT-00797,35-44,44,Two-year,33.75,382,9.6,2,Direct debit,0
NT-00798,45-54,60,One-year,48.53,515,3.3,0,Direct debit,0
NT-00799,65+,20,One-year,60.26,132,17.2,2,Direct debit,0
NT-00800,45-54,26,One-year,20.62,449,2.2,2,Direct debit,0
NT-00801,25-34,36,Month-to-month,59.59,429,2.3,0,Credit card (tokenised),0
NT-00802,35-44,23,One-year,40.41,740,26.4,0,Direct debit,1
NT-00803,45-54,13,One-year,38.9,570,9.2,3,Direct debit,1
NT-00804,35-44,26,Month-to-month,31.5,196,14.9,3,Credit card (tokenised),0
NT-00805,45-54,14,Month-to-month,33.63,246,23.4,3,Credit card (tokenised),0
NT-00806,65+,46,Month-to-month,29.06,261,5.5,2,Direct debit,0
NT-00807,65+,24,Month-to-month,26.56,681,14.4,0,Bank transfer,0
NT-00808,35-44,28,Two-year,43.4,768,18.3,1,Direct debit,0
NT-00809,18-24,19,Month-to-month,51.35,420,11.7,0,Direct debit,1
NT-00810,65+,28,Month-to-month,25.43,113,7.4,0,Direct debit,0
NT-00811,55-64,53,Two-year,29.66,284,14.4,0,Direct debit,0
NT-00812,18-24,49,Month-to-month,41.08,956,5.5,2,Direct debit,0
NT-00813,65+,15,Month-to-month,24.63,330,14.5,0,Credit card (tokenised),0
NT-00814,55-64,4,Two-year,40.93,29,1.6,0,Bank transfer,0
NT-00815,35-44,27,Month-to-month,34.76,310,13.5,0,Direct debit,0
NT-00816,45-54,24,One-year,18.34,627,13.6,0,Direct debit,0
NT-00817,35-44,24,Month-to-month,43.66,91,11.2,4,Bank transfer,0
NT-00818,18-24,21,Month-to-month,31.27,118,5.7,2,Direct debit,1
NT-00819,25-34,15,Month-to-month,50.3,666,2.5,2,Credit card (tokenised),0
NT-00820,55-64,80,Month-to-month,35.65,462,1.0,1,Direct debit,0
NT-00821,18-24,68,Two-year,29.46,452,23.8,1,Direct debit,0
NT-00822,25-34,23,Two-year,37.6,75,4.2,2,Direct debit,0
NT-00823,35-44,31,Two-year,52.9,208,5.4,1,Credit card (tokenised),0
NT-00824,35-44,47,Month-to-month,60.1,428,2.8,0,Credit card (tokenised),0
NT-00825,65+,31,Two-year,45.12,143,19.7,0,Bank transfer,0
NT-00826,25-34,22,One-year,30.93,408,6.9,0,Direct debit,0
NT-00827,25-34,13,Month-to-month,38.39,146,11.9,2,Credit card (tokenised),0
NT-00828,45-54,29,One-year,36.82,106,3.0,0,Direct debit,0
NT-00829,35-44,14,Month-to-month,36.2,418,12.3,0,Direct debit,0
NT-00830,25-34,51,Month-to-month,34.95,331,5.2,0,Direct debit,0
NT-00831,35-44,28,One-year,26.41,287,17.2,0,Bank transfer,0
NT-00832,25-34,38,One-year,49.71,304,20.0,0,Credit card (tokenised),0
NT-00833,25-34,24,Month-to-month,48.33,304,5.0,1,Credit card (tokenised),0
NT-00834,35-44,43,Month-to-month,38.28,85,14.5,0,Bank transfer,0
NT-00835,35-44,20,Two-year,53.1,513,26.5,1,Credit card (tokenised),1
NT-00836,65+,34,One-year,45.09,643,5.6,2,Bank transfer,0
NT-00837,35-44,24,Month-to-month,24.6,810,49.1,1,Credit card (tokenised),1
NT-00838,45-54,26,Month-to-month,33.75,376,5.0,1,Direct debit,0
NT-00839,45-54,46,Month-to-month,55.76,106,12.7,0,Credit card (tokenised),0
NT-00840,18-24,19,Two-year,33.67,504,37.2,0,Bank transfer,0
NT-00841,45-54,35,Month-to-month,29.68,343,10.4,1,Direct debit,0
NT-00842,25-34,54,Month-to-month,46.67,359,9.0,2,Credit card (tokenised),0
NT-00843,65+,45,Month-to-month,34.64,171,18.4,0,Direct debit,0
NT-00844,25-34,21,Two-year,44.73,407,16.7,3,Credit card (tokenised),0
NT-00845,35-44,37,One-year,37.57,513,7.2,1,Direct debit,1
NT-00846,18-24,10,One-year,28.44,345,1.4,2,Direct debit,0
NT-00847,65+,47,Month-to-month,29.68,229,9.3,0,Credit card (tokenised),0
NT-00848,35-44,91,Month-to-month,17.77,241,11.1,0,Direct debit,0
NT-00849,45-54,34,Two-year,24.74,365,18.2,1,Direct debit,0
NT-00850,18-24,56,Two-year,45.54,234,13.6,1,Credit card (tokenised),0
NT-00851,45-54,13,Two-year,52.47,135,7.7,1,Bank transfer,0
NT-00852,25-34,16,Two-year,30.67,499,11.9,1,Direct debit,0
NT-00853,55-64,24,One-year,21.5,321,2.1,0,Direct debit,0
NT-00854,25-34,26,One-year,51.65,348,11.2,1,Direct debit,1
NT-00855,25-34,34,One-year,52.01,201,12.7,1,Direct debit,0
NT-00856,18-24,21,One-year,46.68,135,7.7,1,Credit card (tokenised),0
NT-00857,35-44,31,Month-to-month,20.59,179,14.9,1,Bank transfer,0
NT-00858,35-44,46,Month-to-month,44.18,220,30.6,0,Credit card (tokenised),0
NT-00859,18-24,37,Two-year,44.62,129,9.7,2,Direct debit,0
NT-00860,55-64,24,Month-to-month,48.81,232,17.6,0,Credit card (tokenised),0
NT-00861,35-44,42,Two-year,39.81,289,24.9,3,Direct debit,0
NT-00862,35-44,23,Month-to-month,29.0,551,3.7,1,Direct debit,0
NT-00863,35-44,30,Month-to-month,33.15,470,2.9,1,Credit card (tokenised),0
NT-00864,35-44,45,Month-to-month,52.12,448,6.7,2,Direct debit,0
NT-00865,35-44,26,Month-to-month,42.55,139,25.7,0,Direct debit,0
NT-00866,25-34,14,Month-to-month,22.3,432,9.7,1,Direct debit,1
NT-00867,25-34,30,Month-to-month,58.48,543,8.2,2,Bank transfer,0
NT-00868,55-64,45,One-year,51.87,231,5.2,0,Direct debit,0
NT-00869,65+,47,Month-to-month,57.95,133,3.3,2,Direct debit,0
NT-00870,35-44,16,Month-to-month,51.61,413,5.2,1,Direct debit,0
NT-00871,25-34,41,Month-to-month,26.86,465,7.9,1,Direct debit,0
NT-00872,45-54,25,One-year,41.96,307,6.2,2,Credit card (tokenised),0
NT-00873,35-44,58,One-year,45.24,509,7.2,2,Bank transfer,0
NT-00874,18-24,14,One-year,21.87,320,23.6,0,Direct debit,0
NT-00875,25-34,41,Month-to-month,23.93,163,6.1,0,Credit card (tokenised),0
NT-00876,45-54,24,Month-to-month,46.92,317,3.7,2,Direct debit,0
NT-00877,45-54,21,One-year,47.87,341,16.2,0,Direct debit,0
NT-00878,18-24,46,One-year,66.42,304,7.1,1,Direct debit,0
NT-00879,25-34,50,Month-to-month,34.88,113,7.5,0,Direct debit,0
NT-00880,25-34,8,Month-to-month,17.8,724,5.2,0,Bank transfer,0
NT-00881,45-54,47,Month-to-month,36.19,953,9.5,1,Direct debit,0
NT-00882,18-24,28,Month-to-month,48.12,266,26.9,0,Credit card (tokenised),0
NT-00883,18-24,29,One-year,33.63,284,23.5,0,Bank transfer,0
NT-00884,55-64,14,Month-to-month,39.22,319,13.4,3,Direct debit,1
NT-00885,25-34,39,Month-to-month,30.29,294,6.0,1,Direct debit,0
NT-00886,45-54,81,Month-to-month,52.32,166,14.3,1,Direct debit,0
NT-00887,25-34,21,Two-year,46.94,488,30.0,0,Direct debit,0
NT-00888,18-24,52,One-year,28.16,501,14.9,0,Credit card (tokenised),0
NT-00889,25-34,29,Two-year,31.74,290,11.9,2,Credit card (tokenised),0
NT-00890,45-54,22,Month-to-month,29.85,278,3.5,1,Credit card (tokenised),0
NT-00891,55-64,12,One-year,15.68,273,14.7,1,Direct debit,0
NT-00892,55-64,56,Month-to-month,28.86,481,16.8,0,Direct debit,0
NT-00893,35-44,31,Month-to-month,16.73,315,10.8,0,Credit card (tokenised),0
NT-00894,45-54,23,Month-to-month,49.2,264,1.6,1,Bank transfer,0
NT-00895,25-34,25,One-year,50.15,135,17.8,2,Credit card (tokenised),0
NT-00896,25-34,41,Month-to-month,34.41,525,13.4,1,Direct debit,1
NT-00897,55-64,23,One-year,40.46,191,11.9,1,Direct debit,0
NT-00898,18-24,17,Month-to-month,50.85,133,13.4,1,Bank transfer,1
NT-00899,18-24,27,Month-to-month,47.41,433,4.2,3,Direct debit,0
NT-00900,25-34,27,Month-to-month,62.06,313,6.9,1,Direct debit,0
NT-00901,18-24,26,Month-to-month,41.11,982,11.1,1,Credit card (tokenised),0
NT-00902,25-34,23,Month-to-month,55.43,120,8.0,1,Direct debit,0
NT-00903,45-54,53,Month-to-month,39.14,214,10.3,0,Direct debit,0
NT-00904,35-44,95,Month-to-month,36.57,433,5.6,1,Direct debit,0
NT-00905,55-64,16,Month-to-month,46.14,303,8.9,0,Bank transfer,0
NT-00906,55-64,7,Month-to-month,44.63,344,34.0,0,Direct debit,0
NT-00907,25-34,25,Month-to-month,30.7,343,10.5,0,Bank transfer,0
NT-00908,25-34,8,Month-to-month,28.11,89,7.5,0,Direct debit,0
NT-00909,35-44,11,Month-to-month,38.9,357,3.6,0,Credit card (tokenised),1
NT-00910,45-54,22,Month-to-month,15.32,471,14.1,2,Bank transfer,0
NT-00911,25-34,41,One-year,34.31,174,10.3,1,Credit card (tokenised),0
NT-00912,45-54,25,Month-to-month,26.21,181,11.9,0,Credit card (tokenised),0
NT-00913,35-44,6,Month-to-month,31.08,235,4.8,1,Direct debit,0
NT-00914,35-44,25,Two-year,28.66,130,8.2,0,Direct debit,0
NT-00915,35-44,26,One-year,47.21,160,9.2,0,Credit card (tokenised),0
NT-00916,25-34,26,Two-year,43.36,323,13.3,1,Bank transfer,0
NT-00917,65+,49,One-year,38.64,613,34.9,0,Credit card (tokenised),0
NT-00918,55-64,45,Month-to-month,33.4,218,12.7,1,Direct debit,1
NT-00919,25-34,30,Month-to-month,50.42,760,14.3,0,Direct debit,0
NT-00920,55-64,73,One-year,48.81,216,4.7,0,Bank transfer,0
NT-00921,35-44,22,Two-year,36.67,496,1.9,1,Direct debit,0
NT-00922,55-64,27,One-year,54.26,188,13.2,1,Direct debit,0
NT-00923,55-64,28,Two-year,35.73,387,6.8,1,Direct debit,0
NT-00924,35-44,12,Month-to-month,40.46,704,9.9,0,Direct debit,0
NT-00925,18-24,29,Month-to-month,31.11,439,4.3,1,Direct debit,1
NT-00926,25-34,11,Two-year,33.28,284,4.7,3,Credit card (tokenised),0
NT-00927,35-44,20,One-year,30.48,273,47.3,2,Credit card (tokenised),0
NT-00928,45-54,31,Two-year,46.25,390,18.0,0,Credit card (tokenised),0
NT-00929,25-34,13,One-year,42.51,462,10.8,1,Credit card (tokenised),0
NT-00930,18-24,34,Month-to-month,25.37,493,7.0,0,Credit card (tokenised),1
NT-00931,55-64,18,Month-to-month,44.8,326,47.2,2,Direct debit,0
NT-00932,65+,24,Two-year,59.52,381,9.2,1,Credit card (tokenised),1
NT-00933,35-44,37,One-year,30.08,183,12.8,0,Bank transfer,0
NT-00934,25-34,28,Month-to-month,29.39,412,25.5,0,Direct debit,1
NT-00935,25-34,34,Month-to-month,38.1,190,5.1,3,Bank transfer,0
NT-00936,18-24,36,Month-to-month,54.54,346,23.1,0,Bank transfer,0
NT-00937,65+,27,Month-to-month,32.74,251,22.6,3,Direct debit,0
NT-00938,18-24,35,One-year,60.1,663,2.4,2,Bank transfer,0
NT-00939,35-44,20,Month-to-month,25.32,324,13.5,2,Credit card (tokenised),0
NT-00940,25-34,37,Month-to-month,40.26,703,8.7,0,Credit card (tokenised),0
NT-00941,35-44,25,One-year,17.58,305,5.7,0,Direct debit,0
NT-00942,45-54,54,Month-to-month,26.77,770,10.7,1,Credit card (tokenised),0
NT-00943,55-64,31,One-year,35.44,423,21.1,3,Credit card (tokenised),0
NT-00944,25-34,21,Month-to-month,41.24,93,13.1,0,Direct debit,0
NT-00945,18-24,37,Two-year,52.89,254,2.6,0,Credit card (tokenised),0
NT-00946,18-24,55,Month-to-month,29.61,202,12.6,1,Credit card (tokenised),0
NT-00947,65+,22,Month-to-month,43.05,137,7.3,0,Direct debit,0
NT-00948,55-64,20,Two-year,21.93,195,12.2,0,Bank transfer,0
NT-00949,45-54,4,One-year,50.12,223,21.4,1,Bank transfer,0
NT-00950,45-54,31,Month-to-month,53.72,99,21.7,0,Credit card (tokenised),0
NT-00951,45-54,24,Two-year,50.45,281,6.5,0,Direct debit,0
NT-00952,25-34,37,Month-to-month,50.43,411,4.5,1,Bank transfer,0
NT-00953,65+,38,Two-year,36.9,996,9.4,0,Credit card (tokenised),0
NT-00954,35-44,12,Month-to-month,41.32,627,12.0,0,Direct debit,1
NT-00955,35-44,45,Month-to-month,36.84,275,5.2,0,Credit card (tokenised),0
NT-00956,35-44,19,Month-to-month,37.45,319,27.7,0,Direct debit,0
NT-00957,18-24,22,Month-to-month,29.08,434,9.4,2,Direct debit,0
NT-00958,25-34,6,Month-to-month,41.38,288,37.8,2,Direct debit,0
NT-00959,45-54,34,Month-to-month,43.01,328,8.2,0,Direct debit,0
NT-00960,18-24,15,Month-to-month,49.82,195,12.0,1,Bank transfer,0
NT-00961,45-54,20,Month-to-month,42.71,312,4.5,0,Direct debit,0
NT-00962,25-34,14,Month-to-month,48.57,337,18.8,1,Credit card (tokenised),0
NT-00963,35-44,47,Two-year,29.07,140,16.6,1,Bank transfer,0
NT-00964,25-34,23,One-year,55.08,427,4.6,1,Credit card (tokenised),1
NT-00965,25-34,13,One-year,35.1,440,12.0,1,Credit card (tokenised),0
NT-00966,45-54,14,Two-year,13.41,450,14.1,1,Bank transfer,0
NT-00967,25-34,43,One-year,33.33,197,16.0,1,Credit card (tokenised),0
NT-00968,35-44,18,Two-year,44.92,703,30.5,0,Credit card (tokenised),0
NT-00969,35-44,22,Month-to-month,38.99,255,40.8,0,Direct debit,1
NT-00970,45-54,29,Month-to-month,14.7,149,11.9,2,Credit card (tokenised),0
NT-00971,65+,24,Month-to-month,40.58,676,20.8,2,Credit card (tokenised),1
NT-00972,45-54,9,Month-to-month,39.52,169,6.3,2,Credit card (tokenised),1
NT-00973,25-34,39,Two-year,26.34,376,33.1,0,Direct debit,0
NT-00974,18-24,25,One-year,44.77,217,8.4,2,Bank transfer,0
NT-00975,25-34,34,Month-to-month,36.39,110,14.8,0,Bank transfer,0
NT-00976,45-54,41,One-year,14.59,166,9.8,1,Direct debit,1
NT-00977,18-24,7,Month-to-month,46.34,633,23.3,1,Credit card (tokenised),0
NT-00978,35-44,41,Month-to-month,40.1,321,1.9,1,Bank transfer,0
NT-00979,45-54,86,One-year,56.16,230,6.4,0,Credit card (tokenised),0
NT-00980,25-34,35,Two-year,27.62,266,14.7,0,Credit card (tokenised),0
NT-00981,55-64,54,One-year,35.2,152,27.9,0,Direct debit,0
NT-00982,18-24,46,One-year,50.79,185,2.4,1,Direct debit,0
NT-00983,18-24,40,Month-to-month,27.01,494,14.0,0,Direct debit,0
NT-00984,45-54,47,Month-to-month,50.37,357,6.1,0,Direct debit,0
NT-00985,35-44,51,Month-to-month,50.68,311,3.0,0,Bank transfer,0
NT-00986,45-54,52,One-year,41.77,280,14.2,1,Direct debit,0
NT-00987,35-44,14,Month-to-month,36.02,100,32.0,0,Direct debit,0
NT-00988,25-34,48,Month-to-month,30.23,294,11.1,1,Credit card (tokenised),1
NT-00989,55-64,25,Two-year,29.35,495,18.7,0,Credit card (tokenised),0
NT-00990,55-64,53,One-year,41.73,214,5.2,0,Direct debit,0
NT-00991,45-54,37,One-year,12.0,297,2.3,2,Bank transfer,0
NT-00992,25-34,14,Month-to-month,31.32,58,5.5,0,Credit card (tokenised),0
NT-00993,45-54,57,Month-to-month,29.66,602,12.0,2,Bank transfer,0
NT-00994,35-44,19,Month-to-month,26.14,708,9.2,1,Credit card (tokenised),0
NT-00995,18-24,24,One-year,40.23,706,3.3,0,Credit card (tokenised),0
NT-00996,65+,63,Month-to-month,20.36,107,4.3,1,Direct debit,0
NT-00997,18-24,31,One-year,52.43,518,16.9,0,Direct debit,0
NT-00998,65+,24,Two-year,48.96,42,26.6,0,Direct debit,0
NT-00999,35-44,28,Month-to-month,54.31,535,13.3,2,Credit card (tokenised),0
NT-01000,25-34,24,Month-to-month,31.67,308,10.9,1,Direct debit,0
NT-01001,35-44,43,One-year,40.49,250,6.0,2,Bank transfer,0
NT-01002,55-64,24,Two-year,47.88,516,0.6,0,Credit card (tokenised),1
NT-01003,45-54,28,Two-year,36.43,332,22.8,2,Direct debit,0
NT-01004,55-64,39,Month-to-month,31.2,184,9.6,2,Direct debit,0
NT-01005,45-54,36,Month-to-month,39.44,457,43.1,0,Credit card (tokenised),0
NT-01006,45-54,20,One-year,35.54,591,8.2,1,Credit card (tokenised),0
NT-01007,55-64,43,One-year,25.15,495,11.4,0,Credit card (tokenised),0
NT-01008,25-34,22,Month-to-month,12.0,512,9.5,0,Credit card (tokenised),0
NT-01009,35-44,16,Month-to-month,26.92,150,5.0,0,Direct debit,0
NT-01010,25-34,9,One-year,12.0,227,20.8,0,Credit card (tokenised),0
NT-01011,65+,26,Month-to-month,27.56,361,3.8,1,Credit card (tokenised),0
NT-01012,65+,11,Two-year,55.03,667,9.3,1,Credit card (tokenised),0
NT-01013,18-24,18,Month-to-month,15.82,188,5.2,2,Direct debit,0
NT-01014,45-54,29,One-year,43.39,648,8.0,1,Credit card (tokenised),0
NT-01015,65+,50,One-year,52.67,88,14.3,2,Bank transfer,0
NT-01016,25-34,25,Month-to-month,19.13,603,38.9,1,Direct debit,0
NT-01017,35-44,12,One-year,59.53,573,22.3,1,Credit card (tokenised),0
NT-01018,65+,27,One-year,37.08,862,13.3,1,Direct debit,0
NT-01019,18-24,49,Two-year,54.3,533,13.4,0,Direct debit,0
NT-01020,45-54,24,Month-to-month,41.25,380,1.5,1,Credit card (tokenised),0
NT-01021,25-34,55,One-year,32.47,252,25.9,0,Bank transfer,0
NT-01022,65+,28,One-year,12.0,233,16.4,2,Direct debit,0
NT-01023,65+,41,Month-to-month,24.62,302,17.5,0,Bank transfer,0
NT-01024,65+,32,Two-year,46.16,241,0.5,1,Credit card (tokenised),0
NT-01025,35-44,53,Month-to-month,56.45,457,12.5,2,Direct debit,0
NT-01026,55-64,75,Month-to-month,21.14,525,5.2,1,Direct debit,0
NT-01027,55-64,22,Month-to-month,37.28,180,10.6,1,Credit card (tokenised),0
NT-01028,25-34,31,Month-to-month,32.65,540,8.4,0,Bank transfer,0
NT-01029,55-64,50,Two-year,43.01,395,13.2,0,Direct debit,0
NT-01030,18-24,33,One-year,39.06,263,11.3,1,Credit card (tokenised),0
NT-01031,45-54,9,Month-to-month,33.54,595,4.0,0,Direct debit,1
NT-01032,25-34,25,One-year,45.67,197,17.0,1,Direct debit,0
NT-01033,18-24,33,Month-to-month,29.7,135,6.1,3,Credit card (tokenised),0
NT-01034,18-24,61,One-year,38.13,191,17.2,0,Direct debit,0
NT-01035,45-54,30,Month-to-month,47.24,227,5.3,4,Direct debit,0
NT-01036,25-34,17,Month-to-month,29.28,582,6.5,2,Direct debit,1
NT-01037,45-54,33,Month-to-month,33.69,978,9.7,0,Direct debit,0
NT-01038,18-24,58,One-year,31.3,566,10.3,0,Credit card (tokenised),0
NT-01039,25-34,20,Month-to-month,43.43,322,9.5,0,Credit card (tokenised),0
NT-01040,35-44,22,Month-to-month,42.19,78,5.1,0,Credit card (tokenised),0
NT-01041,55-64,20,Month-to-month,31.78,204,41.5,0,Direct debit,0
NT-01042,25-34,13,Month-to-month,42.09,815,6.0,1,Direct debit,0
NT-01043,45-54,30,Two-year,12.0,507,4.1,0,Credit card (tokenised),0
NT-01044,55-64,28,Month-to-month,48.02,73,3.8,2,Direct debit,0
NT-01045,45-54,10,Two-year,48.75,51,5.2,0,Direct debit,0
NT-01046,25-34,18,Month-to-month,31.92,494,3.0,0,Direct debit,0
NT-01047,18-24,32,One-year,29.54,656,14.3,1,Direct debit,0
NT-01048,55-64,41,Month-to-month,37.31,160,6.3,1,Credit card (tokenised),0
NT-01049,18-24,46,Two-year,27.08,199,13.2,0,Direct debit,0
NT-01050,55-64,42,Month-to-month,28.94,555,5.9,1,Direct debit,0
NT-01051,35-44,29,One-year,41.69,263,13.9,1,Credit card (tokenised),0
NT-01052,65+,12,Two-year,47.71,285,27.4,0,Bank transfer,1
NT-01053,55-64,26,Two-year,41.81,277,3.6,0,Direct debit,0
NT-01054,65+,5,Month-to-month,72.64,342,22.1,1,Direct debit,0
NT-01055,25-34,32,Two-year,52.98,385,21.8,0,Direct debit,0
NT-01056,55-64,20,One-year,46.82,854,16.7,1,Credit card (tokenised),1
NT-01057,35-44,7,Month-to-month,46.39,250,5.4,2,Direct debit,0
NT-01058,35-44,35,Month-to-month,39.04,285,2.0,0,Direct debit,0
NT-01059,45-54,57,Month-to-month,44.06,150,4.3,1,Direct debit,0
NT-01060,55-64,11,Month-to-month,40.37,340,23.9,2,Credit card (tokenised),0
NT-01061,65+,36,One-year,50.61,579,20.9,1,Direct debit,1
NT-01062,55-64,23,One-year,34.65,197,8.1,0,Credit card (tokenised),0
NT-01063,35-44,19,Month-to-month,34.01,179,14.0,1,Direct debit,0
NT-01064,35-44,19,Two-year,52.14,550,18.4,1,Credit card (tokenised),0
NT-01065,45-54,23,Month-to-month,32.48,384,11.6,0,Bank transfer,1
NT-01066,25-34,23,Two-year,26.66,180,3.0,0,Bank transfer,0
NT-01067,18-24,28,Two-year,29.02,351,8.7,0,Direct debit,0
NT-01068,25-34,18,Two-year,46.98,169,5.9,1,Direct debit,0
NT-01069,25-34,20,One-year,70.06,257,7.5,0,Bank transfer,0
NT-01070,25-34,38,Month-to-month,27.35,272,11.9,0,Direct debit,0
NT-01071,25-34,17,Month-to-month,45.74,545,10.1,1,Bank transfer,1
NT-01072,18-24,33,Month-to-month,39.85,441,2.2,0,Credit card (tokenised),0
NT-01073,18-24,24,Month-to-month,51.54,564,27.7,1,Bank transfer,0
NT-01074,65+,21,One-year,45.64,255,4.8,1,Credit card (tokenised),0
NT-01075,35-44,66,Month-to-month,52.28,417,5.1,1,Bank transfer,0
NT-01076,35-44,13,Two-year,41.51,97,2.5,2,Credit card (tokenised),1
NT-01077,45-54,59,Two-year,27.98,176,16.1,0,Direct debit,0
NT-01078,25-34,44,Month-to-month,29.84,134,2.8,1,Direct debit,1
NT-01079,65+,20,Month-to-month,40.54,500,9.4,3,Direct debit,0
NT-01080,55-64,44,Month-to-month,43.6,772,19.2,0,Direct debit,0
NT-01081,18-24,4,Two-year,33.39,280,58.4,2,Bank transfer,0
NT-01082,35-44,19,One-year,62.18,435,14.2,2,Credit card (tokenised),1
NT-01083,55-64,17,Month-to-month,49.29,429,11.5,0,Credit card (tokenised),0
NT-01084,65+,35,Month-to-month,12.99,731,36.9,0,Direct debit,0
NT-01085,35-44,41,Month-to-month,36.53,257,6.6,2,Bank transfer,0
NT-01086,45-54,35,Two-year,25.64,334,23.6,0,Direct debit,0
NT-01087,25-34,31,Month-to-month,60.88,180,8.0,1,Direct debit,1
NT-01088,65+,46,Month-to-month,12.0,142,55.9,1,Credit card (tokenised),0
NT-01089,25-34,42,Two-year,43.02,468,29.8,0,Credit card (tokenised),0
NT-01090,65+,20,Two-year,39.48,204,5.1,3,Direct debit,0
NT-01091,45-54,21,Two-year,47.77,211,19.5,2,Credit card (tokenised),0
NT-01092,45-54,41,Month-to-month,41.87,410,7.9,1,Direct debit,0
NT-01093,35-44,28,One-year,62.83,270,15.1,1,Direct debit,0
NT-01094,25-34,29,One-year,49.02,474,14.7,1,Credit card (tokenised),0
NT-01095,25-34,31,Month-to-month,15.94,479,0.6,0,Credit card (tokenised),0
NT-01096,25-34,9,One-year,54.85,353,19.8,0,Credit card (tokenised),0
NT-01097,25-34,19,Month-to-month,40.44,330,2.0,1,Credit card (tokenised),1
NT-01098,55-64,37,Month-to-month,54.87,764,16.9,0,Direct debit,0
NT-01099,25-34,19,Two-year,34.2,293,16.3,0,Credit card (tokenised),0
NT-01100,18-24,25,Month-to-month,25.25,491,14.9,1,Bank transfer,0
NT-01101,65+,37,Two-year,22.98,169,11.4,2,Credit card (tokenised),0
NT-01102,55-64,47,Month-to-month,50.74,325,16.9,2,Credit card (tokenised),0
NT-01103,65+,50,Month-to-month,47.57,493,13.9,1,Direct debit,0
NT-01104,65+,51,One-year,30.9,185,3.6,2,Bank transfer,0
NT-01105,25-34,27,One-year,12.0,304,6.3,0,Direct debit,0
NT-01106,35-44,25,Month-to-month,51.2,319,6.5,1,Direct debit,0
NT-01107,45-54,14,Two-year,13.55,192,4.1,0,Credit card (tokenised),0
NT-01108,45-54,57,Month-to-month,64.09,212,21.2,2,Direct debit,1
NT-01109,25-34,25,Two-year,20.66,166,8.6,1,Bank transfer,0
NT-01110,55-64,57,Month-to-month,38.17,69,7.0,3,Direct debit,1
NT-01111,25-34,33,Two-year,40.76,172,11.0,1,Credit card (tokenised),0
NT-01112,25-34,48,Month-to-month,42.38,351,10.0,1,Direct debit,0
NT-01113,35-44,28,One-year,41.89,217,17.7,1,Direct debit,0
NT-01114,45-54,38,One-year,39.57,305,8.4,1,Credit card (tokenised),0
NT-01115,45-54,49,Month-to-month,32.79,332,4.0,1,Credit card (tokenised),0
NT-01116,18-24,22,Two-year,35.32,277,4.9,1,Credit card (tokenised),0
NT-01117,55-64,51,Month-to-month,30.18,488,15.6,0,Credit card (tokenised),0
NT-01118,25-34,16,Month-to-month,39.39,911,12.3,2,Bank transfer,1
NT-01119,18-24,66,One-year,16.95,173,5.6,2,Bank transfer,0
NT-01120,55-64,31,Month-to-month,41.79,545,19.2,1,Direct debit,0
NT-01121,65+,20,Month-to-month,36.82,192,41.1,2,Direct debit,0
NT-01122,55-64,43,Month-to-month,48.1,393,15.0,0,Credit card (tokenised),0
NT-01123,55-64,34,One-year,34.36,134,8.6,1,Credit card (tokenised),1
NT-01124,45-54,10,Month-to-month,45.23,376,16.8,0,Direct debit,0
NT-01125,35-44,23,Month-to-month,44.62,248,12.4,0,Direct debit,0
NT-01126,18-24,16,One-year,36.33,244,7.7,1,Credit card (tokenised),0
NT-01127,35-44,17,Two-year,42.23,351,39.3,0,Direct debit,0
NT-01128,35-44,17,Two-year,21.89,161,25.0,1,Direct debit,0
NT-01129,25-34,38,One-year,54.1,160,13.5,0,Credit card (tokenised),0
NT-01130,45-54,45,One-year,31.45,254,1.8,1,Credit card (tokenised),0
NT-01131,35-44,19,Month-to-month,35.86,537,6.4,0,Direct debit,0
NT-01132,18-24,8,Month-to-month,25.37,258,9.4,0,Credit card (tokenised),0
NT-01133,25-34,5,One-year,28.78,921,8.4,0,Direct debit,0
NT-01134,45-54,73,Two-year,57.72,1070,13.5,0,Credit card (tokenised),0
NT-01135,18-24,31,One-year,39.65,302,4.6,0,Bank transfer,0
NT-01136,55-64,43,Month-to-month,34.44,748,3.4,0,Direct debit,0
NT-01137,35-44,26,Month-to-month,34.37,176,25.1,2,Direct debit,0
NT-01138,35-44,7,One-year,38.02,324,2.7,2,Direct debit,0
NT-01139,45-54,36,One-year,46.67,360,41.2,0,Direct debit,0
NT-01140,55-64,62,One-year,40.33,441,12.5,0,Direct debit,0
NT-01141,25-34,20,One-year,40.58,118,16.0,1,Bank transfer,0
NT-01142,45-54,6,Month-to-month,26.92,346,8.5,0,Direct debit,0
NT-01143,35-44,14,Two-year,34.47,629,16.1,2,Direct debit,0
NT-01144,25-34,44,One-year,39.88,64,23.0,0,Bank transfer,0
NT-01145,55-64,34,Month-to-month,37.63,184,14.8,0,Direct debit,0
NT-01146,55-64,51,Month-to-month,33.01,637,4.3,0,Credit card (tokenised),0
NT-01147,45-54,29,Two-year,31.91,214,1.0,0,Direct debit,0
NT-01148,55-64,41,Two-year,43.23,340,11.7,3,Bank transfer,0
NT-01149,55-64,23,Month-to-month,43.52,400,9.1,0,Direct debit,0
NT-01150,45-54,15,Month-to-month,49.87,184,13.2,1,Credit card (tokenised),1
NT-01151,55-64,41,Month-to-month,40.35,144,18.1,1,Credit card (tokenised),1
NT-01152,45-54,45,Month-to-month,13.09,277,4.9,0,Direct debit,0
NT-01153,45-54,20,One-year,66.3,569,0.8,1,Credit card (tokenised),0
NT-01154,45-54,59,One-year,37.89,348,9.7,2,Credit card (tokenised),0
NT-01155,45-54,60,One-year,33.08,147,8.1,1,Bank transfer,0
NT-01156,25-34,17,One-year,37.3,493,4.0,0,Bank transfer,0
NT-01157,55-64,17,Month-to-month,33.25,152,18.3,0,Direct debit,0
NT-01158,55-64,17,Month-to-month,28.18,394,11.5,1,Credit card (tokenised),0
NT-01159,18-24,27,Month-to-month,45.37,286,18.5,1,Bank transfer,1
NT-01160,55-64,23,Month-to-month,36.22,238,20.0,2,Direct debit,0
NT-01161,18-24,13,Month-to-month,36.93,268,7.4,2,Credit card (tokenised),1
NT-01162,25-34,18,One-year,12.0,291,2.1,1,Direct debit,0
NT-01163,45-54,7,One-year,35.28,307,7.5,1,Credit card (tokenised),1
NT-01164,25-34,8,One-year,25.08,360,24.1,0,Credit card (tokenised),0
NT-01165,55-64,11,One-year,31.73,535,4.3,0,Credit card (tokenised),0
NT-01166,55-64,71,One-year,40.84,805,13.7,0,Bank transfer,0
NT-01167,35-44,67,One-year,30.64,314,2.2,1,Credit card (tokenised),0
NT-01168,18-24,42,Month-to-month,32.29,502,5.1,1,Credit card (tokenised),0
NT-01169,25-34,21,Two-year,39.16,336,30.9,0,Direct debit,0
NT-01170,45-54,11,Month-to-month,31.92,258,22.9,0,Bank transfer,0
NT-01171,65+,29,Month-to-month,25.34,371,11.0,1,Bank transfer,0
NT-01172,45-54,36,Month-to-month,17.34,117,8.6,2,Bank transfer,0
NT-01173,25-34,19,Two-year,42.04,169,12.0,1,Bank transfer,0
NT-01174,45-54,35,Two-year,31.8,139,5.8,1,Bank transfer,0
NT-01175,35-44,14,One-year,18.01,359,9.5,1,Bank transfer,0
NT-01176,55-64,21,One-year,52.95,78,12.7,1,Direct debit,0
NT-01177,18-24,25,Month-to-month,42.06,129,10.3,2,Direct debit,0
NT-01178,55-64,68,Two-year,23.74,93,8.1,1,Bank transfer,0
NT-01179,35-44,18,One-year,29.54,317,8.6,0,Credit card (tokenised),0
NT-01180,65+,36,Two-year,50.56,235,2.7,0,Bank transfer,0
NT-01181,25-34,16,Month-to-month,35.89,269,36.6,2,Credit card (tokenised),0
NT-01182,45-54,15,Month-to-month,32.98,394,13.7,0,Direct debit,0
NT-01183,65+,19,Two-year,47.01,299,5.8,0,Bank transfer,0
NT-01184,18-24,29,Month-to-month,35.99,251,2.2,1,Credit card (tokenised),0
NT-01185,65+,63,Two-year,52.76,76,13.0,2,Credit card (tokenised),0
NT-01186,45-54,20,Month-to-month,33.05,395,16.9,0,Credit card (tokenised),0
NT-01187,18-24,45,Two-year,31.16,72,4.9,0,Credit card (tokenised),0
NT-01188,25-34,70,Month-to-month,38.2,350,9.9,0,Direct debit,0
NT-01189,45-54,33,One-year,49.58,1348,22.6,1,Credit card (tokenised),0
NT-01190,18-24,49,Month-to-month,40.99,433,31.2,2,Bank transfer,0
NT-01191,45-54,18,One-year,39.24,204,2.2,2,Direct debit,0
NT-01192,25-34,36,Month-to-month,28.31,523,3.5,1,Direct debit,1
NT-01193,45-54,40,Two-year,26.55,878,20.6,1,Direct debit,0
NT-01194,18-24,13,One-year,49.59,573,26.3,1,Credit card (tokenised),1
NT-01195,55-64,17,Month-to-month,50.85,679,20.4,0,Bank transfer,1
NT-01196,65+,24,Two-year,50.46,176,6.0,3,Direct debit,0
NT-01197,65+,19,Month-to-month,47.49,239,24.2,1,Direct debit,0
NT-01198,45-54,26,Month-to-month,43.36,471,4.9,0,Bank transfer,0
NT-01199,18-24,12,Month-to-month,43.17,294,13.8,1,Direct debit,0
NT-01200,45-54,66,Two-year,39.6,167,6.5,2,Direct debit,0
NT-01201,18-24,47,Month-to-month,44.74,438,7.6,0,Direct debit,0
NT-01202,18-24,96,Month-to-month,37.5,470,5.3,3,Bank transfer,0
NT-01203,25-34,14,Two-year,44.71,258,12.9,1,Direct debit,0
NT-01204,35-44,36,One-year,49.01,149,17.6,0,Direct debit,0
NT-01205,55-64,19,Month-to-month,22.91,232,10.6,0,Bank transfer,1
NT-01206,45-54,15,One-year,51.16,243,6.8,1,Direct debit,0
NT-01207,35-44,46,Two-year,37.31,337,22.0,1,Credit card (tokenised),0
NT-01208,25-34,30,Month-to-month,55.5,132,20.5,4,Direct debit,1
NT-01209,65+,24,One-year,53.25,280,54.1,0,Credit card (tokenised),0
NT-01210,35-44,33,Month-to-month,25.63,221,7.6,1,Direct debit,0
NT-01211,35-44,18,One-year,38.01,440,19.4,1,Credit card (tokenised),1
NT-01212,25-34,17,Month-to-month,15.61,1725,16.8,2,Direct debit,0
NT-01213,55-64,20,One-year,33.37,348,16.6,0,Credit card (tokenised),0
NT-01214,45-54,51,Month-to-month,42.27,302,6.5,1,Credit card (tokenised),0
NT-01215,25-34,48,One-year,48.16,390,2.1,0,Bank transfer,0
NT-01216,18-24,13,Month-to-month,38.83,478,9.0,0,Direct debit,0
NT-01217,45-54,65,Month-to-month,43.31,37,3.7,1,Credit card (tokenised),0
NT-01218,45-54,28,Month-to-month,29.57,300,5.8,0,Bank transfer,0
NT-01219,25-34,36,One-year,37.77,511,10.9,4,Direct debit,0
NT-01220,65+,19,Month-to-month,30.92,99,9.8,1,Direct debit,0
NT-01221,25-34,29,Month-to-month,41.39,347,12.8,2,Credit card (tokenised),0
NT-01222,35-44,15,Month-to-month,54.68,540,3.1,1,Direct debit,0
NT-01223,65+,18,One-year,37.32,862,10.6,0,Direct debit,0
NT-01224,35-44,44,Month-to-month,21.55,368,25.7,1,Credit card (tokenised),0
NT-01225,45-54,44,One-year,40.36,438,8.8,0,Bank transfer,0
NT-01226,35-44,37,Month-to-month,46.47,413,14.3,0,Direct debit,0
NT-01227,25-34,23,Month-to-month,26.98,117,12.4,0,Credit card (tokenised),0
NT-01228,65+,13,One-year,52.9,1050,18.1,0,Direct debit,0
NT-01229,35-44,54,Two-year,30.84,387,13.8,1,Bank transfer,0
NT-01230,55-64,46,Month-to-month,28.88,274,4.1,0,Direct debit,0
NT-01231,25-34,9,Month-to-month,16.63,636,3.4,1,Direct debit,0
NT-01232,25-34,45,Month-to-month,41.23,194,7.5,2,Bank transfer,0
NT-01233,18-24,24,One-year,59.79,418,27.5,0,Credit card (tokenised),0
NT-01234,45-54,41,Month-to-month,42.4,258,8.7,1,Credit card (tokenised),0
NT-01235,35-44,12,One-year,29.19,189,11.6,0,Credit card (tokenised),0
NT-01236,55-64,20,Month-to-month,44.16,319,10.7,1,Direct debit,0
NT-01237,35-44,30,Month-to-month,47.6,347,0.3,1,Bank transfer,0
NT-01238,65+,66,Month-to-month,51.93,295,12.4,2,Bank transfer,0
NT-01239,25-34,30,One-year,23.18,1110,19.9,1,Credit card (tokenised),1
NT-01240,55-64,49,One-year,56.64,345,11.3,0,Bank transfer,0
NT-01241,55-64,33,Month-to-month,40.56,251,7.1,0,Bank transfer,0
NT-01242,55-64,32,Two-year,59.04,340,11.3,0,Credit card (tokenised),0
NT-01243,55-64,38,Month-to-month,39.87,473,3.5,1,Bank transfer,0
NT-01244,55-64,28,One-year,44.92,404,1.7,1,Direct debit,0
NT-01245,45-54,43,Month-to-month,26.62,746,10.6,0,Bank transfer,0
NT-01246,18-24,15,Month-to-month,49.82,370,16.0,2,Direct debit,1
NT-01247,18-24,28,One-year,25.08,58,15.9,1,Direct debit,0
NT-01248,65+,69,One-year,41.23,347,28.9,1,Credit card (tokenised),0
NT-01249,45-54,51,Month-to-month,32.83,350,6.5,2,Bank transfer,0
NT-01250,55-64,34,One-year,36.94,554,6.8,0,Direct debit,0
NT-01251,35-44,47,Month-to-month,51.02,75,9.0,2,Credit card (tokenised),0
NT-01252,18-24,60,One-year,33.74,429,28.1,1,Credit card (tokenised),0
NT-01253,18-24,8,Month-to-month,51.27,509,1.8,1,Direct debit,1
NT-01254,45-54,25,One-year,33.12,351,22.5,1,Direct debit,0
NT-01255,35-44,20,Month-to-month,39.57,484,9.1,0,Direct debit,0
NT-01256,25-34,12,Month-to-month,63.8,170,9.8,0,Credit card (tokenised),1
NT-01257,35-44,74,Month-to-month,39.46,527,0.8,1,Credit card (tokenised),0
NT-01258,18-24,39,Month-to-month,37.09,151,11.5,1,Direct debit,0
NT-01259,45-54,46,Month-to-month,39.68,214,3.4,0,Credit card (tokenised),0
NT-01260,25-34,20,Month-to-month,34.04,458,16.5,2,Credit card (tokenised),1
NT-01261,55-64,25,One-year,25.98,915,23.8,1,Bank transfer,0
NT-01262,25-34,29,Month-to-month,62.71,823,19.6,0,Credit card (tokenised),0
NT-01263,35-44,35,One-year,33.12,389,2.3,0,Direct debit,0
NT-01264,18-24,43,One-year,19.73,102,7.0,2,Direct debit,0
NT-01265,18-24,9,Two-year,36.14,219,2.2,0,Direct debit,0
NT-01266,35-44,41,Two-year,42.28,263,13.8,1,Direct debit,0
NT-01267,35-44,25,Two-year,35.51,43,11.2,1,Direct debit,1
NT-01268,45-54,61,One-year,37.42,149,19.7,1,Credit card (tokenised),0
NT-01269,25-34,55,Month-to-month,36.03,536,11.5,1,Bank transfer,0
NT-01270,45-54,34,One-year,43.11,793,7.3,0,Credit card (tokenised),0
NT-01271,55-64,29,Two-year,47.83,587,2.9,0,Direct debit,0
NT-01272,55-64,24,Month-to-month,35.69,228,4.6,1,Bank transfer,0
NT-01273,18-24,35,Month-to-month,69.08,471,19.5,0,Credit card (tokenised),0
NT-01274,35-44,53,Month-to-month,50.49,313,2.8,1,Direct debit,0
NT-01275,18-24,30,One-year,37.93,148,9.5,1,Direct debit,1
NT-01276,25-34,21,Month-to-month,22.18,377,8.6,1,Direct debit,0
NT-01277,65+,29,One-year,39.37,446,9.3,1,Direct debit,0
NT-01278,25-34,34,One-year,47.77,170,9.0,1,Bank transfer,0
NT-01279,35-44,15,Two-year,47.86,119,4.0,1,Credit card (tokenised),0
NT-01280,45-54,13,One-year,15.77,231,18.3,0,Bank transfer,0
NT-01281,45-54,21,One-year,39.38,638,13.8,0,Credit card (tokenised),0
NT-01282,35-44,61,Month-to-month,32.23,495,7.6,1,Direct debit,0
NT-01283,18-24,52,Month-to-month,55.97,242,11.6,1,Direct debit,0
NT-01284,25-34,11,Month-to-month,39.48,180,8.7,1,Bank transfer,0
NT-01285,35-44,17,Month-to-month,12.0,311,8.1,0,Direct debit,0
NT-01286,18-24,42,Month-to-month,42.42,142,22.1,0,Direct debit,1
NT-01287,25-34,23,One-year,14.6,354,11.5,0,Direct debit,0
NT-01288,18-24,36,One-year,43.4,283,7.4,0,Credit card (tokenised),0
NT-01289,18-24,11,One-year,69.05,39,5.1,3,Direct debit,1
NT-01290,35-44,29,Month-to-month,54.32,250,8.9,1,Direct debit,0
NT-01291,18-24,27,Month-to-month,41.11,44,18.1,1,Direct debit,0
NT-01292,35-44,46,One-year,30.09,369,7.0,1,Direct debit,0
NT-01293,45-54,35,Month-to-month,53.29,135,15.0,2,Direct debit,1
NT-01294,55-64,31,Month-to-month,45.63,89,8.1,1,Direct debit,0
NT-01295,25-34,10,Month-to-month,34.8,268,10.7,1,Direct debit,1
NT-01296,25-34,70,Month-to-month,31.53,253,22.8,0,Credit card (tokenised),0
NT-01297,18-24,41,Month-to-month,27.12,376,4.7,2,Bank transfer,0
NT-01298,45-54,19,Month-to-month,42.5,139,14.0,1,Credit card (tokenised),0
NT-01299,45-54,31,Month-to-month,33.0,682,14.4,1,Credit card (tokenised),1
NT-01300,18-24,23,One-year,40.01,480,2.2,1,Credit card (tokenised),0
NT-01301,65+,26,Month-to-month,49.13,697,2.9,3,Bank transfer,0
NT-01302,18-24,51,Month-to-month,32.7,276,6.5,2,Bank transfer,0
NT-01303,35-44,17,Two-year,45.74,167,18.0,0,Credit card (tokenised),0
NT-01304,45-54,42,One-year,52.67,794,9.2,0,Credit card (tokenised),0
NT-01305,55-64,53,Month-to-month,42.74,475,18.2,1,Direct debit,0
NT-01306,45-54,38,Two-year,46.39,263,16.5,1,Direct debit,0
NT-01307,55-64,27,Month-to-month,42.83,304,2.9,2,Direct debit,0
NT-01308,25-34,18,Month-to-month,38.2,233,12.6,3,Credit card (tokenised),0
NT-01309,55-64,20,Two-year,48.05,547,11.7,1,Direct debit,0
NT-01310,18-24,31,Two-year,57.31,394,10.0,0,Credit card (tokenised),0
NT-01311,55-64,30,Month-to-month,48.26,424,4.1,2,Direct debit,0
NT-01312,35-44,44,One-year,35.68,156,15.0,1,Direct debit,0
NT-01313,55-64,12,One-year,35.99,287,12.4,1,Direct debit,1
NT-01314,35-44,51,Month-to-month,36.44,350,19.5,1,Credit card (tokenised),0
NT-01315,45-54,93,Month-to-month,49.37,96,17.2,0,Direct debit,0
NT-01316,35-44,28,Month-to-month,31.69,390,10.2,0,Direct debit,0
NT-01317,45-54,26,Two-year,25.71,329,5.7,0,Credit card (tokenised),1
NT-01318,18-24,27,Month-to-month,43.63,520,6.0,2,Bank transfer,1
NT-01319,18-24,30,One-year,38.26,572,19.2,0,Credit card (tokenised),0
NT-01320,25-34,25,Month-to-month,55.78,897,4.6,0,Credit card (tokenised),0
NT-01321,25-34,8,Month-to-month,12.0,343,6.0,0,Credit card (tokenised),0
NT-01322,55-64,27,One-year,40.5,250,5.6,0,Credit card (tokenised),0
NT-01323,25-34,16,One-year,33.16,140,7.7,0,Direct debit,0
NT-01324,65+,31,Month-to-month,47.72,123,7.8,2,Direct debit,0
NT-01325,25-34,54,Month-to-month,34.64,302,11.8,0,Bank transfer,0
NT-01326,25-34,17,One-year,31.09,115,8.4,2,Bank transfer,1
NT-01327,55-64,65,Month-to-month,49.23,130,8.9,1,Credit card (tokenised),0
NT-01328,45-54,24,Month-to-month,53.35,308,20.1,1,Credit card (tokenised),0
NT-01329,35-44,18,One-year,36.83,238,9.4,1,Direct debit,0
NT-01330,35-44,41,Month-to-month,37.06,166,6.4,1,Credit card (tokenised),0
NT-01331,45-54,22,Month-to-month,53.25,249,21.6,0,Direct debit,0
NT-01332,25-34,28,Month-to-month,51.91,489,5.3,6,Direct debit,0
NT-01333,65+,29,Two-year,50.38,395,9.7,0,Direct debit,0
NT-01334,65+,39,Month-to-month,33.17,559,11.3,0,Credit card (tokenised),0
NT-01335,45-54,28,One-year,30.1,277,17.4,2,Direct debit,0
NT-01336,25-34,26,Month-to-month,57.64,233,6.3,2,Direct debit,0
NT-01337,45-54,23,Month-to-month,45.32,338,9.4,2,Credit card (tokenised),0
NT-01338,18-24,37,Month-to-month,29.1,132,28.6,1,Credit card (tokenised),0
NT-01339,18-24,21,Month-to-month,36.72,263,10.8,0,Bank transfer,1
NT-01340,25-34,55,One-year,39.02,246,17.0,0,Direct debit,0
NT-01341,35-44,29,Month-to-month,36.73,1210,52.4,1,Credit card (tokenised),0
NT-01342,55-64,10,One-year,34.49,621,40.1,1,Bank transfer,0
NT-01343,45-54,34,Month-to-month,52.77,454,10.2,2,Bank transfer,1
NT-01344,45-54,37,Month-to-month,44.34,403,7.9,0,Credit card (tokenised),0
NT-01345,35-44,55,Month-to-month,65.04,753,8.6,3,Direct debit,0
NT-01346,25-34,19,One-year,53.42,401,12.3,3,Bank transfer,0
NT-01347,35-44,17,One-year,39.64,186,22.5,2,Direct debit,0
NT-01348,65+,40,One-year,55.01,176,13.5,0,Credit card (tokenised),0
NT-01349,18-24,51,Month-to-month,42.23,497,11.6,2,Bank transfer,0
NT-01350,55-64,18,One-year,67.02,446,4.8,1,Credit card (tokenised),0
NT-01351,35-44,33,Month-to-month,34.22,400,10.7,2,Credit card (tokenised),0
NT-01352,35-44,28,One-year,43.44,573,7.1,0,Direct debit,0
NT-01353,45-54,19,Two-year,30.79,555,3.7,1,Direct debit,0
NT-01354,35-44,27,Month-to-month,33.43,82,4.9,0,Credit card (tokenised),0
NT-01355,55-64,49,Month-to-month,33.9,281,18.3,0,Credit card (tokenised),0
NT-01356,65+,29,One-year,52.83,425,24.3,2,Direct debit,0
NT-01357,35-44,26,One-year,40.5,656,12.1,0,Direct debit,0
NT-01358,25-34,39,Month-to-month,12.0,464,7.2,0,Direct debit,0
NT-01359,45-54,51,Two-year,39.12,501,11.4,1,Credit card (tokenised),0
NT-01360,65+,16,One-year,26.31,146,5.9,0,Credit card (tokenised),0
NT-01361,25-34,34,Month-to-month,32.71,107,1.4,0,Direct debit,1
NT-01362,45-54,24,Month-to-month,51.81,389,2.5,2,Direct debit,0
NT-01363,45-54,29,One-year,21.88,230,3.8,2,Credit card (tokenised),0
NT-01364,45-54,41,Month-to-month,23.26,431,4.4,0,Direct debit,0
NT-01365,18-24,25,Month-to-month,18.07,203,19.8,1,Direct debit,0
NT-01366,45-54,28,One-year,33.35,226,11.4,1,Direct debit,0
NT-01367,65+,47,One-year,17.72,493,1.2,0,Bank transfer,0
NT-01368,25-34,36,One-year,18.73,319,27.2,3,Credit card (tokenised),0
NT-01369,25-34,27,Month-to-month,35.24,195,7.5,0,Credit card (tokenised),0
NT-01370,65+,31,One-year,41.76,291,8.9,0,Direct debit,0
NT-01371,25-34,30,Two-year,27.07,453,7.6,0,Credit card (tokenised),0
NT-01372,55-64,9,Month-to-month,42.33,303,20.9,0,Credit card (tokenised),1
NT-01373,35-44,31,One-year,39.33,422,17.7,1,Direct debit,0
NT-01374,25-34,13,Two-year,44.48,267,7.4,0,Bank transfer,0
NT-01375,55-64,50,One-year,25.51,625,3.9,0,Credit card (tokenised),0
NT-01376,35-44,13,One-year,61.81,287,28.1,0,Credit card (tokenised),0
NT-01377,35-44,23,Month-to-month,24.33,221,23.7,0,Credit card (tokenised),0
NT-01378,25-34,21,Month-to-month,30.5,716,5.4,0,Direct debit,0
NT-01379,45-54,60,One-year,44.18,321,13.7,0,Credit card (tokenised),0
NT-01380,25-34,49,One-year,39.41,418,7.0,0,Direct debit,0
NT-01381,35-44,6,Two-year,48.16,219,23.2,0,Direct debit,0
NT-01382,65+,29,Month-to-month,34.28,411,22.1,1,Credit card (tokenised),0
NT-01383,25-34,15,Month-to-month,23.28,452,8.6,0,Credit card (tokenised),1
NT-01384,45-54,31,Month-to-month,19.7,186,20.6,0,Direct debit,1
NT-01385,25-34,40,One-year,59.36,517,22.8,1,Credit card (tokenised),0
NT-01386,55-64,33,Month-to-month,34.36,298,12.7,1,Credit card (tokenised),0
NT-01387,18-24,41,One-year,35.99,517,24.6,0,Bank transfer,0
NT-01388,65+,25,Month-to-month,59.62,200,8.5,0,Credit card (tokenised),0
NT-01389,35-44,33,Month-to-month,32.09,228,4.0,0,Direct debit,0
NT-01390,25-34,41,Month-to-month,38.29,351,4.3,1,Credit card (tokenised),0
NT-01391,18-24,23,Two-year,25.61,176,21.6,2,Bank transfer,1
NT-01392,25-34,18,One-year,22.25,358,6.9,1,Credit card (tokenised),0
NT-01393,35-44,20,Two-year,60.68,392,6.4,0,Credit card (tokenised),0
NT-01394,25-34,27,One-year,60.84,351,2.6,0,Direct debit,0
NT-01395,55-64,29,Month-to-month,50.25,337,16.9,0,Bank transfer,0
NT-01396,35-44,34,Month-to-month,49.85,152,9.0,0,Direct debit,0
NT-01397,25-34,19,Two-year,47.05,118,22.4,0,Credit card (tokenised),0
NT-01398,45-54,41,One-year,29.13,309,24.0,1,Direct debit,0
NT-01399,45-54,66,Month-to-month,41.49,88,33.1,0,Direct debit,0
NT-01400,25-34,21,One-year,31.95,77,8.2,0,Direct debit,0
NT-01401,25-34,85,Month-to-month,12.0,226,6.7,0,Direct debit,0
NT-01402,18-24,71,Month-to-month,51.43,173,18.7,0,Credit card (tokenised),0
NT-01403,45-54,29,Month-to-month,44.66,400,7.0,0,Bank transfer,0
NT-01404,45-54,27,One-year,22.19,309,15.9,0,Direct debit,0
NT-01405,35-44,20,Month-to-month,33.68,391,7.3,0,Credit card (tokenised),0
NT-01406,55-64,44,Month-to-month,50.63,513,15.4,0,Credit card (tokenised),0
NT-01407,55-64,30,Month-to-month,39.58,630,12.7,0,Direct debit,0
NT-01408,45-54,32,Month-to-month,17.61,479,2.0,0,Bank transfer,0
NT-01409,55-64,18,Month-to-month,23.44,346,6.2,0,Direct debit,0
NT-01410,25-34,45,Month-to-month,60.29,164,8.3,0,Bank transfer,0
NT-01411,18-24,26,Month-to-month,38.79,599,4.2,0,Bank transfer,0
NT-01412,25-34,15,Two-year,50.7,142,19.0,2,Direct debit,0
NT-01413,18-24,28,Month-to-month,60.06,520,6.5,0,Bank transfer,0
NT-01414,35-44,18,Month-to-month,32.49,668,11.6,0,Credit card (tokenised),0
NT-01415,65+,55,Month-to-month,42.22,405,10.4,0,Credit card (tokenised),0
NT-01416,18-24,70,One-year,14.4,167,13.9,0,Direct debit,0
NT-01417,18-24,28,One-year,30.72,236,8.0,0,Credit card (tokenised),0
NT-01418,35-44,49,Month-to-month,44.91,365,13.6,0,Credit card (tokenised),0
NT-01419,65+,48,Two-year,35.69,194,23.8,4,Credit card (tokenised),0
NT-01420,25-34,3,One-year,43.42,68,5.6,1,Credit card (tokenised),1
NT-01421,35-44,20,One-year,49.16,343,15.2,2,Credit card (tokenised),0
NT-01422,18-24,31,Month-to-month,44.72,401,9.7,1,Direct debit,0
NT-01423,25-34,23,Month-to-month,41.97,424,11.7,0,Bank transfer,0
NT-01424,65+,19,One-year,40.29,234,17.1,1,Direct debit,0
NT-01425,65+,50,Two-year,31.18,320,12.6,1,Bank transfer,0
NT-01426,18-24,22,One-year,26.92,355,23.7,0,Direct debit,0
NT-01427,65+,34,Month-to-month,54.27,103,21.4,2,Bank transfer,0
NT-01428,45-54,47,Month-to-month,47.51,229,12.3,0,Bank transfer,0
NT-01429,55-64,57,One-year,28.53,332,15.4,1,Direct debit,0
NT-01430,35-44,16,One-year,38.77,398,12.9,1,Credit card (tokenised),0
NT-01431,35-44,16,Month-to-month,21.3,702,2.1,1,Direct debit,0
NT-01432,35-44,32,Month-to-month,32.27,380,13.7,0,Credit card (tokenised),0
NT-01433,45-54,8,Month-to-month,44.43,138,4.3,0,Direct debit,1
NT-01434,18-24,17,One-year,41.12,184,9.8,2,Direct debit,1
NT-01435,18-24,52,One-year,39.39,537,2.8,1,Bank transfer,0
NT-01436,25-34,40,One-year,27.4,846,33.5,0,Direct debit,0
NT-01437,45-54,27,One-year,24.96,161,12.5,0,Direct debit,0
NT-01438,25-34,37,Month-to-month,49.4,224,3.4,0,Credit card (tokenised),0
NT-01439,45-54,41,One-year,58.32,868,15.6,3,Bank transfer,1
NT-01440,65+,12,Two-year,44.6,752,29.9,1,Direct debit,0
NT-01441,18-24,22,Two-year,35.93,446,19.3,1,Direct debit,1
NT-01442,45-54,56,Two-year,52.7,226,7.3,0,Credit card (tokenised),0
NT-01443,35-44,33,Month-to-month,27.89,156,9.1,0,Bank transfer,0
NT-01444,55-64,34,One-year,50.64,216,10.3,1,Bank transfer,0
NT-01445,25-34,28,Two-year,30.84,253,21.3,0,Credit card (tokenised),1
NT-01446,45-54,9,One-year,31.43,261,22.7,3,Direct debit,0
NT-01447,55-64,21,Month-to-month,34.01,102,13.4,0,Credit card (tokenised),0
NT-01448,65+,36,Two-year,36.79,177,10.3,1,Credit card (tokenised),0
NT-01449,45-54,22,Month-to-month,48.98,338,6.8,0,Credit card (tokenised),0
NT-01450,35-44,16,Month-to-month,22.35,221,32.8,1,Direct debit,0
NT-01451,45-54,17,Month-to-month,30.75,135,15.1,1,Direct debit,1
NT-01452,55-64,56,One-year,40.52,165,5.4,0,Direct debit,0
NT-01453,35-44,22,Month-to-month,44.69,279,6.3,2,Credit card (tokenised),0
NT-01454,18-24,51,Month-to-month,17.54,116,18.8,0,Credit card (tokenised),0
NT-01455,65+,34,One-year,28.52,644,6.6,1,Direct debit,0
NT-01456,45-54,25,One-year,17.02,122,5.3,0,Direct debit,0
NT-01457,45-54,19,One-year,29.61,467,21.5,2,Bank transfer,0
NT-01458,25-34,40,Month-to-month,32.75,838,10.2,0,Direct debit,1
NT-01459,45-54,48,One-year,44.03,131,11.8,2,Credit card (tokenised),0
NT-01460,35-44,42,Month-to-month,12.0,151,24.4,1,Credit card (tokenised),0
NT-01461,45-54,13,Month-to-month,45.84,282,19.8,0,Credit card (tokenised),0
NT-01462,18-24,22,Month-to-month,31.89,237,13.2,0,Direct debit,1
NT-01463,45-54,23,One-year,33.91,546,18.9,0,Credit card (tokenised),0
NT-01464,65+,8,Month-to-month,49.66,270,3.6,0,Credit card (tokenised),0
NT-01465,18-24,37,Month-to-month,54.14,175,16.0,0,Bank transfer,0
NT-01466,65+,39,Month-to-month,30.14,484,7.9,0,Credit card (tokenised),0
NT-01467,35-44,39,Month-to-month,30.06,254,16.2,2,Credit card (tokenised),0
NT-01468,55-64,35,Two-year,33.75,172,5.3,0,Direct debit,0
NT-01469,55-64,24,Two-year,30.0,191,16.5,0,Bank transfer,0
NT-01470,35-44,18,Month-to-month,20.78,128,4.0,2,Credit card (tokenised),1
NT-01471,45-54,24,Month-to-month,37.62,65,9.8,0,Credit card (tokenised),0
NT-01472,55-64,34,Month-to-month,30.08,137,22.2,0,Direct debit,0
NT-01473,35-44,53,One-year,39.17,274,9.8,0,Credit card (tokenised),0
NT-01474,25-34,30,Month-to-month,58.5,250,15.6,1,Direct debit,0
NT-01475,45-54,30,Month-to-month,36.73,109,1.3,3,Direct debit,0
NT-01476,55-64,9,Month-to-month,28.93,177,3.3,2,Credit card (tokenised),0
NT-01477,55-64,35,Month-to-month,34.73,447,14.8,1,Direct debit,0
NT-01478,55-64,55,Month-to-month,39.54,425,2.7,0,Credit card (tokenised),0
NT-01479,35-44,27,Month-to-month,36.01,326,5.7,0,Credit card (tokenised),0
NT-01480,55-64,26,Month-to-month,31.25,146,9.5,1,Direct debit,0
NT-01481,18-24,23,Month-to-month,18.12,543,14.3,0,Direct debit,0
NT-01482,35-44,41,Two-year,45.6,283,18.7,2,Bank transfer,0
NT-01483,18-24,8,Month-to-month,27.28,190,8.1,0,Bank transfer,0
NT-01484,25-34,51,Month-to-month,55.55,150,16.3,1,Credit card (tokenised),0
NT-01485,35-44,25,Two-year,33.57,471,30.7,0,Credit card (tokenised),1
NT-01486,35-44,35,Two-year,31.8,30,23.9,1,Credit card (tokenised),0
NT-01487,45-54,43,Month-to-month,32.34,370,24.7,1,Direct debit,0
NT-01488,35-44,17,One-year,39.8,229,9.4,1,Credit card (tokenised),1
NT-01489,35-44,29,Month-to-month,27.6,585,19.1,2,Credit card (tokenised),0
NT-01490,25-34,25,One-year,29.9,1001,14.0,0,Credit card (tokenised),0
NT-01491,35-44,15,Two-year,45.47,191,20.2,0,Credit card (tokenised),0
NT-01492,25-34,48,Month-to-month,25.79,548,24.3,1,Credit card (tokenised),0
NT-01493,18-24,24,Month-to-month,44.58,381,12.6,1,Credit card (tokenised),0
NT-01494,45-54,14,Month-to-month,47.93,357,14.5,0,Credit card (tokenised),0
NT-01495,45-54,29,One-year,46.01,110,2.1,0,Credit card (tokenised),0
NT-01496,45-54,12,One-year,40.8,218,29.1,1,Direct debit,1
NT-01497,35-44,22,One-year,16.35,535,8.4,0,Direct debit,0
NT-01498,35-44,34,Month-to-month,23.47,626,24.9,1,Credit card (tokenised),0
NT-01499,55-64,11,Month-to-month,21.74,742,9.7,0,Direct debit,0
NT-01500,35-44,40,One-year,33.46,218,11.1,0,Direct debit,0
NT-01501,35-44,30,Month-to-month,38.37,418,12.3,2,Direct debit,1
NT-01502,18-24,43,Month-to-month,23.71,225,14.3,0,Direct debit,0
NT-01503,25-34,42,Month-to-month,35.93,340,10.3,1,Direct debit,0
NT-01504,35-44,22,One-year,46.21,414,21.2,0,Direct debit,0
NT-01505,35-44,22,One-year,26.02,230,14.7,1,Credit card (tokenised),0
NT-01506,45-54,37,One-year,28.18,434,9.6,2,Bank transfer,0
NT-01507,35-44,15,Month-to-month,52.17,274,4.1,1,Bank transfer,0
NT-01508,45-54,16,Two-year,26.87,301,7.9,1,Credit card (tokenised),0
NT-01509,55-64,20,One-year,42.11,112,15.5,1,Credit card (tokenised),0
NT-01510,55-64,13,Month-to-month,52.87,210,22.3,2,Credit card (tokenised),1
NT-01511,45-54,14,Month-to-month,23.82,213,7.8,0,Direct debit,1
NT-01512,65+,14,Month-to-month,24.72,1051,16.8,0,Credit card (tokenised),0
NT-01513,18-24,24,Two-year,35.22,182,10.3,1,Direct debit,0
NT-01514,25-34,24,Month-to-month,38.81,297,5.3,0,Credit card (tokenised),1
NT-01515,18-24,46,Month-to-month,30.3,185,19.8,0,Direct debit,0
NT-01516,45-54,24,Month-to-month,61.66,274,12.0,1,Direct debit,0
NT-01517,55-64,27,One-year,44.46,336,1.8,0,Credit card (tokenised),0
NT-01518,25-34,64,Month-to-month,28.35,160,5.0,2,Direct debit,0
NT-01519,65+,6,Month-to-month,21.61,514,5.0,1,Direct debit,1
NT-01520,18-24,32,Month-to-month,37.24,166,20.9,1,Credit card (tokenised),0
NT-01521,65+,26,Month-to-month,43.27,100,7.5,1,Direct debit,0
NT-01522,25-34,34,Month-to-month,60.09,319,7.3,1,Direct debit,0
NT-01523,18-24,21,Month-to-month,38.91,858,4.5,1,Direct debit,1
NT-01524,35-44,24,One-year,35.09,78,6.7,3,Credit card (tokenised),0
NT-01525,25-34,52,One-year,26.28,123,6.9,0,Direct debit,0
NT-01526,25-34,36,One-year,42.44,491,25.8,2,Bank transfer,0
NT-01527,25-34,25,Month-to-month,50.2,182,14.6,0,Direct debit,0
NT-01528,55-64,19,One-year,16.55,348,19.0,0,Direct debit,0
NT-01529,35-44,15,Month-to-month,38.9,565,25.6,0,Direct debit,0
NT-01530,25-34,22,Month-to-month,25.76,472,6.1,0,Credit card (tokenised),0
NT-01531,45-54,26,Two-year,21.71,334,4.9,0,Bank transfer,0
NT-01532,45-54,64,One-year,58.33,338,18.5,1,Direct debit,0
NT-01533,25-34,31,One-year,48.65,333,9.2,2,Direct debit,0
NT-01534,35-44,20,Two-year,30.73,369,37.6,2,Direct debit,0
NT-01535,18-24,6,Two-year,36.06,645,4.1,1,Bank transfer,1
NT-01536,25-34,18,One-year,34.19,142,3.3,2,Direct debit,0
NT-01537,45-54,22,One-year,24.49,128,14.7,1,Credit card (tokenised),0
NT-01538,25-34,32,One-year,31.51,435,6.9,0,Direct debit,0
NT-01539,35-44,22,Month-to-month,47.41,199,9.9,0,Credit card (tokenised),0
NT-01540,45-54,65,Month-to-month,31.21,107,7.2,2,Bank transfer,0
NT-01541,18-24,25,One-year,43.57,724,9.9,1,Credit card (tokenised),0
NT-01542,35-44,47,Month-to-month,31.3,356,15.9,1,Bank transfer,0
NT-01543,25-34,11,Month-to-month,23.79,773,8.6,1,Credit card (tokenised),1
NT-01544,65+,28,Month-to-month,52.33,466,7.2,1,Bank transfer,0
NT-01545,35-44,18,Month-to-month,12.44,258,9.2,2,Credit card (tokenised),0
NT-01546,55-64,47,Two-year,59.42,313,0.5,2,Credit card (tokenised),0
NT-01547,35-44,23,One-year,49.98,542,18.6,2,Credit card (tokenised),0
NT-01548,18-24,53,Month-to-month,40.19,104,19.3,0,Direct debit,0
NT-01549,45-54,39,Two-year,32.65,561,23.5,1,Direct debit,0
NT-01550,65+,21,Two-year,33.58,300,10.1,1,Direct debit,0
NT-01551,45-54,15,Month-to-month,40.43,272,9.6,0,Direct debit,1
NT-01552,55-64,19,Two-year,40.22,977,32.9,1,Bank transfer,0
NT-01553,55-64,24,Month-to-month,26.49,649,4.5,0,Direct debit,0
NT-01554,25-34,39,Month-to-month,38.81,177,26.3,0,Direct debit,0
NT-01555,25-34,28,Month-to-month,41.1,375,29.2,1,Direct debit,0
NT-01556,45-54,43,One-year,34.39,160,6.5,0,Credit card (tokenised),0
NT-01557,35-44,55,Month-to-month,64.87,415,6.7,1,Credit card (tokenised),0
NT-01558,55-64,29,One-year,36.39,876,4.7,1,Credit card (tokenised),0
NT-01559,65+,16,One-year,16.84,720,5.4,0,Credit card (tokenised),0
NT-01560,25-34,34,Month-to-month,25.88,405,9.5,1,Direct debit,0
NT-01561,25-34,69,Month-to-month,46.44,378,8.2,0,Bank transfer,0
NT-01562,55-64,44,Month-to-month,29.33,286,28.7,1,Direct debit,0
NT-01563,25-34,33,Month-to-month,26.07,912,7.9,1,Direct debit,0
NT-01564,55-64,17,One-year,54.74,511,31.9,1,Credit card (tokenised),0
NT-01565,35-44,26,One-year,40.04,238,19.8,2,Direct debit,0
NT-01566,45-54,11,One-year,30.79,336,4.2,0,Credit card (tokenised),0
NT-01567,18-24,15,Month-to-month,12.0,346,21.4,0,Direct debit,1
NT-01568,45-54,35,One-year,45.44,185,12.2,2,Direct debit,0
NT-01569,35-44,10,One-year,38.19,348,15.6,1,Direct debit,1
NT-01570,45-54,24,Two-year,53.61,434,6.8,0,Credit card (tokenised),0
NT-01571,25-34,14,One-year,24.86,165,20.1,2,Direct debit,0
NT-01572,45-54,15,One-year,33.52,574,16.6,0,Credit card (tokenised),0
NT-01573,55-64,29,Month-to-month,41.58,206,9.6,0,Credit card (tokenised),0
NT-01574,25-34,19,One-year,53.07,240,1.5,1,Credit card (tokenised),1
NT-01575,18-24,12,Two-year,41.1,202,20.4,0,Direct debit,0
NT-01576,18-24,21,Month-to-month,29.51,177,3.9,0,Credit card (tokenised),0
NT-01577,45-54,12,Month-to-month,53.57,632,7.0,0,Bank transfer,0
NT-01578,45-54,51,Month-to-month,34.25,696,4.0,1,Direct debit,0
NT-01579,35-44,40,One-year,40.16,218,9.9,0,Bank transfer,0
NT-01580,25-34,40,Month-to-month,47.01,592,15.5,2,Direct debit,1
NT-01581,35-44,18,Month-to-month,56.76,113,30.9,2,Direct debit,0
NT-01582,45-54,35,Two-year,42.43,264,6.1,1,Direct debit,0
NT-01583,35-44,32,One-year,69.05,137,4.4,2,Direct debit,0
NT-01584,65+,19,Month-to-month,36.93,954,11.4,1,Credit card (tokenised),0
NT-01585,18-24,27,Month-to-month,41.52,643,20.8,0,Credit card (tokenised),0
NT-01586,45-54,11,Month-to-month,30.58,94,8.9,2,Direct debit,0
NT-01587,35-44,15,Month-to-month,41.87,185,10.5,0,Bank transfer,0
NT-01588,35-44,27,Month-to-month,41.57,269,2.4,1,Credit card (tokenised),0
NT-01589,45-54,22,Month-to-month,50.55,305,8.1,1,Direct debit,0
NT-01590,45-54,34,One-year,43.33,129,3.3,1,Direct debit,0
NT-01591,65+,19,One-year,31.67,485,9.5,0,Direct debit,1
NT-01592,18-24,23,Month-to-month,41.08,591,14.0,0,Credit card (tokenised),0
NT-01593,18-24,28,Month-to-month,29.93,388,45.4,1,Credit card (tokenised),1
NT-01594,45-54,18,One-year,44.59,372,12.8,0,Direct debit,0
NT-01595,35-44,23,Month-to-month,31.29,202,11.9,0,Credit card (tokenised),0
NT-01596,25-34,31,Month-to-month,21.22,260,10.8,2,Bank transfer,0
NT-01597,18-24,58,One-year,24.44,361,6.1,3,Credit card (tokenised),0
NT-01598,18-24,18,One-year,23.9,384,38.4,0,Credit card (tokenised),0
NT-01599,55-64,22,Month-to-month,31.66,318,18.4,1,Direct debit,0
NT-01600,25-34,44,One-year,27.83,561,19.0,0,Direct debit,0
NT-01601,25-34,49,One-year,37.73,432,20.6,1,Bank transfer,0
NT-01602,25-34,37,Two-year,33.3,596,5.8,0,Credit card (tokenised),0
NT-01603,25-34,49,Month-to-month,44.19,340,13.6,0,Credit card (tokenised),0
NT-01604,18-24,18,One-year,42.59,339,10.0,1,Direct debit,0
NT-01605,35-44,46,Month-to-month,34.11,531,3.3,0,Credit card (tokenised),0
NT-01606,18-24,41,One-year,52.91,165,1.2,1,Credit card (tokenised),0
NT-01607,55-64,15,One-year,26.88,1272,14.9,1,Credit card (tokenised),0
NT-01608,25-34,24,Month-to-month,50.08,202,13.8,1,Credit card (tokenised),0
NT-01609,35-44,7,One-year,39.87,188,10.1,0,Bank transfer,0
NT-01610,55-64,30,Month-to-month,33.27,577,26.4,3,Direct debit,0
NT-01611,45-54,46,Month-to-month,51.55,449,8.4,0,Direct debit,0
NT-01612,35-44,21,Month-to-month,44.69,489,22.1,1,Bank transfer,0
NT-01613,25-34,16,One-year,25.09,345,1.4,1,Direct debit,1
NT-01614,25-34,15,Month-to-month,42.37,171,9.3,0,Bank transfer,1
NT-01615,45-54,28,One-year,42.36,788,15.2,1,Direct debit,0
NT-01616,65+,37,One-year,50.09,563,14.6,1,Credit card (tokenised),0
NT-01617,45-54,59,One-year,45.02,220,1.3,1,Bank transfer,0
NT-01618,35-44,7,Month-to-month,45.88,534,11.3,0,Credit card (tokenised),0
NT-01619,45-54,55,One-year,32.7,232,12.4,0,Credit card (tokenised),0
NT-01620,35-44,31,Month-to-month,35.48,253,10.3,0,Direct debit,0
NT-01621,18-24,45,One-year,34.97,266,10.0,0,Direct debit,0
NT-01622,35-44,40,One-year,18.82,207,8.3,0,Bank transfer,0
NT-01623,65+,29,Month-to-month,53.44,342,3.1,0,Credit card (tokenised),0
NT-01624,25-34,28,One-year,24.57,565,5.9,0,Direct debit,0
NT-01625,45-54,34,Month-to-month,41.22,422,22.4,1,Credit card (tokenised),0
NT-01626,25-34,25,Month-to-month,34.03,486,10.9,1,Direct debit,0
NT-01627,35-44,26,Month-to-month,35.14,377,7.3,1,Credit card (tokenised),0
NT-01628,18-24,1,Two-year,46.13,74,11.5,0,Direct debit,0
NT-01629,35-44,38,Two-year,28.64,1069,15.2,1,Direct debit,0
NT-01630,45-54,18,One-year,43.48,622,2.2,1,Direct debit,0
NT-01631,25-34,47,Two-year,43.59,389,18.3,0,Credit card (tokenised),0
NT-01632,45-54,45,Month-to-month,28.69,157,14.4,2,Credit card (tokenised),0
NT-01633,55-64,22,Two-year,48.93,475,1.4,1,Credit card (tokenised),0
NT-01634,65+,38,Month-to-month,54.41,326,23.3,2,Direct debit,0
NT-01635,25-34,36,One-year,62.3,366,5.1,2,Direct debit,0
NT-01636,35-44,21,One-year,34.86,558,16.9,1,Direct debit,1
NT-01637,25-34,39,Month-to-month,40.29,410,13.5,1,Bank transfer,0
NT-01638,65+,57,Month-to-month,41.03,693,19.8,0,Bank transfer,0
NT-01639,65+,48,Month-to-month,45.99,247,8.9,1,Credit card (tokenised),0
NT-01640,35-44,12,Two-year,58.98,108,24.7,0,Direct debit,0
NT-01641,55-64,36,Month-to-month,43.84,317,19.3,1,Credit card (tokenised),0
NT-01642,35-44,44,Month-to-month,44.17,252,1.6,1,Direct debit,0
NT-01643,45-54,20,One-year,24.86,439,9.4,0,Credit card (tokenised),0
NT-01644,18-24,47,Month-to-month,62.58,188,22.3,1,Credit card (tokenised),0
NT-01645,45-54,19,Month-to-month,32.3,247,4.2,0,Direct debit,0
NT-01646,18-24,24,One-year,12.0,449,11.8,0,Credit card (tokenised),0
NT-01647,55-64,19,Month-to-month,12.0,280,6.5,0,Direct debit,0
NT-01648,55-64,17,One-year,41.9,583,12.2,1,Credit card (tokenised),0
NT-01649,45-54,34,Month-to-month,22.72,190,10.0,0,Direct debit,0
NT-01650,18-24,13,Month-to-month,38.65,149,3.3,0,Credit card (tokenised),0
NT-01651,25-34,25,One-year,20.06,479,15.7,5,Credit card (tokenised),1
NT-01652,25-34,34,Month-to-month,41.66,133,0.7,1,Direct debit,0
NT-01653,35-44,19,Two-year,44.77,85,3.9,0,Bank transfer,0
NT-01654,18-24,51,Two-year,40.11,147,9.2,0,Bank transfer,0
NT-01655,65+,26,Month-to-month,29.64,609,20.0,0,Credit card (tokenised),0
NT-01656,35-44,62,Month-to-month,48.54,224,11.5,1,Credit card (tokenised),0
NT-01657,25-34,12,Month-to-month,33.21,256,1.3,2,Bank transfer,0
NT-01658,35-44,35,Month-to-month,35.74,499,9.9,0,Credit card (tokenised),0
NT-01659,35-44,31,Month-to-month,31.88,559,1.3,0,Direct debit,0
NT-01660,45-54,23,One-year,34.79,507,6.3,0,Direct debit,0
NT-01661,35-44,29,Month-to-month,60.45,478,7.5,1,Credit card (tokenised),1
NT-01662,65+,38,Month-to-month,37.94,214,8.5,1,Credit card (tokenised),0
NT-01663,35-44,41,Month-to-month,22.76,349,20.6,1,Bank transfer,0
NT-01664,65+,27,Month-to-month,26.49,132,15.8,1,Credit card (tokenised),0
NT-01665,55-64,35,One-year,34.69,265,21.6,1,Credit card (tokenised),0
NT-01666,25-34,18,Month-to-month,28.46,98,20.2,0,Direct debit,0
NT-01667,65+,41,Month-to-month,49.4,583,12.3,0,Credit card (tokenised),0
NT-01668,18-24,56,Month-to-month,21.0,256,2.0,1,Direct debit,0
NT-01669,55-64,43,Two-year,36.57,342,10.7,3,Direct debit,0
NT-01670,35-44,19,Month-to-month,50.13,234,20.2,1,Credit card (tokenised),0
NT-01671,55-64,16,Two-year,30.44,625,4.9,1,Direct debit,0
NT-01672,55-64,81,Month-to-month,43.27,125,5.1,0,Credit card (tokenised),0
NT-01673,55-64,54,Two-year,37.52,157,4.9,0,Credit card (tokenised),0
NT-01674,55-64,41,One-year,37.62,338,10.5,0,Direct debit,0
NT-01675,25-34,58,Month-to-month,44.14,349,11.5,1,Direct debit,0
NT-01676,18-24,28,One-year,15.69,587,15.6,0,Direct debit,0
NT-01677,35-44,41,One-year,52.44,380,20.2,0,Direct debit,1
NT-01678,25-34,51,Month-to-month,15.24,347,19.5,1,Direct debit,0
NT-01679,45-54,25,Month-to-month,51.63,201,4.8,3,Direct debit,0
NT-01680,25-34,36,One-year,43.21,627,12.6,0,Bank transfer,0
NT-01681,65+,48,One-year,43.68,292,4.6,1,Credit card (tokenised),0
NT-01682,45-54,16,One-year,57.37,210,23.4,2,Direct debit,1
NT-01683,55-64,23,One-year,52.2,191,12.6,1,Bank transfer,0
NT-01684,18-24,47,One-year,47.77,344,11.0,0,Credit card (tokenised),1
NT-01685,55-64,32,One-year,34.47,120,34.1,0,Direct debit,0
NT-01686,65+,30,One-year,33.67,127,1.1,1,Credit card (tokenised),0
NT-01687,35-44,28,Month-to-month,48.1,126,14.8,0,Credit card (tokenised),0
NT-01688,45-54,50,Two-year,43.43,822,10.3,1,Credit card (tokenised),0
NT-01689,55-64,17,Month-to-month,41.61,710,8.7,3,Credit card (tokenised),1
NT-01690,25-34,22,Month-to-month,37.32,180,4.8,0,Direct debit,0
NT-01691,35-44,13,One-year,33.11,386,10.3,0,Bank transfer,0
NT-01692,35-44,24,Month-to-month,21.32,488,10.7,1,Direct debit,0
NT-01693,25-34,31,Month-to-month,45.72,416,15.2,1,Credit card (tokenised),0
NT-01694,35-44,9,Month-to-month,35.82,147,10.9,1,Bank transfer,1
NT-01695,18-24,18,One-year,35.04,198,20.5,0,Direct debit,1
NT-01696,18-24,32,Two-year,16.25,382,7.8,1,Credit card (tokenised),0
NT-01697,18-24,36,One-year,39.11,124,34.3,0,Bank transfer,1
NT-01698,65+,64,Month-to-month,21.64,604,9.2,0,Bank transfer,0
NT-01699,35-44,39,Month-to-month,32.78,144,5.4,0,Credit card (tokenised),0
NT-01700,65+,26,Month-to-month,47.51,358,5.4,0,Direct debit,0
NT-01701,35-44,31,Month-to-month,38.76,530,0.8,3,Credit card (tokenised),1
NT-01702,25-34,31,Month-to-month,36.74,566,14.9,2,Credit card (tokenised),0
NT-01703,35-44,22,Month-to-month,29.28,571,11.6,3,Credit card (tokenised),1
NT-01704,35-44,33,Month-to-month,31.43,203,14.6,1,Direct debit,0
NT-01705,18-24,22,Month-to-month,57.02,219,2.0,1,Bank transfer,0
NT-01706,45-54,33,One-year,47.36,402,26.7,1,Direct debit,0
NT-01707,25-34,28,Two-year,32.45,478,15.7,0,Direct debit,0
NT-01708,45-54,26,Two-year,36.73,466,3.4,2,Credit card (tokenised),0
NT-01709,45-54,26,One-year,40.97,498,2.5,3,Direct debit,0
NT-01710,25-34,42,Month-to-month,43.26,433,6.6,3,Direct debit,1
NT-01711,18-24,40,One-year,37.71,388,22.3,2,Direct debit,0
NT-01712,55-64,25,Month-to-month,16.76,215,25.3,3,Direct debit,0
NT-01713,35-44,41,One-year,37.62,395,14.4,0,Direct debit,0
NT-01714,18-24,28,One-year,36.89,771,5.6,0,Credit card (tokenised),0
NT-01715,65+,28,One-year,62.69,271,4.3,1,Credit card (tokenised),1
NT-01716,18-24,22,Two-year,70.3,255,9.3,0,Credit card (tokenised),0
NT-01717,45-54,61,One-year,45.71,455,5.4,0,Direct debit,0
NT-01718,65+,57,One-year,29.87,144,21.8,1,Direct debit,0
NT-01719,25-34,20,Month-to-month,46.15,356,15.2,0,Credit card (tokenised),0
NT-01720,25-34,24,Two-year,17.62,589,6.2,1,Direct debit,1
NT-01721,18-24,35,Month-to-month,31.61,358,1.0,0,Direct debit,0
NT-01722,25-34,38,Two-year,18.48,356,4.6,0,Credit card (tokenised),0
NT-01723,18-24,16,Month-to-month,44.61,69,9.2,1,Credit card (tokenised),0
NT-01724,45-54,18,Month-to-month,23.47,275,8.0,1,Direct debit,0
NT-01725,18-24,3,One-year,34.56,171,2.7,3,Direct debit,0
NT-01726,35-44,38,Month-to-month,37.47,136,17.6,2,Direct debit,0
NT-01727,65+,12,One-year,37.65,306,7.8,1,Direct debit,0
NT-01728,55-64,20,Month-to-month,32.33,478,6.7,0,Direct debit,1
NT-01729,45-54,44,Two-year,42.04,292,15.5,0,Direct debit,1
NT-01730,25-34,43,One-year,22.95,538,9.7,2,Direct debit,0
NT-01731,45-54,59,One-year,58.87,473,10.2,1,Direct debit,0
NT-01732,35-44,69,Month-to-month,25.59,223,13.2,0,Credit card (tokenised),0
NT-01733,35-44,96,Month-to-month,38.48,243,22.4,1,Bank transfer,0
NT-01734,18-24,24,One-year,45.5,86,16.0,0,Direct debit,0
NT-01735,55-64,21,Month-to-month,46.19,920,3.5,1,Direct debit,0
NT-01736,35-44,35,Month-to-month,47.3,179,46.1,0,Credit card (tokenised),1
NT-01737,25-34,13,One-year,18.89,364,9.8,1,Credit card (tokenised),0
NT-01738,35-44,25,Month-to-month,26.99,300,0.7,2,Credit card (tokenised),0
NT-01739,35-44,31,Month-to-month,39.63,748,4.9,0,Direct debit,0
NT-01740,55-64,37,Month-to-month,43.77,393,4.8,2,Credit card (tokenised),0
NT-01741,45-54,39,Month-to-month,53.09,325,23.2,0,Direct debit,0
NT-01742,55-64,25,Two-year,31.83,652,11.4,1,Direct debit,0
NT-01743,18-24,14,Month-to-month,27.14,364,10.8,2,Credit card (tokenised),0
NT-01744,35-44,16,Two-year,31.44,191,11.8,1,Credit card (tokenised),0
NT-01745,35-44,8,Month-to-month,65.11,442,14.7,0,Direct debit,0
NT-01746,18-24,21,Month-to-month,56.01,132,13.9,1,Bank transfer,0
NT-01747,25-34,13,One-year,35.97,173,4.6,2,Credit card (tokenised),0
NT-01748,55-64,22,Month-to-month,53.42,250,27.7,1,Credit card (tokenised),1
NT-01749,18-24,35,One-year,31.13,149,1.8,0,Direct debit,0
NT-01750,35-44,14,Two-year,49.45,268,24.1,0,Direct debit,0
NT-01751,25-34,30,Month-to-month,21.45,48,1.7,1,Credit card (tokenised),1
NT-01752,18-24,25,One-year,42.28,358,5.1,0,Credit card (tokenised),0
NT-01753,25-34,34,Month-to-month,50.23,428,10.2,0,Direct debit,0
NT-01754,65+,38,Month-to-month,34.08,229,8.4,1,Direct debit,0
NT-01755,55-64,24,Month-to-month,45.36,101,4.4,1,Credit card (tokenised),0
NT-01756,65+,29,Two-year,31.26,320,14.6,0,Credit card (tokenised),0
NT-01757,35-44,25,Month-to-month,41.64,472,7.5,1,Bank transfer,0
NT-01758,18-24,22,Two-year,32.22,124,16.7,2,Direct debit,1
NT-01759,35-44,19,Month-to-month,47.83,1267,5.9,4,Direct debit,0
NT-01760,35-44,37,Month-to-month,22.83,365,5.4,1,Bank transfer,0
NT-01761,55-64,54,Month-to-month,25.82,485,11.5,0,Credit card (tokenised),0
NT-01762,18-24,51,One-year,53.67,1095,18.8,1,Direct debit,0
NT-01763,35-44,13,One-year,12.0,412,17.1,0,Credit card (tokenised),0
NT-01764,25-34,53,Month-to-month,30.31,187,2.8,0,Direct debit,0
NT-01765,25-34,17,Two-year,36.3,214,9.4,0,Direct debit,0
NT-01766,45-54,31,Month-to-month,42.24,573,18.4,0,Direct debit,0
NT-01767,35-44,34,Two-year,32.27,518,7.8,0,Direct debit,0
NT-01768,35-44,11,One-year,24.49,578,19.6,1,Credit card (tokenised),1
NT-01769,35-44,26,One-year,52.72,457,24.2,1,Direct debit,0
NT-01770,35-44,55,One-year,50.64,419,21.7,1,Direct debit,1
NT-01771,55-64,6,Month-to-month,33.45,59,17.4,0,Credit card (tokenised),0
NT-01772,55-64,84,One-year,16.51,494,8.5,3,Credit card (tokenised),0
NT-01773,65+,8,One-year,41.67,405,8.7,1,Direct debit,0
NT-01774,55-64,33,Month-to-month,40.18,161,5.9,1,Bank transfer,0
NT-01775,25-34,12,One-year,30.0,214,11.8,0,Credit card (tokenised),0
NT-01776,45-54,36,Month-to-month,14.54,534,14.9,0,Credit card (tokenised),0
NT-01777,35-44,50,Month-to-month,34.74,1107,17.2,1,Direct debit,0
NT-01778,25-34,43,Month-to-month,47.2,592,10.6,5,Direct debit,0
NT-01779,55-64,12,Month-to-month,49.01,786,8.7,2,Direct debit,0
NT-01780,18-24,47,Month-to-month,37.47,117,10.4,0,Direct debit,0
NT-01781,65+,25,Two-year,30.52,613,4.2,1,Direct debit,0
NT-01782,35-44,12,Month-to-month,46.81,507,17.6,0,Direct debit,0
NT-01783,45-54,55,One-year,24.36,391,17.1,2,Credit card (tokenised),0
NT-01784,45-54,74,Month-to-month,21.74,242,4.5,2,Direct debit,0
NT-01785,55-64,30,Month-to-month,36.94,429,13.7,0,Credit card (tokenised),0
NT-01786,45-54,23,Month-to-month,56.56,550,2.9,0,Direct debit,0
NT-01787,45-54,18,Month-to-month,57.01,337,21.1,0,Credit card (tokenised),0
NT-01788,18-24,42,One-year,22.19,207,33.8,0,Direct debit,0
NT-01789,35-44,48,One-year,32.75,719,14.3,0,Credit card (tokenised),0
NT-01790,25-34,23,Month-to-month,67.21,278,15.1,2,Direct debit,1
NT-01791,45-54,61,Month-to-month,29.74,399,7.6,1,Credit card (tokenised),0
NT-01792,35-44,40,Two-year,57.44,75,8.7,1,Direct debit,0
NT-01793,45-54,30,Month-to-month,49.71,195,24.5,1,Direct debit,0
NT-01794,18-24,34,Month-to-month,52.29,621,8.8,0,Direct debit,0
NT-01795,18-24,16,One-year,32.65,594,9.5,0,Credit card (tokenised),0
NT-01796,45-54,41,Month-to-month,33.0,427,11.4,1,Direct debit,0
NT-01797,18-24,17,Two-year,27.07,85,11.5,1,Credit card (tokenised),0
NT-01798,18-24,22,One-year,47.59,213,27.8,0,Direct debit,1
NT-01799,18-24,28,Month-to-month,18.36,905,20.8,0,Direct debit,1
NT-01800,65+,68,Month-to-month,36.04,342,25.9,0,Credit card (tokenised),0
NT-01801,45-54,33,One-year,57.61,538,34.3,1,Credit card (tokenised),0
NT-01802,25-34,18,Month-to-month,45.13,209,17.5,0,Credit card (tokenised),0
NT-01803,25-34,34,Two-year,50.03,333,4.8,0,Direct debit,0
NT-01804,25-34,39,One-year,18.27,210,6.0,0,Direct debit,0
NT-01805,55-64,52,Month-to-month,26.07,262,12.7,0,Credit card (tokenised),0
NT-01806,45-54,28,One-year,52.21,187,1.6,1,Bank transfer,0
NT-01807,25-34,19,Month-to-month,39.51,292,8.9,0,Direct debit,0
NT-01808,25-34,77,Month-to-month,25.52,301,17.7,2,Credit card (tokenised),0
NT-01809,18-24,34,One-year,45.52,501,12.1,1,Credit card (tokenised),0
NT-01810,45-54,18,One-year,31.6,99,7.9,0,Credit card (tokenised),0
NT-01811,55-64,28,One-year,68.45,141,18.7,1,Bank transfer,1
NT-01812,25-34,22,Month-to-month,45.19,336,5.1,1,Credit card (tokenised),0
NT-01813,18-24,53,One-year,26.93,153,21.4,1,Credit card (tokenised),0
NT-01814,18-24,38,Month-to-month,48.57,165,14.7,2,Direct debit,0
NT-01815,65+,24,One-year,57.38,775,15.5,0,Direct debit,0
NT-01816,25-34,48,One-year,37.93,482,7.7,1,Credit card (tokenised),1
NT-01817,55-64,27,One-year,28.78,293,17.9,0,Credit card (tokenised),0
NT-01818,45-54,28,Two-year,38.53,202,12.8,1,Credit card (tokenised),0
NT-01819,35-44,19,Two-year,30.65,809,19.7,1,Direct debit,0
NT-01820,25-34,19,Two-year,34.9,123,37.3,1,Credit card (tokenised),0
NT-01821,18-24,75,Two-year,21.33,574,5.0,2,Credit card (tokenised),0
NT-01822,45-54,47,One-year,48.5,838,34.5,0,Bank transfer,0
NT-01823,55-64,9,Two-year,24.21,338,16.5,0,Direct debit,0
NT-01824,45-54,17,Two-year,45.3,413,19.0,1,Direct debit,0
NT-01825,35-44,15,One-year,34.35,428,26.0,0,Direct debit,0
NT-01826,18-24,30,Month-to-month,40.67,497,30.4,0,Credit card (tokenised),0
NT-01827,65+,23,Month-to-month,32.3,383,1.2,0,Bank transfer,0
NT-01828,55-64,58,One-year,40.35,408,8.7,0,Credit card (tokenised),0
NT-01829,25-34,24,Month-to-month,43.19,198,27.9,1,Credit card (tokenised),0
NT-01830,65+,71,One-year,33.79,82,5.8,0,Direct debit,0
NT-01831,45-54,28,Month-to-month,17.25,553,12.3,1,Credit card (tokenised),1
NT-01832,45-54,79,Month-to-month,42.04,145,9.0,0,Credit card (tokenised),0
NT-01833,45-54,26,One-year,42.69,742,5.5,1,Credit card (tokenised),0
NT-01834,55-64,26,Two-year,20.81,304,5.4,0,Bank transfer,0
NT-01835,45-54,46,Month-to-month,26.23,955,20.2,3,Credit card (tokenised),1
NT-01836,18-24,43,Two-year,33.83,406,12.5,0,Direct debit,0
NT-01837,25-34,13,One-year,12.0,251,3.7,1,Bank transfer,0
NT-01838,65+,30,Month-to-month,46.49,476,7.7,0,Bank transfer,0
NT-01839,25-34,23,Month-to-month,32.13,891,5.3,1,Bank transfer,1
NT-01840,35-44,22,Month-to-month,41.46,351,4.4,1,Credit card (tokenised),0
NT-01841,35-44,30,Month-to-month,25.25,341,18.2,0,Direct debit,0
NT-01842,35-44,25,Month-to-month,62.21,324,11.9,1,Direct debit,0
NT-01843,45-54,32,Month-to-month,20.95,248,10.5,0,Credit card (tokenised),0
NT-01844,65+,16,Month-to-month,32.02,385,1.5,1,Direct debit,1
NT-01845,25-34,11,One-year,52.39,420,24.9,0,Bank transfer,0
NT-01846,18-24,47,One-year,24.21,946,2.8,1,Direct debit,0
NT-01847,25-34,51,One-year,39.09,251,11.6,1,Direct debit,0
NT-01848,55-64,45,Month-to-month,45.52,797,13.2,1,Direct debit,0
NT-01849,45-54,29,One-year,19.92,435,7.8,3,Direct debit,0
NT-01850,25-34,24,Two-year,29.98,479,13.5,0,Credit card (tokenised),0
NT-01851,55-64,20,Month-to-month,40.28,228,21.3,1,Credit card (tokenised),0
NT-01852,55-64,18,Two-year,43.44,307,12.3,0,Direct debit,0
NT-01853,55-64,28,One-year,28.13,272,6.1,1,Credit card (tokenised),0
NT-01854,65+,50,One-year,60.09,506,3.9,2,Direct debit,1
NT-01855,25-34,19,One-year,43.77,176,3.3,1,Direct debit,0
NT-01856,45-54,50,Month-to-month,47.32,170,21.1,0,Credit card (tokenised),0
NT-01857,35-44,12,Month-to-month,46.62,68,15.0,1,Credit card (tokenised),0
NT-01858,55-64,33,Month-to-month,19.24,480,17.2,1,Bank transfer,0
NT-01859,45-54,36,Month-to-month,36.62,143,4.1,0,Direct debit,0
NT-01860,55-64,22,Month-to-month,37.81,331,9.5,0,Direct debit,1
NT-01861,45-54,16,Two-year,34.95,126,1.5,0,Bank transfer,0
NT-01862,25-34,44,Month-to-month,40.49,337,10.6,3,Direct debit,0
NT-01863,35-44,29,Two-year,12.71,325,16.7,0,Credit card (tokenised),0
NT-01864,65+,91,One-year,39.54,236,8.6,1,Bank transfer,0
NT-01865,65+,50,Month-to-month,34.36,421,22.2,0,Credit card (tokenised),0
NT-01866,18-24,50,Month-to-month,12.61,227,2.6,0,Direct debit,0
NT-01867,25-34,5,Month-to-month,43.07,546,11.7,1,Credit card (tokenised),0
NT-01868,18-24,20,Two-year,23.83,621,6.1,0,Credit card (tokenised),0
NT-01869,45-54,14,One-year,33.43,642,8.7,2,Bank transfer,0
NT-01870,55-64,8,Month-to-month,34.95,335,9.3,1,Direct debit,1
NT-01871,25-34,28,Two-year,15.85,467,10.4,1,Credit card (tokenised),0
NT-01872,35-44,43,One-year,17.19,334,11.0,0,Bank transfer,0
NT-01873,55-64,16,Month-to-month,44.54,436,6.0,1,Direct debit,1
NT-01874,45-54,8,One-year,30.75,344,1.6,1,Direct debit,1
NT-01875,35-44,17,One-year,33.29,366,11.5,1,Direct debit,1
NT-01876,45-54,26,Month-to-month,38.87,763,8.7,1,Credit card (tokenised),1
NT-01877,35-44,25,One-year,16.9,86,3.9,1,Credit card (tokenised),0
NT-01878,25-34,29,Month-to-month,33.11,375,8.4,1,Direct debit,0
NT-01879,35-44,36,Month-to-month,36.67,374,13.0,2,Direct debit,0
NT-01880,45-54,29,Month-to-month,59.17,222,3.3,3,Credit card (tokenised),0
NT-01881,55-64,44,Two-year,26.96,459,23.9,1,Direct debit,0
NT-01882,45-54,17,One-year,47.47,324,6.7,0,Direct debit,1
NT-01883,55-64,25,Month-to-month,37.98,240,5.8,1,Credit card (tokenised),0
NT-01884,25-34,39,Month-to-month,24.37,363,20.6,3,Direct debit,0
NT-01885,35-44,33,Month-to-month,30.4,788,24.2,2,Credit card (tokenised),0
NT-01886,18-24,67,One-year,48.4,1132,13.7,1,Credit card (tokenised),0
NT-01887,25-34,17,Month-to-month,47.32,292,8.3,0,Direct debit,0
NT-01888,45-54,39,One-year,31.76,273,12.1,1,Direct debit,0
NT-01889,65+,20,Two-year,42.12,322,17.6,2,Credit card (tokenised),0
NT-01890,18-24,19,One-year,25.56,109,27.1,1,Bank transfer,0
NT-01891,35-44,49,Month-to-month,35.88,301,5.9,1,Credit card (tokenised),0
NT-01892,55-64,28,Month-to-month,32.84,84,6.0,0,Direct debit,0
NT-01893,25-34,33,Month-to-month,49.18,83,11.9,0,Credit card (tokenised),0
NT-01894,35-44,21,One-year,43.55,194,8.9,2,Credit card (tokenised),0
NT-01895,45-54,22,One-year,29.89,437,2.2,0,Bank transfer,0
NT-01896,45-54,11,One-year,31.08,176,6.2,2,Credit card (tokenised),1
NT-01897,25-34,32,Month-to-month,37.65,391,4.7,0,Direct debit,0
NT-01898,25-34,16,Two-year,36.06,274,37.9,0,Direct debit,1
NT-01899,55-64,27,Month-to-month,34.65,224,11.8,1,Direct debit,0
NT-01900,35-44,44,Month-to-month,33.78,562,5.7,0,Credit card (tokenised),0
NT-01901,18-24,9,One-year,54.55,351,12.2,0,Direct debit,0
NT-01902,55-64,96,Month-to-month,32.58,425,13.9,1,Direct debit,0
NT-01903,18-24,19,One-year,41.6,273,12.1,0,Direct debit,0
NT-01904,45-54,27,One-year,67.07,518,9.3,1,Direct debit,0
NT-01905,25-34,33,One-year,27.84,151,9.6,2,Direct debit,0
NT-01906,65+,18,Month-to-month,40.31,636,16.0,3,Credit card (tokenised),0
NT-01907,35-44,22,Month-to-month,40.93,53,12.5,1,Credit card (tokenised),0
NT-01908,25-34,50,Month-to-month,37.87,61,11.6,0,Bank transfer,0
NT-01909,25-34,42,Month-to-month,38.49,237,10.1,4,Direct debit,1
NT-01910,25-34,25,Two-year,27.45,271,8.3,1,Bank transfer,0
NT-01911,55-64,29,One-year,42.31,265,14.1,2,Direct debit,0
NT-01912,65+,31,Month-to-month,15.95,176,11.3,1,Credit card (tokenised),1
NT-01913,35-44,38,Two-year,59.57,814,11.4,0,Credit card (tokenised),0
NT-01914,35-44,40,One-year,58.56,313,32.2,0,Direct debit,0
NT-01915,45-54,39,Month-to-month,34.05,644,4.2,0,Credit card (tokenised),0
NT-01916,55-64,23,Month-to-month,50.62,90,6.6,1,Bank transfer,0
NT-01917,45-54,31,Month-to-month,34.48,182,50.7,1,Bank transfer,1
NT-01918,35-44,47,Two-year,38.12,152,8.3,2,Credit card (tokenised),0
NT-01919,35-44,77,Month-to-month,29.83,78,10.5,0,Credit card (tokenised),0
NT-01920,45-54,30,Two-year,47.84,370,9.0,0,Direct debit,0
NT-01921,18-24,21,Month-to-month,31.02,232,13.7,2,Direct debit,1
NT-01922,45-54,18,Two-year,47.42,125,7.2,0,Direct debit,0
NT-01923,25-34,39,Month-to-month,37.5,194,1.4,2,Credit card (tokenised),0
NT-01924,55-64,11,Two-year,37.79,471,21.4,2,Direct debit,0
NT-01925,18-24,39,Two-year,20.1,711,0.9,0,Credit card (tokenised),0
NT-01926,45-54,40,Month-to-month,38.72,237,37.6,3,Direct debit,0
NT-01927,35-44,22,One-year,24.25,209,15.6,0,Credit card (tokenised),0
NT-01928,45-54,33,One-year,38.74,247,5.2,1,Credit card (tokenised),0
NT-01929,18-24,26,Two-year,61.28,201,5.5,0,Credit card (tokenised),0
NT-01930,35-44,13,Month-to-month,21.33,210,1.5,0,Credit card (tokenised),0
NT-01931,35-44,38,Month-to-month,36.24,751,4.7,1,Credit card (tokenised),0
NT-01932,35-44,36,Two-year,30.37,485,5.3,1,Credit card (tokenised),0
NT-01933,45-54,23,One-year,25.52,529,17.8,1,Direct debit,1
NT-01934,45-54,77,Month-to-month,28.51,174,12.2,1,Credit card (tokenised),0
NT-01935,55-64,29,One-year,55.65,469,1.4,1,Direct debit,0
NT-01936,25-34,9,Month-to-month,58.84,281,1.6,1,Credit card (tokenised),1
NT-01937,55-64,48,One-year,25.44,158,4.0,3,Direct debit,0
NT-01938,35-44,43,Month-to-month,42.81,1025,4.3,0,Bank transfer,0
NT-01939,18-24,45,Month-to-month,26.97,413,26.3,2,Credit card (tokenised),0
NT-01940,18-24,16,Month-to-month,29.86,740,4.9,1,Direct debit,0
NT-01941,25-34,32,Month-to-month,13.41,596,29.4,3,Credit card (tokenised),0
NT-01942,55-64,29,Month-to-month,63.58,85,13.2,1,Credit card (tokenised),0
NT-01943,45-54,26,Month-to-month,51.18,177,16.0,1,Direct debit,0
NT-01944,55-64,54,Month-to-month,30.18,468,9.7,1,Credit card (tokenised),0
NT-01945,35-44,29,Month-to-month,41.42,264,4.5,0,Direct debit,0
NT-01946,35-44,23,One-year,33.2,417,6.0,1,Credit card (tokenised),0
NT-01947,25-34,23,Month-to-month,49.35,586,29.1,0,Direct debit,0
NT-01948,25-34,15,Month-to-month,33.9,82,15.6,1,Direct debit,0
NT-01949,35-44,31,One-year,35.66,398,15.2,0,Credit card (tokenised),0
NT-01950,18-24,57,Two-year,30.06,231,20.8,0,Direct debit,0
NT-01951,25-34,24,One-year,45.25,498,15.6,0,Bank transfer,0
NT-01952,45-54,33,Month-to-month,64.51,643,4.1,1,Credit card (tokenised),0
NT-01953,45-54,26,One-year,34.59,313,5.5,0,Direct debit,1
NT-01954,65+,28,Two-year,34.45,288,11.3,2,Credit card (tokenised),1
NT-01955,65+,44,Month-to-month,37.7,412,34.4,1,Bank transfer,0
NT-01956,45-54,15,Two-year,41.12,493,18.8,3,Bank transfer,0
NT-01957,35-44,12,Month-to-month,34.41,914,6.6,0,Direct debit,0
NT-01958,45-54,48,Month-to-month,33.29,62,14.3,1,Direct debit,0
NT-01959,55-64,21,Month-to-month,38.99,884,4.5,1,Bank transfer,0
NT-01960,18-24,23,One-year,16.99,605,8.5,1,Direct debit,0
NT-01961,35-44,85,Month-to-month,31.43,734,16.2,1,Credit card (tokenised),0
NT-01962,55-64,43,Month-to-month,13.99,309,20.3,0,Direct debit,0
NT-01963,35-44,17,Month-to-month,32.09,254,5.7,1,Credit card (tokenised),0
NT-01964,35-44,50,Month-to-month,26.62,96,7.2,0,Bank transfer,0
NT-01965,45-54,43,Month-to-month,45.52,211,20.6,0,Credit card (tokenised),1
NT-01966,25-34,3,One-year,29.18,470,8.5,0,Credit card (tokenised),0
NT-01967,35-44,31,Month-to-month,33.61,208,5.6,1,Direct debit,0
NT-01968,25-34,16,Two-year,12.23,348,18.2,1,Direct debit,0
NT-01969,18-24,28,Month-to-month,50.27,432,12.5,0,Direct debit,0
NT-01970,18-24,77,Month-to-month,24.96,505,12.8,1,Bank transfer,0
NT-01971,55-64,45,Month-to-month,32.21,996,2.1,1,Credit card (tokenised),0
NT-01972,25-34,48,Month-to-month,47.34,344,4.4,3,Direct debit,1
NT-01973,35-44,26,Month-to-month,47.38,486,10.6,1,Direct debit,0
NT-01974,25-34,48,One-year,24.67,269,8.7,2,Credit card (tokenised),0
NT-01975,65+,19,One-year,44.32,159,17.5,3,Direct debit,0
NT-01976,25-34,31,Month-to-month,24.22,226,11.0,0,Direct debit,1
NT-01977,35-44,44,Month-to-month,40.79,299,3.8,1,Credit card (tokenised),0
NT-01978,55-64,43,Month-to-month,28.59,431,7.2,1,Direct debit,0
NT-01979,55-64,12,One-year,25.82,894,3.9,3,Direct debit,0
NT-01980,25-34,69,One-year,38.42,327,20.4,4,Bank transfer,0
NT-01981,55-64,17,Month-to-month,29.32,242,8.1,1,Credit card (tokenised),0
NT-01982,35-44,93,Month-to-month,62.22,241,8.5,0,Credit card (tokenised),0
NT-01983,35-44,44,Two-year,30.59,395,5.0,2,Credit card (tokenised),0
NT-01984,18-24,42,Month-to-month,23.7,389,3.1,1,Direct debit,0
NT-01985,18-24,18,Month-to-month,27.21,372,7.3,2,Credit card (tokenised),0
NT-01986,45-54,22,Month-to-month,37.79,308,4.5,1,Direct debit,0
NT-01987,35-44,66,One-year,39.34,520,0.6,1,Bank transfer,0
NT-01988,35-44,62,Two-year,41.71,77,7.6,0,Direct debit,0
NT-01989,45-54,26,Two-year,48.94,466,8.3,0,Bank transfer,0
NT-01990,55-64,25,One-year,17.95,255,6.5,1,Credit card (tokenised),0
NT-01991,25-34,26,Month-to-month,49.49,419,3.6,0,Direct debit,0
NT-01992,45-54,50,Month-to-month,27.03,459,8.2,0,Direct debit,0
NT-01993,18-24,48,Month-to-month,42.82,238,8.9,0,Direct debit,0
NT-01994,45-54,35,Two-year,58.65,1078,4.4,0,Direct debit,0
NT-01995,45-54,31,One-year,28.42,175,9.6,0,Credit card (tokenised),0
NT-01996,65+,26,Month-to-month,27.92,689,3.7,0,Credit card (tokenised),0
NT-01997,18-24,89,Month-to-month,25.71,306,28.5,0,Credit card (tokenised),0
NT-01998,18-24,13,Month-to-month,33.94,566,3.4,0,Direct debit,0
NT-01999,25-34,23,Two-year,53.18,101,0.7,0,Direct debit,0
NT-02000,25-34,34,Month-to-month,24.63,446,6.3,1,Credit card (tokenised),1
NT-02001,25-34,11,Month-to-month,32.07,322,9.8,1,Credit card (tokenised),0
NT-02002,65+,21,Month-to-month,49.71,470,25.3,0,Direct debit,1
NT-02003,25-34,77,Month-to-month,45.49,469,8.1,2,Direct debit,0
NT-02004,25-34,46,Two-year,32.0,543,4.6,0,Direct debit,0
NT-02005,45-54,21,Two-year,35.47,682,13.3,1,Direct debit,0
NT-02006,35-44,21,Two-year,48.99,788,7.8,1,Credit card (tokenised),0
NT-02007,55-64,13,One-year,56.98,122,7.2,1,Direct debit,0
NT-02008,18-24,23,One-year,58.41,92,12.6,1,Bank transfer,1
NT-02009,35-44,38,One-year,54.56,250,12.0,1,Direct debit,0
NT-02010,18-24,35,Month-to-month,29.96,378,8.0,3,Direct debit,0
NT-02011,18-24,23,One-year,59.82,257,8.6,1,Direct debit,1
NT-02012,65+,17,Month-to-month,29.13,571,18.9,2,Credit card (tokenised),0
NT-02013,18-24,26,One-year,18.19,748,6.7,2,Credit card (tokenised),0
NT-02014,35-44,26,Month-to-month,39.35,524,20.0,0,Bank transfer,0
NT-02015,35-44,43,Month-to-month,55.71,134,4.1,1,Direct debit,0
NT-02016,25-34,33,One-year,45.96,694,7.3,1,Direct debit,0
NT-02017,55-64,30,Two-year,37.12,231,12.7,0,Bank transfer,0
NT-02018,18-24,52,Month-to-month,41.5,67,14.8,2,Direct debit,1
NT-02019,45-54,62,Month-to-month,44.39,154,8.5,2,Credit card (tokenised),0
NT-02020,65+,35,Two-year,39.77,565,11.3,1,Credit card (tokenised),0
NT-02021,35-44,35,One-year,34.46,476,10.2,1,Direct debit,0
NT-02022,65+,27,Month-to-month,29.11,335,7.0,1,Direct debit,0
NT-02023,18-24,18,One-year,39.35,271,22.5,1,Credit card (tokenised),0
NT-02024,35-44,45,Month-to-month,36.53,143,5.2,0,Credit card (tokenised),0
NT-02025,25-34,40,Month-to-month,38.04,247,26.7,1,Credit card (tokenised),0
NT-02026,45-54,28,Two-year,50.55,119,2.3,1,Direct debit,0
NT-02027,65+,33,Month-to-month,35.03,474,10.0,1,Credit card (tokenised),0
NT-02028,25-34,51,Month-to-month,35.5,558,8.6,0,Credit card (tokenised),0
NT-02029,45-54,55,Month-to-month,40.28,488,3.9,2,Credit card (tokenised),0
NT-02030,25-34,5,Month-to-month,69.51,586,25.7,0,Direct debit,1
NT-02031,35-44,20,Month-to-month,24.9,367,26.9,0,Bank transfer,1
NT-02032,35-44,28,Month-to-month,51.1,571,2.5,1,Direct debit,1
NT-02033,65+,15,Month-to-month,34.41,43,2.5,0,Direct debit,0
NT-02034,45-54,33,Month-to-month,37.27,314,11.6,1,Direct debit,0
NT-02035,25-34,21,Month-to-month,22.25,481,31.5,3,Credit card (tokenised),0
NT-02036,18-24,34,Month-to-month,60.57,227,8.8,1,Direct debit,0
NT-02037,25-34,21,One-year,40.67,301,19.4,0,Bank transfer,0
NT-02038,25-34,22,One-year,45.91,306,7.5,1,Credit card (tokenised),1
NT-02039,25-34,33,Month-to-month,20.01,344,33.0,1,Credit card (tokenised),0
NT-02040,55-64,46,One-year,30.29,185,17.4,0,Credit card (tokenised),0
NT-02041,35-44,39,Two-year,42.95,307,2.5,2,Direct debit,1
NT-02042,35-44,28,Two-year,36.07,557,14.4,0,Credit card (tokenised),0
NT-02043,18-24,9,Month-to-month,43.36,140,8.2,0,Bank transfer,1
NT-02044,55-64,21,One-year,63.23,191,3.2,0,Direct debit,0
NT-02045,45-54,20,Month-to-month,44.06,326,17.3,0,Credit card (tokenised),0
NT-02046,18-24,42,Month-to-month,32.62,475,8.3,0,Credit card (tokenised),0
NT-02047,45-54,31,Month-to-month,30.18,141,8.8,1,Credit card (tokenised),0
NT-02048,35-44,32,Month-to-month,28.82,223,6.7,1,Direct debit,0
NT-02049,18-24,18,Month-to-month,32.87,779,5.8,1,Direct debit,0
NT-02050,35-44,56,One-year,33.37,350,28.4,0,Direct debit,0
NT-02051,35-44,32,One-year,39.43,457,28.7,1,Direct debit,0
NT-02052,25-34,18,Month-to-month,44.34,589,14.4,1,Bank transfer,0
NT-02053,65+,18,Month-to-month,43.23,351,8.6,1,Direct debit,1
NT-02054,55-64,34,Month-to-month,39.59,144,34.4,1,Credit card (tokenised),0
NT-02055,45-54,17,Month-to-month,40.41,286,14.3,1,Direct debit,1
NT-02056,35-44,20,Two-year,68.43,474,8.9,0,Credit card (tokenised),0
NT-02057,35-44,15,One-year,29.33,502,5.1,2,Direct debit,0
NT-02058,45-54,42,Two-year,37.56,232,29.6,1,Credit card (tokenised),0
NT-02059,35-44,17,One-year,16.58,216,11.0,2,Credit card (tokenised),0
NT-02060,18-24,61,Month-to-month,33.41,216,25.8,1,Direct debit,0
NT-02061,35-44,36,Month-to-month,27.21,506,20.7,2,Credit card (tokenised),0
NT-02062,55-64,15,Month-to-month,29.24,243,25.6,0,Bank transfer,0
NT-02063,35-44,39,Month-to-month,23.77,81,2.0,1,Direct debit,0
NT-02064,18-24,56,One-year,21.77,270,24.0,2,Bank transfer,0
NT-02065,55-64,28,Month-to-month,39.47,468,3.9,1,Credit card (tokenised),0
NT-02066,25-34,59,Month-to-month,46.52,568,5.0,1,Bank transfer,0
NT-02067,25-34,37,One-year,28.74,227,15.6,1,Bank transfer,0
NT-02068,25-34,21,Two-year,13.67,323,14.1,0,Direct debit,0
NT-02069,25-34,78,Month-to-month,39.33,313,13.0,0,Credit card (tokenised),0
NT-02070,45-54,13,One-year,43.63,288,4.6,1,Credit card (tokenised),0
NT-02071,35-44,24,Month-to-month,46.08,287,3.0,0,Direct debit,0
NT-02072,25-34,28,Month-to-month,25.74,83,25.7,0,Bank transfer,0
NT-02073,55-64,71,Month-to-month,30.73,432,15.0,1,Credit card (tokenised),0
NT-02074,55-64,42,Month-to-month,24.68,577,10.4,0,Direct debit,0
NT-02075,55-64,38,One-year,29.13,292,29.7,1,Direct debit,0
NT-02076,25-34,19,Month-to-month,28.52,168,21.3,0,Credit card (tokenised),1
NT-02077,35-44,27,One-year,31.88,411,22.9,2,Direct debit,0
NT-02078,65+,21,Two-year,34.98,890,13.0,1,Direct debit,0
NT-02079,55-64,38,Month-to-month,39.38,403,2.4,1,Bank transfer,0
NT-02080,18-24,52,One-year,27.85,363,3.7,2,Credit card (tokenised),0
NT-02081,18-24,86,Month-to-month,36.32,178,2.6,0,Credit card (tokenised),0
NT-02082,35-44,22,Month-to-month,27.12,89,6.7,1,Direct debit,0
NT-02083,65+,12,One-year,16.94,305,18.1,1,Direct debit,0
NT-02084,35-44,24,One-year,44.49,405,7.3,0,Direct debit,0
NT-02085,35-44,48,Month-to-month,30.05,688,14.0,1,Credit card (tokenised),0
NT-02086,18-24,18,Two-year,17.2,354,6.1,1,Direct debit,0
NT-02087,45-54,29,Month-to-month,44.73,105,10.0,1,Direct debit,1
NT-02088,55-64,39,Two-year,34.99,180,5.9,0,Bank transfer,1
NT-02089,35-44,23,Month-to-month,43.43,371,10.9,1,Credit card (tokenised),1
NT-02090,55-64,33,Month-to-month,43.02,370,7.0,0,Credit card (tokenised),0
NT-02091,65+,17,Month-to-month,24.87,498,6.3,0,Credit card (tokenised),0
NT-02092,25-34,53,Month-to-month,49.17,197,13.2,3,Direct debit,0
NT-02093,35-44,25,One-year,16.01,701,1.2,0,Direct debit,1
NT-02094,25-34,32,One-year,33.23,427,15.7,0,Bank transfer,0
NT-02095,55-64,9,Month-to-month,32.44,193,12.5,0,Direct debit,0
NT-02096,35-44,15,Month-to-month,28.68,280,19.9,0,Credit card (tokenised),0
NT-02097,45-54,47,Month-to-month,52.71,145,12.2,3,Credit card (tokenised),0
NT-02098,55-64,23,Month-to-month,41.61,495,19.9,2,Credit card (tokenised),1
NT-02099,35-44,17,One-year,21.1,619,10.4,1,Direct debit,0
NT-02100,65+,12,One-year,22.84,832,3.9,0,Credit card (tokenised),0
NT-02101,35-44,53,Two-year,63.85,317,7.1,1,Direct debit,0
NT-02102,25-34,41,Month-to-month,32.28,380,15.6,0,Direct debit,0
NT-02103,45-54,40,Month-to-month,28.45,360,12.8,0,Credit card (tokenised),0
NT-02104,55-64,63,One-year,51.88,599,5.1,2,Credit card (tokenised),0
NT-02105,25-34,24,Two-year,16.67,209,8.3,2,Credit card (tokenised),0
NT-02106,55-64,13,One-year,54.64,280,15.9,3,Credit card (tokenised),0
NT-02107,65+,30,Month-to-month,28.43,389,7.2,0,Direct debit,0
NT-02108,25-34,69,Month-to-month,44.18,578,16.4,2,Direct debit,0
NT-02109,65+,30,One-year,32.25,664,6.4,0,Direct debit,0
NT-02110,25-34,51,One-year,19.11,544,4.7,1,Credit card (tokenised),0
NT-02111,25-34,13,Two-year,40.14,296,3.2,2,Direct debit,0
NT-02112,25-34,19,Month-to-month,49.37,456,14.9,0,Direct debit,0
NT-02113,55-64,46,Two-year,12.0,333,5.7,3,Bank transfer,0
NT-02114,45-54,32,Month-to-month,24.13,242,12.5,0,Direct debit,0
NT-02115,25-34,27,Two-year,52.85,358,3.1,2,Direct debit,0
NT-02116,35-44,50,Two-year,42.77,1197,6.5,0,Credit card (tokenised),0
NT-02117,45-54,45,One-year,43.57,206,9.3,1,Direct debit,0
NT-02118,18-24,32,One-year,49.17,221,17.1,1,Direct debit,0
NT-02119,55-64,6,Month-to-month,43.61,318,2.4,0,Bank transfer,0
NT-02120,55-64,29,Month-to-month,39.77,566,6.2,2,Bank transfer,0
NT-02121,35-44,36,Month-to-month,51.39,103,12.2,1,Direct debit,0
NT-02122,65+,10,Month-to-month,33.32,511,14.9,1,Direct debit,0
NT-02123,35-44,36,Month-to-month,37.8,237,5.2,0,Credit card (tokenised),0
NT-02124,65+,52,Month-to-month,47.91,489,19.4,0,Direct debit,0
NT-02125,45-54,29,Two-year,28.82,393,6.8,1,Direct debit,0
NT-02126,45-54,16,Month-to-month,55.1,275,4.5,0,Direct debit,0
NT-02127,25-34,6,One-year,41.5,134,2.8,0,Direct debit,0
NT-02128,55-64,36,One-year,24.21,578,16.4,0,Bank transfer,0
NT-02129,35-44,10,Month-to-month,35.68,312,23.5,0,Direct debit,1
NT-02130,25-34,40,Month-to-month,21.37,275,12.7,0,Direct debit,0
NT-02131,18-24,68,Month-to-month,39.03,213,32.3,0,Credit card (tokenised),1
NT-02132,35-44,19,One-year,33.45,413,6.7,0,Direct debit,0
NT-02133,35-44,26,One-year,27.62,569,10.8,0,Credit card (tokenised),0
NT-02134,45-54,70,Month-to-month,16.64,334,9.1,1,Direct debit,0
NT-02135,55-64,31,One-year,28.5,212,1.0,1,Credit card (tokenised),0
NT-02136,18-24,23,Month-to-month,35.83,647,2.1,2,Credit card (tokenised),1
NT-02137,45-54,48,One-year,33.54,170,5.4,1,Direct debit,0
NT-02138,25-34,23,Month-to-month,20.96,301,21.8,0,Direct debit,0
NT-02139,55-64,19,One-year,38.26,601,7.4,2,Credit card (tokenised),0
NT-02140,55-64,39,Two-year,26.17,286,27.2,0,Credit card (tokenised),0
NT-02141,35-44,50,One-year,49.06,128,5.4,1,Direct debit,0
NT-02142,45-54,5,Month-to-month,50.83,377,30.1,0,Bank transfer,1
NT-02143,25-34,19,Month-to-month,34.92,657,3.9,1,Bank transfer,0
NT-02144,35-44,32,One-year,56.91,239,3.3,0,Direct debit,0
NT-02145,55-64,26,Month-to-month,36.31,258,15.4,1,Credit card (tokenised),1
NT-02146,35-44,29,Month-to-month,22.39,574,1.3,1,Direct debit,0
NT-02147,25-34,16,One-year,52.22,39,2.3,1,Direct debit,0
NT-02148,35-44,41,Month-to-month,57.37,667,14.6,0,Direct debit,0
NT-02149,55-64,60,Month-to-month,49.94,227,31.4,0,Credit card (tokenised),0
NT-02150,25-34,18,Two-year,28.83,107,21.9,3,Direct debit,0
NT-02151,25-34,41,Month-to-month,23.18,293,11.9,1,Credit card (tokenised),0
NT-02152,45-54,47,Month-to-month,33.8,471,13.3,2,Credit card (tokenised),0
NT-02153,55-64,32,One-year,67.72,276,8.5,2,Credit card (tokenised),1
NT-02154,18-24,40,Two-year,23.88,155,3.3,0,Credit card (tokenised),0
NT-02155,25-34,20,Month-to-month,47.85,569,10.2,0,Credit card (tokenised),0
NT-02156,25-34,59,One-year,36.89,306,5.2,0,Direct debit,0
NT-02157,25-34,50,One-year,49.33,96,15.0,1,Bank transfer,0
NT-02158,35-44,53,Month-to-month,22.88,103,25.0,1,Direct debit,0
NT-02159,45-54,15,Month-to-month,35.01,413,3.3,1,Credit card (tokenised),0
NT-02160,45-54,37,Month-to-month,27.22,129,1.4,1,Credit card (tokenised),0
NT-02161,45-54,20,One-year,27.91,840,38.5,0,Direct debit,0
NT-02162,25-34,61,One-year,46.84,352,23.1,1,Direct debit,0
NT-02163,55-64,19,Month-to-month,24.57,197,1.3,1,Direct debit,0
NT-02164,35-44,33,One-year,41.48,193,18.1,1,Direct debit,0
NT-02165,65+,8,One-year,38.67,343,9.0,0,Bank transfer,0
NT-02166,45-54,33,Month-to-month,26.55,734,25.5,0,Credit card (tokenised),0
NT-02167,18-24,15,One-year,29.15,224,14.7,2,Direct debit,1
NT-02168,45-54,38,Month-to-month,42.01,283,16.5,1,Credit card (tokenised),0
NT-02169,25-34,27,Two-year,37.7,407,18.2,0,Bank transfer,0
NT-02170,45-54,24,One-year,38.46,286,0.6,0,Bank transfer,0
NT-02171,18-24,62,One-year,35.21,126,16.1,0,Direct debit,0
NT-02172,25-34,80,One-year,34.43,344,24.9,0,Credit card (tokenised),0
NT-02173,55-64,12,One-year,37.74,221,10.9,0,Bank transfer,0
NT-02174,25-34,24,Two-year,55.27,276,3.5,1,Credit card (tokenised),0
NT-02175,55-64,44,One-year,44.35,790,8.3,1,Bank transfer,0
NT-02176,25-34,35,Two-year,36.43,286,7.6,0,Bank transfer,1
NT-02177,45-54,43,One-year,25.02,64,11.3,0,Credit card (tokenised),0
NT-02178,45-54,28,Month-to-month,32.97,269,28.8,0,Credit card (tokenised),0
NT-02179,35-44,51,Two-year,26.96,313,7.9,1,Direct debit,0
NT-02180,25-34,32,One-year,28.44,466,5.2,0,Bank transfer,0
NT-02181,25-34,36,One-year,15.55,376,21.6,0,Credit card (tokenised),0
NT-02182,18-24,15,Two-year,37.86,373,5.4,1,Credit card (tokenised),0
NT-02183,25-34,30,Month-to-month,62.81,392,9.8,0,Credit card (tokenised),0
NT-02184,45-54,44,Month-to-month,40.35,504,21.9,0,Bank transfer,0
NT-02185,65+,34,Month-to-month,46.73,124,6.2,1,Credit card (tokenised),0
NT-02186,55-64,72,One-year,49.52,953,18.2,1,Direct debit,0
NT-02187,55-64,31,One-year,34.56,259,8.3,1,Credit card (tokenised),0
NT-02188,55-64,37,Two-year,35.36,163,2.6,1,Credit card (tokenised),0
NT-02189,45-54,32,Month-to-month,21.24,413,14.5,0,Credit card (tokenised),0
NT-02190,25-34,28,One-year,40.36,278,12.1,1,Bank transfer,0
NT-02191,65+,45,Two-year,38.67,544,12.3,1,Bank transfer,0
NT-02192,45-54,27,One-year,27.73,228,2.7,0,Credit card (tokenised),0
NT-02193,35-44,14,Month-to-month,51.78,585,13.4,1,Direct debit,0
NT-02194,18-24,61,One-year,28.68,165,13.8,1,Direct debit,0
NT-02195,35-44,21,Two-year,72.17,845,26.6,1,Credit card (tokenised),0
NT-02196,35-44,12,Two-year,42.84,322,13.0,0,Direct debit,0
NT-02197,55-64,40,One-year,37.74,715,5.4,0,Credit card (tokenised),0
NT-02198,35-44,64,Two-year,61.27,148,20.0,0,Credit card (tokenised),0
NT-02199,35-44,40,Month-to-month,12.0,491,30.1,3,Direct debit,0
NT-02200,65+,56,Month-to-month,34.57,484,16.0,2,Direct debit,0
NT-02201,18-24,17,Two-year,32.8,292,9.4,1,Bank transfer,1
NT-02202,35-44,14,Month-to-month,35.83,67,2.8,0,Credit card (tokenised),1
NT-02203,18-24,24,Month-to-month,40.71,494,8.7,0,Direct debit,0
NT-02204,45-54,49,Month-to-month,35.47,266,20.2,1,Credit card (tokenised),0
NT-02205,65+,38,One-year,54.81,651,7.7,0,Credit card (tokenised),0
NT-02206,25-34,40,One-year,43.22,555,2.4,0,Direct debit,0
NT-02207,55-64,31,Month-to-month,43.81,649,15.2,2,Credit card (tokenised),0
NT-02208,25-34,24,Two-year,43.55,446,9.9,1,Direct debit,0
NT-02209,65+,32,Two-year,22.54,349,6.6,1,Credit card (tokenised),0
NT-02210,45-54,27,Month-to-month,40.42,730,4.9,1,Bank transfer,0
NT-02211,55-64,23,Month-to-month,40.84,1151,7.4,1,Direct debit,0
NT-02212,18-24,36,One-year,24.51,331,3.8,0,Bank transfer,0
NT-02213,65+,25,One-year,48.63,643,12.3,1,Bank transfer,1
NT-02214,45-54,34,Month-to-month,13.55,214,4.9,3,Direct debit,0
NT-02215,25-34,8,Month-to-month,68.24,160,1.1,0,Direct debit,0
NT-02216,55-64,32,Month-to-month,37.55,216,17.3,2,Credit card (tokenised),0
NT-02217,25-34,25,Month-to-month,27.73,205,13.7,0,Direct debit,0
NT-02218,55-64,58,Month-to-month,45.41,503,8.4,0,Direct debit,0
NT-02219,18-24,11,One-year,45.51,243,3.4,1,Direct debit,0
NT-02220,45-54,31,One-year,62.55,169,26.8,1,Direct debit,0
NT-02221,35-44,45,One-year,59.39,170,18.4,1,Direct debit,0
NT-02222,18-24,27,Month-to-month,22.04,441,2.4,0,Credit card (tokenised),1
NT-02223,25-34,25,One-year,34.76,501,12.4,0,Credit card (tokenised),0
NT-02224,18-24,45,Month-to-month,27.08,460,6.2,0,Credit card (tokenised),0
NT-02225,35-44,38,Month-to-month,46.91,490,4.6,1,Credit card (tokenised),0
NT-02226,25-34,39,One-year,54.98,267,22.6,2,Bank transfer,0
NT-02227,45-54,23,One-year,22.2,936,20.0,1,Bank transfer,0
NT-02228,25-34,22,Month-to-month,37.24,271,4.6,1,Credit card (tokenised),0
NT-02229,25-34,34,One-year,30.42,234,8.7,0,Direct debit,0
NT-02230,45-54,46,Two-year,48.13,495,6.9,4,Direct debit,0
NT-02231,18-24,13,One-year,42.91,264,5.5,3,Bank transfer,0
NT-02232,65+,28,One-year,52.11,232,11.3,0,Bank transfer,0
NT-02233,55-64,22,Two-year,32.95,278,3.7,0,Credit card (tokenised),0
NT-02234,45-54,30,One-year,36.6,368,3.0,0,Credit card (tokenised),0
NT-02235,45-54,42,One-year,42.73,586,8.2,0,Credit card (tokenised),0
NT-02236,55-64,18,Month-to-month,34.75,101,7.4,0,Direct debit,0
NT-02237,25-34,40,Month-to-month,41.59,587,1.9,0,Direct debit,0
NT-02238,18-24,24,One-year,53.24,123,19.8,0,Direct debit,0
NT-02239,25-34,50,One-year,63.6,136,38.6,1,Credit card (tokenised),0
NT-02240,55-64,19,Month-to-month,32.14,380,23.6,1,Credit card (tokenised),0
NT-02241,18-24,46,Two-year,63.77,107,2.7,1,Direct debit,0
NT-02242,45-54,14,Month-to-month,31.97,228,22.0,0,Direct debit,0
NT-02243,65+,32,One-year,48.43,550,3.5,0,Bank transfer,0
NT-02244,55-64,41,Month-to-month,32.07,494,13.9,3,Direct debit,0
NT-02245,35-44,19,Month-to-month,25.64,585,6.9,0,Bank transfer,0
NT-02246,18-24,7,One-year,52.67,218,15.9,1,Credit card (tokenised),0
NT-02247,55-64,23,Month-to-month,37.41,272,9.3,0,Direct debit,0
NT-02248,45-54,30,Month-to-month,53.41,128,18.5,1,Direct debit,1
NT-02249,18-24,25,Month-to-month,47.02,277,24.1,1,Credit card (tokenised),0
NT-02250,18-24,22,Month-to-month,42.93,132,10.8,0,Credit card (tokenised),0
NT-02251,65+,45,One-year,44.61,1176,5.3,1,Direct debit,0
NT-02252,45-54,53,Two-year,51.06,420,13.6,2,Direct debit,0
NT-02253,55-64,51,Month-to-month,49.12,366,42.0,1,Direct debit,1
NT-02254,55-64,37,One-year,33.15,210,4.1,1,Credit card (tokenised),0
NT-02255,35-44,40,One-year,43.08,197,4.0,2,Direct debit,0
NT-02256,35-44,17,Two-year,56.01,248,7.6,3,Credit card (tokenised),0
NT-02257,35-44,28,Two-year,38.54,394,8.1,1,Bank transfer,0
NT-02258,25-34,31,One-year,32.07,161,8.6,1,Direct debit,1
NT-02259,35-44,34,Month-to-month,30.54,130,23.8,1,Direct debit,0
NT-02260,55-64,34,Month-to-month,48.19,38,15.3,1,Direct debit,0
NT-02261,45-54,30,Month-to-month,35.11,426,13.8,2,Direct debit,0
NT-02262,55-64,37,One-year,42.35,298,10.3,2,Direct debit,0
NT-02263,35-44,33,One-year,34.54,247,5.4,0,Direct debit,0
NT-02264,45-54,33,One-year,52.09,159,7.8,2,Credit card (tokenised),0
NT-02265,45-54,20,One-year,39.8,248,6.7,1,Direct debit,1
NT-02266,45-54,15,Month-to-month,55.14,658,10.2,2,Direct debit,0
NT-02267,45-54,34,One-year,54.7,191,3.0,1,Bank transfer,0
NT-02268,25-34,23,Month-to-month,36.94,455,3.7,0,Credit card (tokenised),1
NT-02269,35-44,20,Month-to-month,54.0,494,3.5,2,Bank transfer,0
NT-02270,18-24,41,Month-to-month,33.95,151,1.9,1,Direct debit,0
NT-02271,35-44,29,Two-year,41.19,170,19.0,0,Direct debit,0
NT-02272,35-44,56,Month-to-month,28.64,308,17.9,0,Credit card (tokenised),0
NT-02273,45-54,39,One-year,45.12,909,8.8,0,Credit card (tokenised),0
NT-02274,65+,19,Month-to-month,41.62,552,9.8,0,Bank transfer,0
NT-02275,45-54,41,Month-to-month,44.17,309,3.1,0,Credit card (tokenised),0
NT-02276,45-54,36,Two-year,21.68,563,45.0,0,Credit card (tokenised),0
NT-02277,35-44,19,One-year,14.13,63,10.6,2,Credit card (tokenised),0
NT-02278,45-54,22,Month-to-month,24.41,293,11.3,0,Credit card (tokenised),0
NT-02279,18-24,40,Month-to-month,43.99,60,13.6,0,Credit card (tokenised),0
NT-02280,25-34,10,Two-year,46.08,352,20.4,1,Direct debit,0
NT-02281,35-44,8,Month-to-month,51.55,480,14.3,1,Credit card (tokenised),1
NT-02282,35-44,32,One-year,33.15,227,10.5,1,Credit card (tokenised),1
NT-02283,18-24,31,Month-to-month,40.5,220,9.6,0,Bank transfer,0
NT-02284,25-34,34,Month-to-month,29.59,313,3.6,0,Bank transfer,0
NT-02285,25-34,31,Month-to-month,54.41,240,20.5,0,Direct debit,0
NT-02286,65+,37,One-year,29.49,263,14.2,1,Bank transfer,0
NT-02287,25-34,53,One-year,52.14,597,10.7,1,Bank transfer,0
NT-02288,35-44,30,Month-to-month,34.98,495,7.7,1,Direct debit,0
NT-02289,25-34,12,One-year,56.9,397,8.6,1,Credit card (tokenised),0
NT-02290,45-54,9,Two-year,40.2,111,9.2,0,Direct debit,0
NT-02291,25-34,24,Two-year,39.93,439,5.7,2,Direct debit,0
NT-02292,25-34,25,Month-to-month,28.95,306,17.0,0,Credit card (tokenised),0
NT-02293,35-44,14,Month-to-month,64.0,21,5.1,1,Direct debit,0
NT-02294,18-24,7,Two-year,49.89,242,18.5,0,Credit card (tokenised),0
NT-02295,18-24,24,Month-to-month,44.14,264,15.4,3,Direct debit,0
NT-02296,25-34,64,Month-to-month,40.87,666,9.6,0,Credit card (tokenised),0
NT-02297,18-24,36,Two-year,30.07,541,2.8,1,Direct debit,0
NT-02298,18-24,34,Month-to-month,46.08,261,11.4,0,Credit card (tokenised),0
NT-02299,25-34,27,Month-to-month,37.2,751,7.5,1,Credit card (tokenised),0
NT-02300,55-64,24,Month-to-month,38.69,518,17.2,1,Bank transfer,0
NT-02301,35-44,38,One-year,48.69,196,10.3,2,Bank transfer,0
NT-02302,35-44,15,Month-to-month,41.41,193,16.5,0,Direct debit,0
NT-02303,25-34,73,Two-year,38.22,349,3.3,1,Credit card (tokenised),0
NT-02304,65+,15,One-year,55.23,168,9.2,1,Direct debit,0
NT-02305,35-44,39,Month-to-month,28.17,801,3.5,1,Credit card (tokenised),0
NT-02306,18-24,16,Month-to-month,18.14,355,4.8,0,Direct debit,1
NT-02307,45-54,31,Month-to-month,28.45,176,12.4,0,Direct debit,0
NT-02308,18-24,42,One-year,39.82,693,3.6,1,Credit card (tokenised),0
NT-02309,25-34,11,Month-to-month,46.33,58,3.7,0,Direct debit,0
NT-02310,35-44,17,Two-year,29.07,356,11.1,0,Direct debit,0
NT-02311,55-64,18,Month-to-month,82.25,298,3.8,0,Bank transfer,0
NT-02312,35-44,26,Month-to-month,40.19,127,21.2,0,Direct debit,0
NT-02313,45-54,33,Month-to-month,39.82,727,1.6,2,Credit card (tokenised),0
NT-02314,65+,65,One-year,22.52,233,22.5,0,Credit card (tokenised),0
NT-02315,18-24,22,Month-to-month,20.69,214,15.5,0,Bank transfer,0
NT-02316,25-34,63,Month-to-month,16.6,498,2.5,3,Credit card (tokenised),0
NT-02317,35-44,35,Two-year,54.46,347,6.0,0,Direct debit,0
NT-02318,35-44,15,One-year,52.55,180,29.1,1,Bank transfer,0
NT-02319,35-44,27,One-year,37.98,231,11.3,1,Credit card (tokenised),0
NT-02320,65+,13,One-year,23.42,673,9.1,0,Direct debit,1
NT-02321,45-54,24,One-year,34.67,277,32.0,1,Direct debit,1
NT-02322,45-54,24,Month-to-month,55.06,898,16.7,0,Direct debit,0
NT-02323,25-34,32,Month-to-month,31.95,166,8.3,0,Direct debit,0
NT-02324,55-64,40,One-year,27.18,254,13.7,2,Credit card (tokenised),0
NT-02325,65+,28,Month-to-month,33.43,201,6.2,0,Direct debit,0
NT-02326,55-64,16,One-year,34.49,476,10.9,1,Direct debit,0
NT-02327,18-24,78,Month-to-month,46.86,922,22.4,2,Direct debit,0
NT-02328,45-54,56,Month-to-month,12.0,333,8.8,0,Direct debit,0
NT-02329,18-24,67,Month-to-month,40.03,369,10.6,2,Direct debit,0
NT-02330,25-34,27,Month-to-month,29.64,246,5.0,1,Bank transfer,0
NT-02331,18-24,34,One-year,31.57,119,22.1,0,Direct debit,0
NT-02332,45-54,26,Month-to-month,47.05,278,8.9,0,Bank transfer,0
NT-02333,45-54,32,Month-to-month,22.38,416,6.1,0,Bank transfer,0
NT-02334,18-24,33,Two-year,40.16,224,6.0,1,Credit card (tokenised),0
NT-02335,35-44,14,Month-to-month,43.78,128,21.0,1,Direct debit,0
NT-02336,35-44,25,One-year,44.96,43,9.9,0,Direct debit,0
NT-02337,35-44,48,Two-year,46.48,750,18.0,0,Direct debit,0
NT-02338,18-24,46,Two-year,44.86,244,6.2,1,Credit card (tokenised),0
NT-02339,35-44,24,Two-year,46.63,406,12.7,1,Direct debit,0
NT-02340,45-54,33,Month-to-month,27.43,578,20.7,1,Direct debit,0
NT-02341,18-24,25,Two-year,54.39,646,24.7,1,Direct debit,0
NT-02342,18-24,40,One-year,23.79,220,10.2,0,Direct debit,0
NT-02343,25-34,11,One-year,42.44,396,10.5,2,Direct debit,0
NT-02344,65+,38,Month-to-month,29.83,422,17.8,0,Direct debit,1
NT-02345,45-54,58,Two-year,17.39,530,8.7,0,Direct debit,0
NT-02346,45-54,20,One-year,31.16,419,14.2,0,Credit card (tokenised),0
NT-02347,35-44,54,One-year,36.58,369,15.4,0,Direct debit,0
NT-02348,45-54,34,Month-to-month,54.64,168,2.2,2,Credit card (tokenised),0
NT-02349,18-24,28,Month-to-month,59.84,469,17.9,0,Credit card (tokenised),0
NT-02350,45-54,24,Two-year,36.44,313,22.1,0,Credit card (tokenised),0
NT-02351,65+,55,Month-to-month,21.33,698,8.1,1,Credit card (tokenised),0
NT-02352,45-54,26,Month-to-month,22.33,471,19.8,0,Bank transfer,0
NT-02353,55-64,62,One-year,47.26,79,10.1,1,Direct debit,0
NT-02354,45-54,59,Month-to-month,46.5,160,17.9,1,Credit card (tokenised),0
NT-02355,18-24,23,Month-to-month,30.71,247,7.2,0,Direct debit,1
NT-02356,65+,27,Month-to-month,23.91,308,7.9,0,Bank transfer,0
NT-02357,18-24,9,Month-to-month,49.91,984,3.8,0,Direct debit,0
NT-02358,35-44,29,Month-to-month,23.26,503,11.2,0,Credit card (tokenised),0
NT-02359,25-34,30,Month-to-month,32.67,201,8.2,0,Direct debit,0
NT-02360,18-24,51,Month-to-month,43.68,511,2.0,3,Credit card (tokenised),1
NT-02361,35-44,61,One-year,13.99,359,21.4,0,Direct debit,0
NT-02362,25-34,42,Two-year,49.44,514,30.3,0,Credit card (tokenised),0
NT-02363,35-44,49,Month-to-month,66.56,262,13.7,1,Bank transfer,0
NT-02364,35-44,27,Month-to-month,39.37,1035,20.5,2,Direct debit,0
NT-02365,18-24,14,Month-to-month,37.58,748,5.0,1,Direct debit,0
NT-02366,18-24,34,One-year,38.53,460,7.8,0,Credit card (tokenised),0
NT-02367,35-44,50,Two-year,40.7,242,14.2,0,Direct debit,0
NT-02368,25-34,5,Month-to-month,29.24,513,11.1,1,Bank transfer,0
NT-02369,45-54,31,Month-to-month,24.51,119,7.7,0,Credit card (tokenised),0
NT-02370,45-54,10,One-year,33.76,779,42.3,1,Direct debit,0
NT-02371,55-64,19,One-year,39.84,685,4.4,0,Direct debit,0
NT-02372,45-54,32,Month-to-month,26.02,430,40.3,0,Credit card (tokenised),0
NT-02373,35-44,61,One-year,21.84,172,14.3,2,Bank transfer,0
NT-02374,45-54,30,One-year,32.71,261,11.0,2,Direct debit,0
NT-02375,25-34,41,Two-year,22.0,62,8.6,0,Direct debit,0
NT-02376,25-34,34,Month-to-month,46.06,64,4.8,0,Bank transfer,1
NT-02377,55-64,20,Two-year,12.0,284,5.4,0,Credit card (tokenised),0
NT-02378,35-44,37,Month-to-month,23.98,161,26.3,0,Direct debit,1
NT-02379,55-64,14,One-year,54.96,82,37.6,1,Direct debit,0
NT-02380,55-64,29,One-year,35.34,242,7.2,2,Bank transfer,0
NT-02381,55-64,55,Month-to-month,40.21,256,8.7,2,Credit card (tokenised),0
NT-02382,65+,32,One-year,36.45,134,24.0,0,Direct debit,0
NT-02383,35-44,34,Month-to-month,30.47,386,6.5,1,Direct debit,0
NT-02384,25-34,24,Month-to-month,51.14,561,1.5,0,Credit card (tokenised),0
NT-02385,45-54,11,Month-to-month,31.14,399,4.0,0,Direct debit,0
NT-02386,35-44,26,Month-to-month,28.06,308,6.8,0,Credit card (tokenised),0
NT-02387,45-54,45,Month-to-month,45.88,324,8.7,2,Credit card (tokenised),1
NT-02388,45-54,36,Two-year,14.83,270,6.7,1,Credit card (tokenised),0
NT-02389,45-54,15,Month-to-month,34.57,240,10.6,0,Direct debit,1
NT-02390,35-44,9,Month-to-month,31.77,394,5.8,0,Credit card (tokenised),0
NT-02391,25-34,19,Month-to-month,34.35,407,15.6,2,Credit card (tokenised),1
NT-02392,35-44,26,Month-to-month,32.14,325,23.2,0,Direct debit,0
NT-02393,25-34,27,Month-to-month,42.5,246,4.5,0,Direct debit,0
NT-02394,55-64,27,Month-to-month,51.2,170,8.9,2,Direct debit,0
NT-02395,25-34,29,Month-to-month,43.51,102,5.9,0,Direct debit,0
NT-02396,25-34,36,Month-to-month,33.96,170,17.4,4,Credit card (tokenised),1
NT-02397,18-24,24,One-year,45.58,244,4.3,0,Credit card (tokenised),0
NT-02398,45-54,17,One-year,46.98,259,16.7,2,Bank transfer,0
NT-02399,45-54,39,Month-to-month,42.33,1163,8.4,4,Credit card (tokenised),0
NT-02400,25-34,45,Month-to-month,50.58,529,33.1,1,Credit card (tokenised),1
NT-02401,18-24,22,Two-year,12.0,396,16.8,0,Direct debit,0
NT-02402,35-44,73,Month-to-month,38.32,461,25.2,0,Direct debit,0
NT-02403,25-34,59,Two-year,41.69,1022,25.5,1,Direct debit,0
NT-02404,45-54,15,Month-to-month,20.23,204,6.5,1,Direct debit,0
NT-02405,45-54,10,Month-to-month,40.65,800,13.6,1,Credit card (tokenised),1
NT-02406,35-44,27,One-year,48.98,44,22.4,2,Credit card (tokenised),0
NT-02407,25-34,34,Two-year,35.31,281,16.1,0,Direct debit,0
NT-02408,65+,72,Month-to-month,45.88,154,0.6,0,Credit card (tokenised),0
NT-02409,35-44,71,Month-to-month,50.27,96,2.8,0,Credit card (tokenised),0
NT-02410,45-54,41,Month-to-month,54.11,684,6.1,2,Direct debit,0
NT-02411,25-34,24,Two-year,51.95,278,2.3,1,Direct debit,0
NT-02412,35-44,52,One-year,54.39,249,34.5,0,Credit card (tokenised),0
NT-02413,18-24,31,Month-to-month,32.01,281,33.3,0,Credit card (tokenised),0
NT-02414,35-44,13,Month-to-month,33.32,349,4.7,0,Credit card (tokenised),1
NT-02415,65+,14,Month-to-month,12.0,185,11.1,0,Direct debit,0
NT-02416,35-44,24,Month-to-month,25.22,95,4.7,2,Bank transfer,0
NT-02417,18-24,47,Month-to-month,52.62,310,14.6,1,Direct debit,0
NT-02418,18-24,16,One-year,30.74,351,6.5,3,Bank transfer,0
NT-02419,35-44,24,Month-to-month,42.77,714,7.4,1,Credit card (tokenised),0
NT-02420,25-34,59,Month-to-month,40.89,302,37.0,1,Credit card (tokenised),1
NT-02421,18-24,36,One-year,52.89,337,14.0,0,Credit card (tokenised),0
NT-02422,45-54,67,Month-to-month,13.76,162,22.0,3,Bank transfer,0
NT-02423,35-44,38,Month-to-month,42.23,162,18.5,0,Credit card (tokenised),0
NT-02424,25-34,48,Month-to-month,42.04,397,13.0,1,Credit card (tokenised),0
NT-02425,65+,24,Month-to-month,27.71,492,4.6,1,Credit card (tokenised),1
NT-02426,18-24,61,One-year,49.52,585,0.4,0,Bank transfer,0
NT-02427,65+,41,One-year,21.21,384,9.1,1,Direct debit,0
NT-02428,25-34,28,Month-to-month,50.77,185,6.9,1,Bank transfer,0
NT-02429,55-64,55,Month-to-month,12.13,104,2.4,0,Bank transfer,0
NT-02430,45-54,41,Month-to-month,27.14,152,11.4,0,Direct debit,1
NT-02431,55-64,29,One-year,36.32,383,4.8,3,Credit card (tokenised),0
NT-02432,65+,38,Month-to-month,40.61,114,34.6,2,Direct debit,0
NT-02433,25-34,18,Month-to-month,15.58,155,10.2,2,Direct debit,0
NT-02434,65+,52,Month-to-month,50.51,200,0.9,0,Credit card (tokenised),0
NT-02435,35-44,72,Month-to-month,47.04,437,14.9,1,Credit card (tokenised),0
NT-02436,35-44,11,One-year,60.84,655,15.6,3,Credit card (tokenised),0
NT-02437,25-34,21,Two-year,46.43,329,11.5,3,Credit card (tokenised),0
NT-02438,35-44,20,Two-year,29.16,368,17.8,0,Credit card (tokenised),0
NT-02439,25-34,43,Month-to-month,25.14,307,10.3,0,Direct debit,0
NT-02440,35-44,33,One-year,32.95,282,6.1,0,Credit card (tokenised),0
NT-02441,35-44,23,One-year,64.17,414,20.7,1,Credit card (tokenised),0
NT-02442,55-64,25,Two-year,38.57,284,3.2,1,Direct debit,0
NT-02443,55-64,22,Month-to-month,39.08,771,18.0,0,Direct debit,0
NT-02444,35-44,40,One-year,54.55,355,4.3,0,Direct debit,0
NT-02445,25-34,33,Month-to-month,24.03,379,26.5,0,Bank transfer,0
NT-02446,25-34,25,One-year,44.47,313,6.4,1,Direct debit,0
NT-02447,25-34,22,Month-to-month,44.2,508,7.2,0,Direct debit,0
NT-02448,18-24,56,One-year,49.49,196,2.8,1,Credit card (tokenised),0
NT-02449,25-34,51,Two-year,48.23,161,10.3,0,Bank transfer,0
NT-02450,25-34,40,Month-to-month,37.3,468,10.4,0,Direct debit,0
NT-02451,65+,48,Month-to-month,21.4,354,40.8,1,Direct debit,0
NT-02452,35-44,14,Month-to-month,31.22,472,22.2,0,Direct debit,0
NT-02453,25-34,16,Month-to-month,48.11,258,5.6,0,Direct debit,1
NT-02454,45-54,15,Month-to-month,60.25,340,12.7,0,Direct debit,1
NT-02455,18-24,30,Month-to-month,23.32,237,8.3,0,Direct debit,0
NT-02456,35-44,49,Two-year,22.53,303,5.2,1,Credit card (tokenised),0
NT-02457,45-54,23,Month-to-month,19.11,106,6.1,3,Bank transfer,0
NT-02458,35-44,53,One-year,28.8,62,7.2,1,Credit card (tokenised),0
NT-02459,35-44,21,Two-year,49.37,119,10.4,2,Credit card (tokenised),1
NT-02460,65+,27,Two-year,53.79,500,7.2,1,Credit card (tokenised),0
NT-02461,55-64,23,One-year,13.06,491,0.7,2,Credit card (tokenised),1
NT-02462,45-54,26,Month-to-month,23.54,790,8.9,0,Direct debit,0
NT-02463,35-44,28,One-year,21.29,477,10.2,1,Direct debit,0
NT-02464,45-54,10,Month-to-month,27.59,248,19.1,2,Credit card (tokenised),0
NT-02465,25-34,35,Two-year,35.33,308,4.3,2,Credit card (tokenised),0
NT-02466,35-44,27,One-year,33.23,60,14.4,1,Bank transfer,0
NT-02467,18-24,61,One-year,44.17,250,37.9,0,Credit card (tokenised),0
NT-02468,35-44,39,Month-to-month,14.88,341,6.1,0,Credit card (tokenised),0
NT-02469,35-44,34,One-year,31.75,558,10.4,0,Direct debit,0
NT-02470,25-34,59,One-year,54.4,324,32.1,1,Credit card (tokenised),0
NT-02471,65+,56,Two-year,54.85,145,10.0,0,Bank transfer,0
NT-02472,65+,62,Month-to-month,57.98,538,3.0,0,Credit card (tokenised),0
NT-02473,45-54,22,Two-year,42.72,230,9.2,1,Credit card (tokenised),0
NT-02474,35-44,15,Month-to-month,30.14,184,30.8,2,Bank transfer,0
NT-02475,55-64,10,One-year,40.1,298,33.2,1,Direct debit,0
NT-02476,18-24,48,One-year,68.33,228,20.1,1,Credit card (tokenised),0
NT-02477,55-64,9,Month-to-month,31.63,341,15.7,0,Direct debit,0
NT-02478,18-24,33,Month-to-month,59.99,456,7.6,1,Direct debit,0
NT-02479,55-64,12,One-year,12.0,250,8.4,2,Credit card (tokenised),0
NT-02480,25-34,52,Month-to-month,44.86,253,4.5,0,Direct debit,0
NT-02481,55-64,38,Month-to-month,45.77,457,3.9,1,Bank transfer,0
NT-02482,65+,51,One-year,42.48,458,16.7,1,Direct debit,0
NT-02483,25-34,33,One-year,43.27,360,8.2,0,Direct debit,0
NT-02484,35-44,17,One-year,44.28,288,16.5,1,Direct debit,0
NT-02485,65+,23,Month-to-month,44.84,614,2.4,1,Bank transfer,1
NT-02486,35-44,46,Month-to-month,34.03,201,6.6,0,Direct debit,0
NT-02487,55-64,11,One-year,34.75,461,2.0,1,Credit card (tokenised),0
NT-02488,45-54,22,One-year,21.67,195,27.5,1,Bank transfer,0
NT-02489,35-44,20,One-year,46.79,335,17.4,0,Direct debit,0
NT-02490,25-34,28,One-year,53.63,130,10.0,0,Direct debit,0
NT-02491,25-34,40,Month-to-month,58.93,341,25.1,2,Direct debit,0
NT-02492,55-64,51,Month-to-month,28.15,635,4.5,1,Direct debit,0
NT-02493,35-44,13,Two-year,17.31,521,25.2,0,Direct debit,0
NT-02494,35-44,18,Month-to-month,42.52,77,0.4,1,Credit card (tokenised),0
NT-02495,35-44,14,One-year,24.13,620,13.3,1,Bank transfer,0
NT-02496,35-44,29,Two-year,44.86,223,2.4,1,Credit card (tokenised),0
NT-02497,55-64,15,Two-year,12.0,418,11.7,1,Credit card (tokenised),0
NT-02498,65+,35,One-year,51.05,309,7.2,1,Bank transfer,0
NT-02499,35-44,16,Month-to-month,39.84,212,8.9,1,Direct debit,0
NT-02500,55-64,54,Two-year,14.94,390,27.0,0,Credit card (tokenised),0
NT-02501,55-64,10,One-year,41.65,217,24.6,0,Direct debit,1
NT-02502,35-44,18,Month-to-month,39.14,472,24.1,1,Credit card (tokenised),0
NT-02503,65+,63,One-year,44.27,215,30.8,2,Credit card (tokenised),0
NT-02504,25-34,32,Month-to-month,47.62,199,9.2,0,Direct debit,0
NT-02505,18-24,22,Two-year,12.0,479,10.0,2,Credit card (tokenised),0
NT-02506,55-64,95,Month-to-month,32.35,971,8.2,1,Direct debit,0
NT-02507,35-44,25,One-year,36.93,551,10.6,0,Credit card (tokenised),0
NT-02508,55-64,39,One-year,34.46,506,42.9,0,Credit card (tokenised),0
NT-02509,55-64,19,One-year,33.79,317,16.2,1,Direct debit,0
NT-02510,18-24,17,One-year,50.65,456,4.9,1,Direct debit,0
NT-02511,55-64,40,Two-year,17.22,250,2.2,0,Credit card (tokenised),0
NT-02512,35-44,66,Month-to-month,34.5,693,1.7,0,Direct debit,0
NT-02513,35-44,23,Month-to-month,35.45,96,2.7,1,Credit card (tokenised),0
NT-02514,45-54,16,One-year,36.69,308,11.4,0,Direct debit,0
NT-02515,65+,48,Month-to-month,26.27,265,4.4,0,Direct debit,0
NT-02516,18-24,23,Month-to-month,63.7,318,12.0,0,Direct debit,1
NT-02517,35-44,35,Month-to-month,49.74,206,3.0,1,Credit card (tokenised),0
NT-02518,45-54,22,Month-to-month,64.54,351,10.9,0,Direct debit,0
NT-02519,45-54,24,One-year,45.68,202,3.7,1,Direct debit,0
NT-02520,45-54,18,One-year,47.15,239,4.4,2,Direct debit,0
NT-02521,18-24,41,Month-to-month,37.95,426,10.0,0,Credit card (tokenised),0
NT-02522,25-34,36,One-year,56.76,1153,6.2,2,Bank transfer,0
NT-02523,25-34,35,Month-to-month,44.79,237,17.6,1,Direct debit,1
NT-02524,55-64,20,One-year,35.71,390,17.4,0,Direct debit,0
NT-02525,25-34,34,Month-to-month,60.16,598,11.0,0,Direct debit,0
NT-02526,25-34,70,One-year,22.37,404,23.9,2,Bank transfer,0
NT-02527,65+,16,Month-to-month,29.21,283,4.3,2,Direct debit,0
NT-02528,18-24,19,Month-to-month,71.73,280,3.6,0,Bank transfer,1
NT-02529,65+,19,One-year,46.05,623,1.9,0,Credit card (tokenised),0
NT-02530,45-54,31,Month-to-month,12.0,75,11.8,0,Bank transfer,0
NT-02531,55-64,15,Two-year,50.23,349,2.7,1,Bank transfer,0
NT-02532,25-34,38,One-year,25.72,259,6.8,0,Direct debit,0
NT-02533,18-24,9,Month-to-month,31.11,105,5.0,4,Credit card (tokenised),1
NT-02534,45-54,43,One-year,68.61,329,2.3,0,Credit card (tokenised),0
NT-02535,55-64,35,Month-to-month,57.87,215,7.1,0,Direct debit,0
NT-02536,45-54,69,Month-to-month,61.98,156,5.5,0,Direct debit,1
NT-02537,25-34,17,Two-year,30.71,664,8.0,0,Bank transfer,0
NT-02538,45-54,49,Month-to-month,34.51,175,11.5,0,Bank transfer,0
NT-02539,55-64,28,One-year,40.62,146,5.3,2,Bank transfer,0
NT-02540,45-54,25,Month-to-month,48.42,119,14.6,1,Bank transfer,0
NT-02541,55-64,16,One-year,33.9,379,3.5,0,Credit card (tokenised),0
NT-02542,55-64,22,Month-to-month,60.54,405,29.1,0,Direct debit,0
NT-02543,45-54,23,Month-to-month,43.89,962,8.3,2,Credit card (tokenised),1
NT-02544,18-24,12,Two-year,55.89,262,23.8,1,Direct debit,0
NT-02545,35-44,35,Month-to-month,28.64,235,12.4,1,Direct debit,0
NT-02546,18-24,32,One-year,32.97,142,14.2,1,Credit card (tokenised),0
NT-02547,35-44,39,One-year,40.95,418,0.3,0,Credit card (tokenised),0
NT-02548,35-44,21,One-year,32.49,115,25.9,0,Credit card (tokenised),0
NT-02549,18-24,44,One-year,50.57,213,16.9,1,Direct debit,0
NT-02550,25-34,56,Month-to-month,50.81,366,44.9,1,Bank transfer,0
NT-02551,18-24,26,Month-to-month,35.13,219,10.6,2,Direct debit,1
NT-02552,55-64,17,Two-year,45.9,215,20.8,0,Credit card (tokenised),0
NT-02553,65+,30,One-year,62.5,190,18.8,1,Direct debit,0
NT-02554,18-24,29,Month-to-month,50.54,687,17.8,1,Credit card (tokenised),1
NT-02555,65+,26,Month-to-month,45.82,207,16.9,1,Direct debit,0
NT-02556,35-44,39,One-year,53.54,422,4.4,0,Direct debit,0
NT-02557,25-34,24,Two-year,58.17,198,10.1,2,Bank transfer,1
NT-02558,18-24,16,Two-year,56.21,233,4.2,0,Bank transfer,1
NT-02559,35-44,31,Two-year,37.14,320,12.0,0,Credit card (tokenised),1
NT-02560,55-64,40,Month-to-month,48.83,651,13.4,0,Direct debit,0
NT-02561,45-54,42,Two-year,34.42,62,3.0,1,Credit card (tokenised),0
NT-02562,18-24,23,Two-year,37.35,607,4.7,2,Direct debit,0
NT-02563,18-24,34,Month-to-month,43.75,174,7.6,3,Credit card (tokenised),1
NT-02564,35-44,57,Month-to-month,20.62,346,4.2,0,Direct debit,0
NT-02565,25-34,56,Month-to-month,42.42,299,5.1,0,Direct debit,0
NT-02566,25-34,49,One-year,29.7,133,13.1,0,Credit card (tokenised),0
NT-02567,25-34,11,Month-to-month,23.77,216,7.9,0,Direct debit,0
NT-02568,55-64,24,Month-to-month,47.54,300,17.7,0,Credit card (tokenised),0
NT-02569,65+,54,Month-to-month,34.87,124,7.8,1,Direct debit,0
NT-02570,35-44,11,Month-to-month,40.64,535,14.3,0,Credit card (tokenised),1
NT-02571,65+,28,Month-to-month,35.16,322,5.1,2,Direct debit,1
NT-02572,25-34,21,One-year,30.6,222,7.5,0,Credit card (tokenised),0
NT-02573,35-44,34,Month-to-month,39.41,254,11.9,1,Direct debit,0
NT-02574,25-34,7,Two-year,21.65,533,10.0,2,Direct debit,0
NT-02575,45-54,52,Two-year,36.85,604,2.0,2,Direct debit,0
NT-02576,65+,29,Two-year,61.77,182,8.8,1,Credit card (tokenised),0
NT-02577,45-54,15,One-year,23.61,141,16.5,0,Direct debit,1
NT-02578,25-34,19,Month-to-month,55.11,454,10.1,3,Direct debit,1
NT-02579,45-54,35,Month-to-month,63.04,155,3.0,0,Direct debit,0
NT-02580,18-24,18,Month-to-month,28.57,405,19.0,0,Direct debit,0
NT-02581,55-64,65,Two-year,41.93,169,1.1,1,Direct debit,0
NT-02582,35-44,27,Month-to-month,22.4,168,14.1,0,Direct debit,0
NT-02583,35-44,59,One-year,20.61,104,4.5,0,Direct debit,0
NT-02584,45-54,32,One-year,40.01,826,11.2,0,Credit card (tokenised),0
NT-02585,45-54,41,Two-year,42.91,606,2.2,0,Direct debit,0
NT-02586,18-24,40,One-year,31.2,261,10.7,1,Direct debit,0
NT-02587,45-54,22,One-year,24.43,356,28.5,1,Credit card (tokenised),0
NT-02588,25-34,41,Month-to-month,28.59,350,7.7,1,Credit card (tokenised),0
NT-02589,45-54,23,One-year,48.69,834,9.6,2,Direct debit,0
NT-02590,55-64,11,Month-to-month,48.78,393,13.1,1,Credit card (tokenised),0
NT-02591,55-64,26,Two-year,45.71,504,8.3,1,Credit card (tokenised),0
NT-02592,35-44,14,Month-to-month,33.37,662,25.9,0,Credit card (tokenised),0
NT-02593,35-44,23,Month-to-month,25.09,179,2.3,1,Direct debit,0
NT-02594,25-34,28,Two-year,53.75,198,10.1,1,Bank transfer,0
NT-02595,55-64,17,Month-to-month,57.69,605,14.1,0,Credit card (tokenised),0
NT-02596,25-34,38,Two-year,31.7,255,13.3,1,Direct debit,0
NT-02597,35-44,23,Two-year,36.09,163,6.0,2,Direct debit,0
NT-02598,25-34,14,One-year,20.4,338,23.2,1,Credit card (tokenised),1
NT-02599,18-24,17,Month-to-month,44.41,594,18.5,1,Direct debit,0
NT-02600,45-54,31,Month-to-month,62.91,883,4.0,0,Direct debit,0
NT-02601,18-24,25,Two-year,49.32,741,23.7,1,Direct debit,0
NT-02602,45-54,34,Two-year,64.54,50,2.8,1,Direct debit,0
NT-02603,25-34,31,Month-to-month,33.32,260,8.7,3,Direct debit,0
NT-02604,18-24,16,Month-to-month,22.31,136,17.0,0,Credit card (tokenised),0
NT-02605,35-44,20,Month-to-month,56.05,185,3.7,0,Credit card (tokenised),0
NT-02606,18-24,44,Two-year,40.06,346,19.6,0,Credit card (tokenised),1
NT-02607,25-34,18,Month-to-month,27.28,344,7.9,0,Direct debit,0
NT-02608,45-54,59,Month-to-month,60.47,51,15.6,1,Credit card (tokenised),0
NT-02609,18-24,12,One-year,30.73,186,21.7,2,Bank transfer,0
NT-02610,55-64,43,Month-to-month,24.56,770,7.5,0,Direct debit,0
NT-02611,18-24,27,Two-year,45.22,115,23.5,0,Credit card (tokenised),0
NT-02612,25-34,16,Month-to-month,22.38,596,8.1,0,Credit card (tokenised),0
NT-02613,45-54,30,Month-to-month,50.27,224,30.7,0,Credit card (tokenised),0
NT-02614,25-34,18,Month-to-month,24.17,309,1.9,1,Direct debit,0
NT-02615,18-24,21,Month-to-month,41.02,640,10.5,0,Direct debit,0
NT-02616,35-44,23,Month-to-month,41.8,268,18.8,0,Direct debit,0
NT-02617,25-34,42,Month-to-month,41.18,797,14.4,1,Direct debit,0
NT-02618,55-64,20,Month-to-month,22.55,112,5.4,1,Bank transfer,0
NT-02619,25-34,32,Two-year,35.67,528,32.4,2,Direct debit,1
NT-02620,55-64,43,Month-to-month,54.48,490,5.7,0,Credit card (tokenised),0
NT-02621,55-64,30,Two-year,35.58,746,17.9,0,Credit card (tokenised),0
NT-02622,35-44,35,One-year,24.19,441,8.6,1,Direct debit,0
NT-02623,65+,28,Month-to-month,32.66,286,8.7,0,Bank transfer,0
NT-02624,35-44,38,Month-to-month,22.9,177,24.4,1,Credit card (tokenised),1
NT-02625,65+,14,Month-to-month,12.0,254,7.2,2,Credit card (tokenised),0
NT-02626,18-24,57,Month-to-month,35.88,103,8.3,0,Direct debit,0
NT-02627,45-54,20,Month-to-month,39.2,511,4.0,1,Direct debit,0
NT-02628,35-44,27,Month-to-month,46.39,308,19.7,0,Credit card (tokenised),0
NT-02629,35-44,9,One-year,43.61,281,4.7,4,Direct debit,1
NT-02630,45-54,22,One-year,45.38,242,31.2,0,Credit card (tokenised),0
NT-02631,45-54,33,Month-to-month,37.51,474,24.8,1,Direct debit,0
NT-02632,18-24,61,Month-to-month,63.53,280,14.7,0,Credit card (tokenised),0
NT-02633,25-34,39,One-year,27.9,327,2.2,1,Direct debit,0
NT-02634,45-54,23,Month-to-month,34.19,323,5.1,1,Credit card (tokenised),1
NT-02635,45-54,11,Two-year,57.9,438,27.9,0,Direct debit,0
NT-02636,65+,53,One-year,33.32,419,5.3,2,Bank transfer,0
NT-02637,55-64,22,Two-year,36.68,639,6.4,1,Direct debit,0
NT-02638,65+,33,Month-to-month,42.85,593,10.8,0,Credit card (tokenised),0
NT-02639,45-54,23,Two-year,52.01,240,13.7,1,Direct debit,1
NT-02640,25-34,35,One-year,39.7,864,9.6,1,Direct debit,1
NT-02641,18-24,52,One-year,27.4,415,25.8,4,Credit card (tokenised),0
NT-02642,55-64,41,Month-to-month,33.08,970,22.5,0,Bank transfer,0
NT-02643,45-54,25,Month-to-month,44.48,383,6.0,0,Credit card (tokenised),0
NT-02644,18-24,54,Two-year,34.46,255,7.7,0,Credit card (tokenised),0
NT-02645,35-44,67,One-year,32.39,220,10.7,0,Direct debit,0
NT-02646,65+,47,Month-to-month,26.82,96,18.0,2,Direct debit,0
NT-02647,35-44,23,Month-to-month,52.32,363,6.0,2,Direct debit,1
NT-02648,35-44,43,Month-to-month,36.54,375,13.0,0,Direct debit,0
NT-02649,35-44,47,One-year,36.62,311,19.1,0,Direct debit,0
NT-02650,25-34,25,One-year,46.16,396,7.3,0,Credit card (tokenised),0
NT-02651,35-44,67,Month-to-month,21.65,126,23.1,2,Direct debit,0
NT-02652,35-44,51,Month-to-month,38.5,295,10.1,0,Credit card (tokenised),1
NT-02653,18-24,26,Month-to-month,56.06,149,14.8,2,Direct debit,0
NT-02654,55-64,23,Month-to-month,37.23,404,18.5,2,Direct debit,0
NT-02655,35-44,46,Month-to-month,40.63,347,3.3,1,Credit card (tokenised),0
NT-02656,55-64,76,Month-to-month,40.37,590,14.9,1,Bank transfer,0
NT-02657,55-64,14,Month-to-month,50.74,260,8.8,1,Credit card (tokenised),1
NT-02658,25-34,36,Two-year,40.41,587,6.7,1,Direct debit,1
NT-02659,45-54,43,One-year,67.62,294,24.6,2,Direct debit,0
NT-02660,35-44,52,Two-year,40.78,469,30.5,1,Direct debit,0
NT-02661,55-64,43,Month-to-month,32.77,191,19.7,1,Direct debit,0
NT-02662,25-34,22,Two-year,56.14,324,5.0,2,Direct debit,0
NT-02663,45-54,13,One-year,35.47,304,0.7,1,Credit card (tokenised),0
NT-02664,45-54,24,Month-to-month,30.8,609,15.5,0,Direct debit,0
NT-02665,25-34,43,Month-to-month,23.74,303,27.8,0,Direct debit,0
NT-02666,18-24,21,One-year,43.75,305,9.3,0,Direct debit,0
NT-02667,45-54,56,Two-year,32.51,930,12.0,0,Credit card (tokenised),0
NT-02668,45-54,27,Month-to-month,28.67,514,32.1,0,Direct debit,0
NT-02669,25-34,20,Month-to-month,31.21,266,29.3,0,Direct debit,0
NT-02670,45-54,38,One-year,33.64,442,11.9,1,Credit card (tokenised),0
NT-02671,35-44,25,Two-year,47.99,543,16.0,1,Credit card (tokenised),0
NT-02672,45-54,23,One-year,43.8,341,11.1,2,Direct debit,0
NT-02673,25-34,72,Month-to-month,36.27,503,4.5,2,Credit card (tokenised),0
NT-02674,55-64,21,Month-to-month,44.73,324,8.2,0,Credit card (tokenised),0
NT-02675,25-34,24,Month-to-month,36.72,612,10.2,1,Credit card (tokenised),0
NT-02676,35-44,38,Two-year,40.48,85,9.4,2,Direct debit,0
NT-02677,18-24,56,One-year,30.0,172,4.6,1,Direct debit,0
NT-02678,18-24,37,One-year,30.11,246,5.5,2,Credit card (tokenised),0
NT-02679,35-44,30,Month-to-month,39.82,502,3.8,1,Direct debit,1
NT-02680,25-34,76,Two-year,39.84,394,21.4,1,Direct debit,0
NT-02681,55-64,23,One-year,50.13,197,28.3,0,Credit card (tokenised),0
NT-02682,18-24,23,Two-year,43.99,348,12.4,0,Direct debit,0
NT-02683,35-44,21,One-year,32.1,88,1.4,0,Direct debit,0
NT-02684,25-34,35,One-year,22.64,116,2.0,1,Credit card (tokenised),0
NT-02685,18-24,18,One-year,48.59,105,14.8,1,Credit card (tokenised),0
NT-02686,18-24,15,Month-to-month,41.98,152,9.2,0,Credit card (tokenised),0
NT-02687,35-44,24,Two-year,49.63,489,1.0,0,Bank transfer,0
NT-02688,35-44,11,Month-to-month,43.51,403,24.1,2,Direct debit,1
NT-02689,35-44,33,One-year,59.66,272,9.3,2,Credit card (tokenised),0
NT-02690,35-44,36,Two-year,35.4,498,6.6,1,Credit card (tokenised),0
NT-02691,45-54,39,Month-to-month,38.5,634,11.7,0,Credit card (tokenised),0
NT-02692,18-24,44,One-year,47.49,157,8.8,1,Direct debit,0
NT-02693,35-44,24,One-year,48.36,599,4.0,1,Credit card (tokenised),1
NT-02694,65+,53,One-year,41.93,196,13.1,2,Credit card (tokenised),0
NT-02695,35-44,50,Two-year,18.91,219,8.0,2,Credit card (tokenised),0
NT-02696,45-54,16,One-year,16.78,826,1.5,1,Direct debit,0
NT-02697,25-34,28,One-year,33.37,356,12.9,0,Credit card (tokenised),0
NT-02698,55-64,6,Month-to-month,38.26,239,4.7,0,Credit card (tokenised),0
NT-02699,55-64,53,Month-to-month,15.58,448,18.1,3,Direct debit,1
NT-02700,35-44,44,Month-to-month,37.64,534,9.9,1,Bank transfer,0
NT-02701,65+,59,One-year,45.81,358,9.9,0,Direct debit,0
NT-02702,18-24,12,Month-to-month,37.29,239,3.3,0,Direct debit,1
NT-02703,18-24,37,One-year,41.54,393,15.3,2,Direct debit,0
NT-02704,55-64,22,Month-to-month,45.05,465,10.5,1,Bank transfer,1
NT-02705,55-64,8,One-year,18.78,297,15.0,0,Direct debit,0
NT-02706,18-24,47,Month-to-month,45.83,798,8.4,0,Credit card (tokenised),0
NT-02707,25-34,14,One-year,29.2,383,2.9,0,Credit card (tokenised),0
NT-02708,18-24,35,One-year,35.14,517,21.4,0,Direct debit,0
NT-02709,25-34,22,Two-year,30.07,526,19.7,1,Direct debit,1
NT-02710,55-64,32,One-year,50.89,119,5.8,1,Direct debit,0
NT-02711,35-44,45,One-year,23.93,449,7.2,1,Direct debit,0
NT-02712,25-34,32,Two-year,54.58,475,2.9,0,Credit card (tokenised),0
NT-02713,35-44,17,One-year,66.7,236,2.9,0,Bank transfer,0
NT-02714,18-24,72,Month-to-month,19.39,214,11.5,0,Bank transfer,0
NT-02715,25-34,24,Two-year,30.97,118,14.4,1,Direct debit,0
NT-02716,45-54,19,One-year,45.35,667,13.5,0,Credit card (tokenised),1
NT-02717,65+,28,Month-to-month,26.08,189,15.0,1,Credit card (tokenised),0
NT-02718,55-64,12,One-year,34.74,122,27.8,1,Credit card (tokenised),1
NT-02719,18-24,20,Two-year,40.11,264,8.5,1,Direct debit,0
NT-02720,55-64,25,Two-year,29.45,168,22.2,2,Direct debit,0
NT-02721,55-64,33,Two-year,38.98,120,34.2,1,Bank transfer,0
NT-02722,55-64,30,Month-to-month,49.38,1020,2.8,0,Credit card (tokenised),0
NT-02723,35-44,37,Month-to-month,37.06,161,13.0,2,Credit card (tokenised),1
NT-02724,35-44,28,Month-to-month,25.54,197,9.5,1,Credit card (tokenised),0
NT-02725,25-34,50,Month-to-month,51.98,347,5.7,0,Direct debit,0
NT-02726,18-24,40,Two-year,54.67,119,7.2,0,Credit card (tokenised),0
NT-02727,25-34,36,Month-to-month,42.42,305,1.6,1,Credit card (tokenised),0
NT-02728,25-34,54,One-year,26.22,458,3.3,0,Direct debit,1
NT-02729,35-44,54,One-year,27.47,369,14.9,0,Direct debit,0
NT-02730,45-54,31,One-year,12.0,416,15.7,0,Direct debit,0
NT-02731,35-44,24,Month-to-month,30.89,299,9.9,0,Credit card (tokenised),0
NT-02732,18-24,32,Month-to-month,50.79,242,17.0,0,Credit card (tokenised),0
NT-02733,65+,27,Month-to-month,29.79,421,7.8,2,Credit card (tokenised),0
NT-02734,65+,23,Month-to-month,26.53,404,8.1,0,Direct debit,0
NT-02735,55-64,32,Two-year,50.27,157,7.7,0,Bank transfer,1
NT-02736,65+,35,One-year,51.82,344,7.3,0,Credit card (tokenised),0
NT-02737,35-44,39,Month-to-month,31.57,311,4.8,2,Direct debit,0
NT-02738,65+,58,Two-year,44.11,465,7.1,2,Direct debit,0
NT-02739,18-24,33,Month-to-month,27.59,391,18.3,0,Credit card (tokenised),1
NT-02740,35-44,29,One-year,33.89,13,20.9,0,Direct debit,0
NT-02741,25-34,47,Month-to-month,16.16,630,1.9,0,Direct debit,0
NT-02742,25-34,18,One-year,42.32,538,21.8,0,Credit card (tokenised),0
NT-02743,25-34,11,Month-to-month,36.77,575,4.9,2,Direct debit,1
NT-02744,45-54,37,Month-to-month,29.94,473,7.7,0,Credit card (tokenised),0
NT-02745,55-64,24,Month-to-month,36.9,560,12.1,1,Credit card (tokenised),0
NT-02746,35-44,25,Month-to-month,35.42,255,37.7,3,Direct debit,0
NT-02747,25-34,18,One-year,28.07,526,6.6,1,Direct debit,0
NT-02748,55-64,51,Month-to-month,42.78,312,23.8,0,Bank transfer,0
NT-02749,45-54,11,One-year,34.42,122,4.6,0,Direct debit,1
NT-02750,35-44,39,One-year,36.39,522,2.2,0,Credit card (tokenised),0
NT-02751,45-54,29,One-year,20.47,371,19.8,0,Bank transfer,0
NT-02752,25-34,60,One-year,36.49,691,8.4,1,Direct debit,0
NT-02753,25-34,47,Month-to-month,35.85,342,23.4,0,Credit card (tokenised),0
NT-02754,65+,16,One-year,28.09,194,26.3,0,Credit card (tokenised),0
NT-02755,25-34,40,Two-year,44.38,226,4.6,1,Direct debit,0
NT-02756,35-44,36,One-year,12.71,281,4.6,1,Credit card (tokenised),0
NT-02757,55-64,28,One-year,32.21,377,10.0,1,Direct debit,0
NT-02758,45-54,39,One-year,41.72,565,23.1,0,Direct debit,0
NT-02759,18-24,20,Month-to-month,63.18,373,20.0,1,Credit card (tokenised),0
NT-02760,25-34,30,One-year,21.61,154,3.6,0,Credit card (tokenised),0
NT-02761,18-24,29,Two-year,39.06,380,5.7,1,Direct debit,0
NT-02762,45-54,19,Month-to-month,44.57,615,11.9,0,Bank transfer,0
NT-02763,35-44,24,Two-year,38.76,347,1.4,1,Bank transfer,1
NT-02764,18-24,22,Month-to-month,23.21,415,1.7,1,Direct debit,0
NT-02765,65+,35,Month-to-month,32.2,306,24.2,1,Bank transfer,0
NT-02766,35-44,53,Two-year,12.0,304,5.3,0,Direct debit,0
NT-02767,25-34,14,One-year,38.05,577,10.8,1,Credit card (tokenised),0
NT-02768,35-44,36,Two-year,21.01,497,3.8,1,Credit card (tokenised),0
NT-02769,45-54,22,Two-year,43.47,1065,27.7,0,Direct debit,0
NT-02770,18-24,45,Month-to-month,30.16,242,7.8,1,Credit card (tokenised),0
NT-02771,25-34,36,One-year,29.03,210,9.7,1,Credit card (tokenised),0
NT-02772,55-64,12,Month-to-month,40.0,125,9.8,1,Credit card (tokenised),1
NT-02773,35-44,32,Month-to-month,41.12,280,4.8,1,Credit card (tokenised),0
NT-02774,35-44,27,Month-to-month,48.46,314,13.4,1,Credit card (tokenised),1
NT-02775,35-44,14,One-year,34.86,204,25.3,0,Credit card (tokenised),0
NT-02776,18-24,22,Month-to-month,36.73,421,38.4,2,Credit card (tokenised),0
NT-02777,25-34,31,One-year,21.36,503,3.5,0,Credit card (tokenised),1
NT-02778,35-44,22,One-year,55.38,410,9.0,1,Credit card (tokenised),0
NT-02779,25-34,48,Month-to-month,26.79,167,0.3,1,Direct debit,0
NT-02780,18-24,27,One-year,46.7,214,2.6,0,Direct debit,0
NT-02781,55-64,21,Month-to-month,46.79,338,11.8,1,Bank transfer,0
NT-02782,65+,32,Month-to-month,42.8,598,12.0,1,Direct debit,0
NT-02783,55-64,34,One-year,35.15,297,6.2,1,Direct debit,0
NT-02784,55-64,46,Month-to-month,33.65,75,7.1,1,Credit card (tokenised),0
NT-02785,25-34,30,Two-year,37.23,278,2.3,1,Credit card (tokenised),0
NT-02786,65+,33,One-year,15.15,325,14.4,0,Credit card (tokenised),0
NT-02787,25-34,24,One-year,37.69,732,4.2,1,Credit card (tokenised),0
NT-02788,65+,60,One-year,55.83,74,38.5,1,Bank transfer,0
NT-02789,65+,35,Month-to-month,35.29,505,27.6,0,Direct debit,0
NT-02790,45-54,31,Month-to-month,37.61,126,5.8,1,Direct debit,0
NT-02791,65+,22,Month-to-month,25.71,246,4.6,1,Bank transfer,0
NT-02792,35-44,48,Month-to-month,40.23,402,17.9,4,Credit card (tokenised),0
NT-02793,25-34,11,Month-to-month,28.66,543,5.9,0,Bank transfer,0
NT-02794,35-44,32,Two-year,48.2,215,1.2,0,Direct debit,0
NT-02795,45-54,21,Month-to-month,51.7,251,17.4,3,Credit card (tokenised),1
NT-02796,18-24,43,One-year,54.32,294,10.2,0,Bank transfer,0
NT-02797,45-54,34,Month-to-month,20.68,208,11.5,1,Direct debit,0
NT-02798,65+,32,Month-to-month,46.67,692,4.9,1,Bank transfer,0
NT-02799,25-34,16,Month-to-month,45.76,370,48.8,0,Direct debit,0
NT-02800,55-64,28,One-year,33.02,481,33.9,1,Direct debit,0
NT-02801,65+,35,Month-to-month,52.31,296,1.5,2,Credit card (tokenised),0
NT-02802,65+,46,Month-to-month,42.97,74,6.4,3,Direct debit,0
NT-02803,65+,37,One-year,54.48,295,3.6,2,Direct debit,0
NT-02804,35-44,43,One-year,22.79,570,12.3,0,Direct debit,0
NT-02805,65+,13,Month-to-month,29.43,88,15.6,0,Credit card (tokenised),0
NT-02806,45-54,31,One-year,39.12,323,48.3,2,Direct debit,0
NT-02807,25-34,46,One-year,52.07,439,26.6,0,Bank transfer,0
NT-02808,35-44,7,One-year,43.46,262,7.5,0,Bank transfer,0
NT-02809,45-54,26,Month-to-month,26.62,219,28.3,3,Credit card (tokenised),1
NT-02810,25-34,35,Month-to-month,59.32,361,7.6,0,Credit card (tokenised),1
NT-02811,45-54,50,Month-to-month,34.46,193,13.5,1,Direct debit,1
NT-02812,45-54,31,Two-year,27.0,112,3.6,1,Credit card (tokenised),0
NT-02813,25-34,29,Month-to-month,28.7,263,5.5,1,Direct debit,1
NT-02814,35-44,34,Two-year,22.01,782,4.6,1,Credit card (tokenised),0
NT-02815,55-64,35,Month-to-month,12.0,430,10.2,1,Credit card (tokenised),0
NT-02816,35-44,18,Month-to-month,36.6,238,16.2,0,Credit card (tokenised),0
NT-02817,18-24,22,Month-to-month,19.34,441,9.4,1,Credit card (tokenised),0
NT-02818,18-24,10,Month-to-month,41.76,616,21.6,0,Direct debit,0
NT-02819,25-34,21,Two-year,49.81,206,12.2,0,Direct debit,0
NT-02820,65+,16,One-year,42.52,440,20.1,1,Direct debit,0
NT-02821,25-34,18,One-year,38.53,259,7.6,0,Bank transfer,0
NT-02822,45-54,76,One-year,19.51,655,2.8,2,Credit card (tokenised),0
NT-02823,25-34,48,One-year,48.15,236,6.9,1,Direct debit,0
NT-02824,25-34,16,Two-year,61.36,254,7.9,0,Direct debit,0
NT-02825,55-64,14,Month-to-month,54.9,414,10.0,1,Credit card (tokenised),0
NT-02826,45-54,21,One-year,22.03,188,23.4,1,Direct debit,1
NT-02827,18-24,14,One-year,37.06,181,15.0,1,Direct debit,0
NT-02828,35-44,33,Two-year,34.61,640,9.8,1,Credit card (tokenised),0
NT-02829,18-24,33,One-year,33.22,571,6.6,2,Direct debit,0
NT-02830,35-44,18,Two-year,38.32,490,3.5,2,Direct debit,0
NT-02831,45-54,41,One-year,63.98,216,7.7,0,Direct debit,0
NT-02832,18-24,41,Month-to-month,39.29,916,37.1,1,Credit card (tokenised),0
NT-02833,25-34,20,Month-to-month,32.67,331,2.6,1,Direct debit,0
NT-02834,35-44,18,One-year,41.57,356,8.3,1,Bank transfer,0
NT-02835,65+,23,One-year,22.24,756,9.0,0,Credit card (tokenised),0
NT-02836,65+,38,Month-to-month,29.41,315,6.9,3,Credit card (tokenised),0
NT-02837,18-24,73,Month-to-month,49.83,203,9.2,1,Credit card (tokenised),0
NT-02838,55-64,38,Month-to-month,40.26,466,5.2,0,Direct debit,0
NT-02839,35-44,15,Two-year,63.22,361,25.9,1,Bank transfer,1
NT-02840,35-44,34,Month-to-month,41.21,501,3.6,1,Bank transfer,1
NT-02841,45-54,31,One-year,23.05,685,4.8,0,Direct debit,0
NT-02842,65+,30,Month-to-month,18.98,708,5.4,1,Credit card (tokenised),0
NT-02843,65+,14,Month-to-month,50.02,232,3.6,0,Direct debit,0
NT-02844,35-44,34,Two-year,25.5,263,7.1,0,Credit card (tokenised),0
NT-02845,25-34,29,Month-to-month,24.43,62,21.6,1,Direct debit,0
NT-02846,55-64,15,Month-to-month,31.82,201,2.6,0,Direct debit,0
NT-02847,25-34,64,Month-to-month,49.96,311,13.7,1,Credit card (tokenised),0
NT-02848,35-44,14,Month-to-month,33.59,648,9.9,0,Direct debit,0
NT-02849,25-34,36,One-year,27.9,304,16.9,0,Direct debit,0
NT-02850,45-54,27,Month-to-month,52.55,543,9.0,2,Credit card (tokenised),0
NT-02851,25-34,24,One-year,50.5,223,19.9,3,Direct debit,0
NT-02852,25-34,52,Month-to-month,58.0,159,8.8,0,Direct debit,0
NT-02853,65+,45,Two-year,54.22,325,2.0,1,Direct debit,0
NT-02854,18-24,27,One-year,50.71,386,10.6,1,Bank transfer,0
NT-02855,35-44,18,Two-year,28.99,204,17.2,1,Direct debit,0
NT-02856,25-34,23,Two-year,45.91,143,1.7,0,Bank transfer,0
NT-02857,18-24,25,Month-to-month,52.58,239,14.4,0,Direct debit,0
NT-02858,18-24,46,Month-to-month,60.27,463,7.7,1,Direct debit,0
NT-02859,25-34,35,One-year,40.05,325,8.0,1,Credit card (tokenised),0
NT-02860,55-64,46,Month-to-month,32.1,177,7.0,0,Credit card (tokenised),0
NT-02861,25-34,13,Month-to-month,27.39,194,10.9,0,Credit card (tokenised),0
NT-02862,65+,48,Month-to-month,49.75,494,19.1,2,Direct debit,0
NT-02863,45-54,56,Month-to-month,30.0,290,5.5,1,Direct debit,0
NT-02864,35-44,19,One-year,39.29,119,15.3,1,Direct debit,1
NT-02865,45-54,43,Month-to-month,27.44,607,4.0,1,Bank transfer,0
NT-02866,35-44,54,Month-to-month,36.09,125,14.8,0,Credit card (tokenised),0
NT-02867,45-54,21,One-year,43.27,560,15.2,3,Credit card (tokenised),0
NT-02868,25-34,16,Month-to-month,41.23,227,17.5,1,Direct debit,0
NT-02869,25-34,32,Two-year,46.86,170,11.3,0,Credit card (tokenised),0
NT-02870,55-64,10,Month-to-month,21.51,352,17.3,2,Credit card (tokenised),0
NT-02871,65+,48,One-year,36.6,279,3.4,3,Direct debit,0
NT-02872,55-64,18,Month-to-month,32.36,236,22.5,0,Direct debit,0
NT-02873,35-44,25,Month-to-month,26.21,364,10.2,2,Credit card (tokenised),0
NT-02874,55-64,41,Month-to-month,29.01,137,26.6,0,Credit card (tokenised),0
NT-02875,35-44,38,Month-to-month,27.27,340,8.6,1,Credit card (tokenised),1
NT-02876,35-44,40,Two-year,42.2,355,7.7,0,Direct debit,0
NT-02877,25-34,19,One-year,42.8,226,5.0,1,Direct debit,1
NT-02878,45-54,34,Month-to-month,48.51,25,11.1,1,Credit card (tokenised),0
NT-02879,25-34,44,Month-to-month,41.94,287,13.0,2,Credit card (tokenised),0
NT-02880,25-34,21,Month-to-month,39.91,282,4.3,1,Credit card (tokenised),0
NT-02881,55-64,66,Month-to-month,38.95,265,5.0,1,Credit card (tokenised),0
NT-02882,25-34,26,Month-to-month,46.11,93,3.3,0,Credit card (tokenised),0
NT-02883,18-24,9,Two-year,12.72,343,9.4,0,Direct debit,0
NT-02884,18-24,26,Month-to-month,37.29,525,25.1,0,Direct debit,1
NT-02885,65+,54,One-year,41.81,272,7.4,0,Direct debit,0
NT-02886,35-44,17,One-year,59.48,138,4.6,1,Direct debit,0
NT-02887,35-44,16,One-year,24.66,410,5.0,0,Bank transfer,0
NT-02888,55-64,35,Month-to-month,24.24,693,5.1,1,Direct debit,0
NT-02889,55-64,16,One-year,12.0,176,19.2,3,Bank transfer,0
NT-02890,25-34,15,Two-year,21.31,180,18.9,2,Direct debit,1
NT-02891,45-54,18,Month-to-month,36.18,617,7.6,0,Direct debit,0
NT-02892,55-64,61,Month-to-month,29.31,287,21.3,0,Direct debit,0
NT-02893,45-54,37,Two-year,29.06,88,9.3,0,Direct debit,0
NT-02894,25-34,30,One-year,38.28,813,7.1,0,Direct debit,0
NT-02895,55-64,19,Month-to-month,44.99,46,12.8,3,Direct debit,0
NT-02896,35-44,44,One-year,38.15,78,27.9,0,Credit card (tokenised),0
NT-02897,25-34,39,Month-to-month,38.32,146,3.9,1,Direct debit,0
NT-02898,35-44,63,Month-to-month,42.84,473,15.1,4,Bank transfer,0
NT-02899,18-24,17,Month-to-month,16.01,496,18.7,0,Credit card (tokenised),0
NT-02900,18-24,16,Month-to-month,39.55,123,22.8,2,Bank transfer,1
NT-02901,55-64,9,One-year,37.1,185,18.2,0,Direct debit,0
NT-02902,18-24,38,One-year,37.91,378,2.8,0,Direct debit,0
NT-02903,35-44,33,Two-year,30.99,688,14.5,0,Credit card (tokenised),0
NT-02904,35-44,24,Month-to-month,35.53,42,9.4,1,Credit card (tokenised),0
NT-02905,18-24,9,One-year,42.83,81,46.9,1,Bank transfer,0
NT-02906,65+,57,Month-to-month,57.31,227,33.6,2,Direct debit,0
NT-02907,25-34,32,Month-to-month,17.7,108,10.1,0,Direct debit,0
NT-02908,25-34,51,Two-year,44.86,596,8.6,2,Bank transfer,0
NT-02909,25-34,54,Month-to-month,52.61,301,23.4,2,Credit card (tokenised),1
NT-02910,25-34,37,Month-to-month,22.75,566,3.0,4,Credit card (tokenised),0
NT-02911,18-24,40,Month-to-month,35.85,381,8.2,0,Direct debit,0
NT-02912,45-54,21,Month-to-month,41.31,463,16.3,0,Direct debit,1
NT-02913,65+,31,One-year,62.11,202,4.3,0,Credit card (tokenised),0
NT-02914,25-34,47,Two-year,64.08,72,1.8,0,Bank transfer,0
NT-02915,45-54,18,One-year,22.75,277,14.8,0,Bank transfer,0
NT-02916,45-54,45,Two-year,34.37,527,11.9,0,Direct debit,0
NT-02917,55-64,44,One-year,40.39,800,22.4,0,Direct debit,0
NT-02918,35-44,43,Two-year,44.68,266,3.9,0,Direct debit,0
NT-02919,25-34,29,Month-to-month,40.41,475,7.3,0,Credit card (tokenised),0
NT-02920,25-34,19,Two-year,26.62,200,4.0,0,Credit card (tokenised),0
NT-02921,45-54,66,Month-to-month,26.09,240,14.9,4,Direct debit,0
NT-02922,55-64,55,Two-year,19.5,297,1.2,2,Credit card (tokenised),0
NT-02923,25-34,30,Month-to-month,13.75,719,12.1,1,Credit card (tokenised),0
NT-02924,35-44,33,One-year,19.23,465,27.8,1,Direct debit,0
NT-02925,65+,25,One-year,51.94,427,31.2,1,Credit card (tokenised),0
NT-02926,55-64,10,Two-year,46.52,698,15.7,0,Direct debit,0
NT-02927,65+,28,One-year,44.64,184,11.9,2,Credit card (tokenised),1
NT-02928,45-54,37,Month-to-month,35.33,264,25.9,1,Credit card (tokenised),0
NT-02929,35-44,21,One-year,37.5,428,8.9,0,Direct debit,0
NT-02930,45-54,24,Month-to-month,34.78,218,12.0,0,Bank transfer,0
NT-02931,45-54,24,Month-to-month,18.96,256,13.3,2,Direct debit,0
NT-02932,18-24,31,Month-to-month,45.77,360,9.2,1,Direct debit,0
NT-02933,35-44,26,Month-to-month,48.23,304,6.3,0,Credit card (tokenised),0
NT-02934,45-54,18,Month-to-month,24.2,151,14.9,1,Direct debit,0
NT-02935,25-34,31,Two-year,24.19,198,12.1,0,Credit card (tokenised),0
NT-02936,55-64,36,Two-year,42.22,150,15.7,2,Bank transfer,0
NT-02937,45-54,32,Month-to-month,42.12,474,6.7,1,Bank transfer,0
NT-02938,65+,9,Month-to-month,46.79,193,10.5,0,Direct debit,1
NT-02939,18-24,40,Month-to-month,54.96,430,11.9,1,Credit card (tokenised),0
NT-02940,25-34,15,Month-to-month,25.31,342,16.8,0,Credit card (tokenised),0
NT-02941,45-54,36,Month-to-month,37.02,308,6.1,2,Direct debit,0
NT-02942,25-34,37,Month-to-month,25.99,133,13.1,0,Credit card (tokenised),0
NT-02943,45-54,12,One-year,26.86,340,14.7,0,Direct debit,0
NT-02944,45-54,45,One-year,32.84,404,3.0,1,Direct debit,0
NT-02945,18-24,65,Month-to-month,55.28,476,9.0,0,Direct debit,0
NT-02946,35-44,25,Month-to-month,51.26,149,13.6,1,Direct debit,0
NT-02947,35-44,36,One-year,37.1,270,4.7,0,Direct debit,0
NT-02948,35-44,23,One-year,12.13,547,23.3,1,Direct debit,1
NT-02949,65+,15,Month-to-month,42.71,514,12.4,4,Direct debit,1
NT-02950,55-64,47,Month-to-month,42.44,297,13.2,1,Direct debit,1
NT-02951,45-54,36,Month-to-month,26.8,130,26.5,1,Bank transfer,0
NT-02952,45-54,20,Month-to-month,47.97,491,7.7,0,Credit card (tokenised),0
NT-02953,35-44,15,Month-to-month,26.57,313,21.0,0,Bank transfer,1
NT-02954,65+,67,Month-to-month,47.93,170,13.0,2,Credit card (tokenised),0
NT-02955,45-54,13,Month-to-month,40.89,275,11.9,0,Credit card (tokenised),0
NT-02956,45-54,39,Month-to-month,20.48,132,21.7,1,Credit card (tokenised),0
NT-02957,55-64,32,One-year,33.66,489,15.0,2,Credit card (tokenised),0
NT-02958,25-34,42,Month-to-month,39.74,90,22.5,1,Credit card (tokenised),0
NT-02959,55-64,58,One-year,41.6,568,3.6,1,Direct debit,0
NT-02960,25-34,5,Month-to-month,50.4,367,21.8,0,Credit card (tokenised),0
NT-02961,25-34,16,Month-to-month,51.89,134,4.9,0,Direct debit,0
NT-02962,25-34,27,Two-year,35.14,260,1.8,3,Credit card (tokenised),1
NT-02963,65+,61,One-year,44.71,242,1.0,1,Credit card (tokenised),0
NT-02964,55-64,23,Month-to-month,57.3,179,27.0,1,Credit card (tokenised),1
NT-02965,45-54,21,One-year,25.78,347,23.3,3,Bank transfer,0
NT-02966,45-54,7,One-year,30.7,704,21.8,0,Direct debit,1
NT-02967,35-44,20,Month-to-month,18.14,190,1.1,0,Credit card (tokenised),1
NT-02968,65+,38,Month-to-month,30.42,328,4.5,1,Bank transfer,0
NT-02969,35-44,27,Two-year,40.47,315,16.4,0,Bank transfer,1
NT-02970,35-44,19,Month-to-month,12.61,345,15.9,0,Credit card (tokenised),0
NT-02971,25-34,68,Month-to-month,43.24,49,15.0,0,Direct debit,0
NT-02972,55-64,25,Month-to-month,32.33,591,7.8,0,Direct debit,0
NT-02973,45-54,31,One-year,37.25,1039,11.2,1,Direct debit,0
NT-02974,35-44,19,Two-year,23.97,311,8.2,0,Bank transfer,0
NT-02975,18-24,15,One-year,36.77,469,11.2,1,Credit card (tokenised),0
NT-02976,55-64,41,One-year,58.15,396,26.2,1,Credit card (tokenised),0
NT-02977,18-24,10,Two-year,33.2,147,8.2,0,Bank transfer,0
NT-02978,45-54,37,One-year,12.0,297,11.0,0,Direct debit,0
NT-02979,65+,4,One-year,52.57,200,1.8,1,Credit card (tokenised),0
NT-02980,35-44,34,Two-year,44.51,279,28.2,3,Credit card (tokenised),0
NT-02981,25-34,16,Month-to-month,39.13,321,25.7,0,Direct debit,0
NT-02982,45-54,18,One-year,44.82,335,5.0,0,Credit card (tokenised),0
NT-02983,55-64,25,One-year,38.99,189,6.7,0,Direct debit,0
NT-02984,35-44,14,Two-year,57.72,336,6.7,1,Credit card (tokenised),0
NT-02985,65+,9,Two-year,47.02,286,3.3,0,Direct debit,0
NT-02986,18-24,26,One-year,32.52,565,21.7,1,Direct debit,0
NT-02987,35-44,42,Two-year,55.9,456,6.2,2,Bank transfer,0
NT-02988,45-54,32,Month-to-month,59.84,508,9.0,1,Credit card (tokenised),0
NT-02989,55-64,50,Month-to-month,48.92,529,4.1,1,Credit card (tokenised),1
NT-02990,25-34,9,Month-to-month,42.88,167,5.5,1,Direct debit,0
NT-02991,55-64,23,Month-to-month,27.75,445,4.1,0,Direct debit,1
NT-02992,35-44,29,Month-to-month,46.23,162,4.5,1,Bank transfer,0
NT-02993,35-44,18,Month-to-month,42.66,655,2.7,2,Credit card (tokenised),0
NT-02994,18-24,30,Month-to-month,37.68,440,0.9,0,Credit card (tokenised),1
NT-02995,55-64,48,Two-year,46.39,155,9.5,2,Credit card (tokenised),0
NT-02996,25-34,37,Month-to-month,39.04,343,27.1,2,Direct debit,0
NT-02997,25-34,52,Two-year,44.59,182,12.6,0,Bank transfer,0
NT-02998,25-34,33,Two-year,50.43,232,15.8,1,Direct debit,0
NT-02999,55-64,27,Month-to-month,22.03,376,12.6,1,Direct debit,0
NT-03000,45-54,59,Month-to-month,25.7,214,1.3,1,Bank transfer,0
NT-03001,55-64,31,One-year,27.05,265,1.0,0,Direct debit,0
NT-03002,25-34,65,One-year,61.28,536,4.6,2,Bank transfer,0
NT-03003,45-54,45,Month-to-month,45.6,280,10.8,0,Credit card (tokenised),0
NT-03004,35-44,20,Month-to-month,46.72,169,18.0,0,Direct debit,0
NT-03005,55-64,26,Month-to-month,51.55,82,27.1,0,Direct debit,0
NT-03006,65+,59,Month-to-month,25.44,458,5.8,2,Credit card (tokenised),0
NT-03007,18-24,50,Month-to-month,13.54,454,8.4,1,Credit card (tokenised),0
NT-03008,45-54,42,Month-to-month,37.25,344,15.0,1,Direct debit,0
NT-03009,18-24,39,One-year,48.77,961,12.6,0,Bank transfer,0
NT-03010,35-44,13,Two-year,35.63,258,12.1,0,Credit card (tokenised),0
NT-03011,25-34,15,One-year,21.56,570,4.1,1,Bank transfer,0
NT-03012,25-34,33,Two-year,27.14,200,4.8,0,Direct debit,0
NT-03013,25-34,18,One-year,23.85,473,2.0,0,Direct debit,0
NT-03014,45-54,25,One-year,30.65,152,5.6,0,Bank transfer,0
NT-03015,25-34,24,Month-to-month,24.09,467,1.8,1,Credit card (tokenised),0
NT-03016,45-54,38,Month-to-month,39.76,265,14.4,1,Credit card (tokenised),0
NT-03017,35-44,33,One-year,31.43,414,19.9,0,Credit card (tokenised),0
NT-03018,18-24,48,Two-year,45.6,352,7.4,2,Credit card (tokenised),0
NT-03019,55-64,34,Month-to-month,26.28,450,8.8,0,Direct debit,0
NT-03020,25-34,32,Month-to-month,41.06,76,13.6,0,Credit card (tokenised),0
NT-03021,35-44,29,One-year,37.55,284,21.0,1,Credit card (tokenised),0
NT-03022,45-54,51,Month-to-month,42.75,551,17.8,2,Bank transfer,1
NT-03023,25-34,29,Month-to-month,44.44,595,33.6,2,Direct debit,0
NT-03024,18-24,19,One-year,45.72,403,15.2,0,Direct debit,0
NT-03025,35-44,40,Month-to-month,47.97,563,15.6,0,Credit card (tokenised),1
NT-03026,65+,27,One-year,44.51,276,12.9,0,Credit card (tokenised),0
NT-03027,45-54,45,Two-year,41.57,16,13.0,2,Direct debit,0
NT-03028,45-54,54,Month-to-month,30.0,206,6.2,0,Direct debit,0
NT-03029,45-54,26,Month-to-month,48.21,328,9.3,1,Direct debit,0
NT-03030,25-34,53,Month-to-month,29.64,355,6.7,0,Direct debit,0
NT-03031,35-44,45,Month-to-month,34.5,389,2.8,0,Credit card (tokenised),0
NT-03032,45-54,21,One-year,27.66,312,26.1,0,Credit card (tokenised),1
NT-03033,18-24,18,Month-to-month,27.41,315,36.2,1,Bank transfer,0
NT-03034,25-34,17,Month-to-month,34.2,484,12.8,0,Direct debit,0
NT-03035,25-34,15,Month-to-month,35.2,179,8.3,2,Credit card (tokenised),0
NT-03036,35-44,50,Month-to-month,28.24,352,6.6,0,Bank transfer,0
NT-03037,65+,26,Month-to-month,38.26,403,6.5,1,Bank transfer,0
NT-03038,18-24,63,One-year,39.88,214,22.5,0,Direct debit,0
NT-03039,35-44,20,Month-to-month,31.46,262,5.2,0,Direct debit,0
NT-03040,25-34,22,Month-to-month,65.48,716,11.9,1,Bank transfer,0
NT-03041,65+,37,Month-to-month,41.99,342,7.1,3,Credit card (tokenised),1
NT-03042,18-24,61,Two-year,39.42,1122,29.5,2,Credit card (tokenised),0
NT-03043,35-44,22,Month-to-month,29.89,327,5.9,1,Bank transfer,0
NT-03044,45-54,43,One-year,39.65,498,7.8,1,Direct debit,0
NT-03045,45-54,29,One-year,40.89,113,2.9,2,Direct debit,0
NT-03046,35-44,38,One-year,37.96,76,4.6,1,Direct debit,0
NT-03047,25-34,19,Month-to-month,55.02,163,9.4,1,Bank transfer,0
NT-03048,35-44,41,Two-year,17.58,534,7.7,1,Credit card (tokenised),0
NT-03049,25-34,25,One-year,33.44,265,6.6,1,Direct debit,0
NT-03050,25-34,23,One-year,46.57,110,12.3,1,Credit card (tokenised),0
NT-03051,35-44,28,Month-to-month,27.24,324,8.5,1,Direct debit,0
NT-03052,25-34,39,One-year,19.44,505,15.4,2,Direct debit,0
NT-03053,25-34,27,One-year,31.77,176,9.8,0,Direct debit,0
NT-03054,45-54,23,Month-to-month,50.53,523,8.8,0,Credit card (tokenised),0
NT-03055,65+,27,Month-to-month,27.52,132,9.5,4,Credit card (tokenised),0
NT-03056,45-54,27,One-year,33.72,497,1.4,1,Credit card (tokenised),1
NT-03057,18-24,37,Month-to-month,43.06,576,12.3,1,Direct debit,0
NT-03058,18-24,24,One-year,31.05,205,20.8,0,Bank transfer,0
NT-03059,65+,23,Month-to-month,32.72,623,1.9,0,Credit card (tokenised),1
NT-03060,25-34,19,Month-to-month,30.18,692,13.0,0,Direct debit,0
NT-03061,18-24,38,One-year,31.19,392,7.8,1,Direct debit,0
NT-03062,45-54,31,Month-to-month,24.04,215,12.1,0,Bank transfer,0
NT-03063,45-54,51,Two-year,34.91,1159,22.4,2,Credit card (tokenised),0
NT-03064,45-54,48,Two-year,50.77,195,6.7,2,Bank transfer,0
NT-03065,25-34,33,One-year,56.99,745,16.6,0,Direct debit,0
NT-03066,18-24,27,One-year,53.0,898,6.0,0,Bank transfer,0
NT-03067,65+,29,Two-year,39.65,401,29.5,0,Direct debit,1
NT-03068,25-34,21,Month-to-month,57.91,152,14.1,1,Bank transfer,1
NT-03069,45-54,19,One-year,65.63,382,23.8,1,Bank transfer,0
NT-03070,45-54,17,Month-to-month,40.18,976,17.7,0,Credit card (tokenised),0
NT-03071,45-54,26,Month-to-month,26.11,214,7.1,0,Credit card (tokenised),1
NT-03072,25-34,6,One-year,53.74,300,15.3,0,Direct debit,0
NT-03073,25-34,60,One-year,23.56,63,13.1,2,Credit card (tokenised),0
NT-03074,45-54,69,Month-to-month,27.36,301,11.7,0,Credit card (tokenised),0
NT-03075,55-64,16,Month-to-month,13.01,461,11.3,1,Direct debit,0
NT-03076,65+,68,One-year,46.73,166,22.6,1,Credit card (tokenised),0
NT-03077,18-24,16,Month-to-month,12.0,729,13.0,1,Bank transfer,0
NT-03078,25-34,29,One-year,49.91,121,1.3,1,Direct debit,0
NT-03079,65+,35,One-year,59.71,216,19.4,0,Direct debit,0
NT-03080,45-54,30,Month-to-month,58.73,653,2.1,0,Direct debit,0
NT-03081,55-64,22,Month-to-month,22.81,287,25.6,1,Bank transfer,0
NT-03082,25-34,21,One-year,15.64,819,1.2,1,Bank transfer,0
NT-03083,45-54,43,Month-to-month,30.29,83,16.8,0,Credit card (tokenised),0
NT-03084,45-54,52,Month-to-month,48.55,252,19.3,3,Credit card (tokenised),0
NT-03085,45-54,10,Month-to-month,52.45,388,11.4,1,Bank transfer,0
NT-03086,35-44,33,Month-to-month,45.97,956,6.9,0,Direct debit,0
NT-03087,18-24,39,Month-to-month,44.34,345,22.6,1,Credit card (tokenised),0
NT-03088,45-54,32,Month-to-month,66.33,441,4.8,1,Direct debit,0
NT-03089,25-34,13,One-year,32.26,313,1.4,2,Bank transfer,0
NT-03090,35-44,37,One-year,28.66,294,7.8,1,Direct debit,0
NT-03091,65+,48,One-year,23.73,214,15.5,1,Credit card (tokenised),0
NT-03092,35-44,18,Month-to-month,43.2,409,12.2,0,Direct debit,0
NT-03093,55-64,21,Month-to-month,35.85,267,20.0,1,Bank transfer,0
NT-03094,25-34,32,One-year,47.9,455,1.7,0,Bank transfer,0
NT-03095,45-54,28,One-year,32.59,342,14.7,2,Direct debit,0
NT-03096,65+,21,One-year,45.55,250,18.7,1,Credit card (tokenised),0
NT-03097,18-24,15,One-year,33.39,735,11.5,1,Direct debit,0
NT-03098,18-24,22,One-year,36.05,201,33.3,0,Direct debit,0
NT-03099,35-44,8,Month-to-month,37.18,221,6.3,0,Direct debit,0
NT-03100,18-24,39,One-year,17.6,57,11.3,2,Bank transfer,0
NT-03101,45-54,20,One-year,36.32,275,8.8,0,Direct debit,0
NT-03102,65+,43,Two-year,44.75,702,21.9,1,Direct debit,0
NT-03103,35-44,26,One-year,26.14,713,25.5,0,Credit card (tokenised),0
NT-03104,25-34,31,One-year,60.92,235,5.5,0,Bank transfer,1
NT-03105,35-44,11,Month-to-month,38.06,433,4.3,0,Direct debit,0
NT-03106,45-54,41,Two-year,30.48,490,13.8,1,Direct debit,0
NT-03107,18-24,89,Two-year,30.11,115,10.2,0,Credit card (tokenised),0
NT-03108,45-54,24,One-year,54.45,608,15.6,1,Direct debit,0
NT-03109,45-54,31,One-year,28.1,130,15.4,3,Credit card (tokenised),0
NT-03110,45-54,33,Month-to-month,41.58,247,7.6,0,Direct debit,0
NT-03111,25-34,14,One-year,48.6,154,1.9,0,Direct debit,0
NT-03112,45-54,16,One-year,44.65,386,7.6,1,Direct debit,0
NT-03113,18-24,38,One-year,31.25,186,5.8,1,Credit card (tokenised),1
NT-03114,25-34,18,Month-to-month,48.07,215,6.1,0,Direct debit,0
NT-03115,55-64,26,One-year,39.87,542,22.6,1,Bank transfer,0
NT-03116,45-54,31,Month-to-month,17.36,232,4.5,1,Bank transfer,0
NT-03117,18-24,39,One-year,52.68,316,3.4,0,Direct debit,0
NT-03118,25-34,26,Month-to-month,30.64,129,10.8,2,Direct debit,1
NT-03119,25-34,27,One-year,35.89,101,6.9,0,Direct debit,0
NT-03120,25-34,82,Month-to-month,41.71,354,16.7,1,Direct debit,0
NT-03121,25-34,46,Month-to-month,31.62,226,13.2,1,Direct debit,1
NT-03122,18-24,24,One-year,47.08,804,14.6,0,Direct debit,1
NT-03123,35-44,27,Month-to-month,24.75,1012,13.6,1,Direct debit,0
NT-03124,45-54,66,One-year,31.11,138,12.9,2,Direct debit,0
NT-03125,45-54,39,Two-year,52.71,103,7.8,0,Credit card (tokenised),0
NT-03126,45-54,49,Two-year,38.3,814,11.4,2,Direct debit,0
NT-03127,18-24,24,Month-to-month,25.32,416,9.2,0,Direct debit,0
NT-03128,65+,22,One-year,38.94,349,3.4,1,Direct debit,0
NT-03129,55-64,58,Month-to-month,42.82,113,12.8,1,Direct debit,0
NT-03130,55-64,28,Two-year,18.97,968,3.8,0,Credit card (tokenised),0
NT-03131,55-64,28,One-year,57.85,181,17.3,1,Direct debit,1
NT-03132,65+,23,Month-to-month,59.47,501,4.4,0,Direct debit,0
NT-03133,35-44,48,Month-to-month,39.44,485,6.1,0,Bank transfer,0
NT-03134,25-34,50,Month-to-month,35.6,96,5.0,0,Credit card (tokenised),0
NT-03135,45-54,32,One-year,38.28,204,18.7,0,Credit card (tokenised),0
NT-03136,45-54,15,Month-to-month,48.72,119,16.5,0,Direct debit,0
NT-03137,45-54,21,One-year,43.43,67,14.3,0,Credit card (tokenised),1
NT-03138,35-44,53,One-year,40.87,275,6.8,3,Bank transfer,0
NT-03139,18-24,32,Two-year,54.59,131,13.8,1,Direct debit,0
NT-03140,35-44,48,Two-year,51.57,181,18.0,0,Bank transfer,0
NT-03141,65+,35,Month-to-month,26.48,110,9.7,1,Direct debit,0
NT-03142,45-54,17,One-year,48.65,253,5.2,0,Direct debit,0
NT-03143,35-44,37,One-year,51.82,800,14.5,0,Credit card (tokenised),0
NT-03144,25-34,28,Two-year,41.34,381,19.3,0,Direct debit,1
NT-03145,35-44,22,Month-to-month,45.19,222,17.1,0,Direct debit,0
NT-03146,55-64,23,Month-to-month,34.31,302,18.4,1,Credit card (tokenised),0
NT-03147,45-54,48,Month-to-month,23.55,365,12.3,1,Credit card (tokenised),0
NT-03148,55-64,33,Month-to-month,60.65,368,19.0,0,Direct debit,0
NT-03149,35-44,32,Month-to-month,21.93,260,21.5,0,Direct debit,0
NT-03150,45-54,61,Month-to-month,58.18,196,9.1,0,Direct debit,0
NT-03151,25-34,20,One-year,37.22,499,8.7,0,Bank transfer,0
NT-03152,45-54,28,Month-to-month,52.97,144,7.4,1,Credit card (tokenised),1
NT-03153,35-44,21,One-year,38.27,503,3.4,1,Bank transfer,0
NT-03154,35-44,37,Month-to-month,49.25,236,2.7,3,Bank transfer,0
NT-03155,45-54,32,Two-year,43.39,612,35.6,0,Credit card (tokenised),0
NT-03156,65+,24,Two-year,29.97,159,1.1,1,Bank transfer,0
NT-03157,18-24,26,One-year,39.61,157,8.9,2,Credit card (tokenised),0
NT-03158,55-64,45,Two-year,36.28,324,23.2,0,Credit card (tokenised),0
NT-03159,25-34,51,Month-to-month,45.72,180,6.4,1,Direct debit,0
NT-03160,35-44,21,One-year,39.7,819,5.7,1,Credit card (tokenised),0
NT-03161,18-24,90,Month-to-month,41.43,200,3.3,1,Credit card (tokenised),0
NT-03162,25-34,13,Month-to-month,25.69,169,9.4,1,Credit card (tokenised),0
NT-03163,35-44,16,Month-to-month,22.66,406,18.6,0,Direct debit,0
NT-03164,18-24,25,One-year,38.85,50,8.0,0,Credit card (tokenised),0
NT-03165,35-44,19,Month-to-month,40.18,849,10.4,0,Direct debit,0
NT-03166,65+,18,One-year,25.38,452,15.3,0,Credit card (tokenised),0
NT-03167,18-24,50,Month-to-month,44.86,366,4.9,1,Credit card (tokenised),0
NT-03168,55-64,38,Two-year,45.38,187,3.6,1,Credit card (tokenised),0
NT-03169,35-44,30,One-year,39.87,286,17.5,1,Direct debit,0
NT-03170,45-54,22,Month-to-month,38.19,204,9.0,2,Credit card (tokenised),0
NT-03171,25-34,17,Month-to-month,22.79,231,3.5,1,Direct debit,1
NT-03172,25-34,16,One-year,22.59,529,29.5,2,Direct debit,0
NT-03173,25-34,50,Month-to-month,42.74,389,2.6,2,Direct debit,0
NT-03174,18-24,49,Month-to-month,28.06,246,8.0,2,Credit card (tokenised),0
NT-03175,25-34,25,One-year,28.91,90,40.0,1,Direct debit,0
NT-03176,45-54,13,Month-to-month,41.35,1044,11.7,0,Direct debit,0
NT-03177,55-64,39,Month-to-month,62.45,148,21.3,1,Credit card (tokenised),0
NT-03178,55-64,25,Month-to-month,33.23,531,4.9,1,Credit card (tokenised),0
NT-03179,45-54,46,Month-to-month,62.61,200,14.0,0,Direct debit,0
NT-03180,18-24,16,Month-to-month,37.08,348,8.5,0,Direct debit,0
NT-03181,25-34,30,Month-to-month,44.77,170,11.4,1,Direct debit,0
NT-03182,25-34,15,Month-to-month,49.52,195,5.5,0,Bank transfer,0
NT-03183,25-34,20,Month-to-month,50.39,185,9.8,0,Credit card (tokenised),1
NT-03184,35-44,19,Two-year,42.07,333,30.7,1,Bank transfer,1
NT-03185,35-44,25,One-year,35.24,187,12.8,0,Credit card (tokenised),1
NT-03186,25-34,52,One-year,47.94,324,23.0,1,Bank transfer,1
NT-03187,25-34,31,Month-to-month,43.09,657,17.5,1,Direct debit,0
NT-03188,55-64,42,Month-to-month,32.77,139,26.7,0,Credit card (tokenised),0
NT-03189,55-64,30,One-year,54.91,139,21.8,0,Credit card (tokenised),1
NT-03190,25-34,23,One-year,43.49,742,29.6,0,Direct debit,0
NT-03191,65+,8,Month-to-month,29.01,459,9.8,2,Direct debit,1
NT-03192,65+,16,Month-to-month,27.61,311,11.5,0,Direct debit,0
NT-03193,25-34,29,Month-to-month,61.51,107,7.5,1,Credit card (tokenised),0
NT-03194,25-34,31,One-year,32.09,93,3.3,0,Direct debit,0
NT-03195,35-44,46,Month-to-month,47.04,167,26.3,0,Credit card (tokenised),0
NT-03196,65+,11,One-year,42.52,339,4.7,2,Credit card (tokenised),0
NT-03197,55-64,75,One-year,46.63,556,2.2,0,Credit card (tokenised),0
NT-03198,18-24,8,Two-year,60.94,333,7.0,0,Bank transfer,0
NT-03199,35-44,28,One-year,49.97,346,17.9,0,Credit card (tokenised),0
NT-03200,35-44,21,Month-to-month,48.03,598,25.1,0,Direct debit,0
NT-03201,35-44,17,One-year,35.64,404,17.5,0,Direct debit,0
NT-03202,25-34,59,One-year,30.03,217,16.2,1,Direct debit,0
NT-03203,55-64,21,One-year,67.03,299,41.0,0,Direct debit,1
NT-03204,45-54,10,One-year,37.5,565,3.2,1,Direct debit,0
NT-03205,55-64,14,Two-year,36.72,365,11.3,1,Direct debit,0
NT-03206,55-64,49,Month-to-month,41.47,778,6.5,0,Credit card (tokenised),0
NT-03207,45-54,14,Month-to-month,40.3,190,14.9,0,Credit card (tokenised),0
NT-03208,35-44,12,One-year,57.11,149,7.0,1,Credit card (tokenised),0
NT-03209,45-54,32,Month-to-month,44.48,382,0.9,0,Direct debit,0
NT-03210,25-34,25,Month-to-month,22.28,328,14.9,0,Direct debit,0
NT-03211,45-54,36,Month-to-month,30.08,138,13.8,3,Credit card (tokenised),1
NT-03212,25-34,23,One-year,38.13,206,6.4,1,Direct debit,0
NT-03213,45-54,41,Month-to-month,50.31,661,7.5,2,Credit card (tokenised),0
NT-03214,25-34,13,One-year,19.75,414,4.1,2,Bank transfer,0
NT-03215,18-24,12,Month-to-month,43.93,216,9.6,1,Credit card (tokenised),0
NT-03216,25-34,33,Month-to-month,46.78,163,59.2,1,Credit card (tokenised),0
NT-03217,18-24,25,Month-to-month,48.59,247,32.4,0,Direct debit,0
NT-03218,45-54,23,Month-to-month,37.04,547,7.8,0,Credit card (tokenised),0
NT-03219,45-54,39,One-year,50.59,321,11.1,2,Credit card (tokenised),0
NT-03220,35-44,80,Two-year,28.22,295,5.4,0,Credit card (tokenised),0
NT-03221,25-34,12,One-year,49.35,563,21.9,1,Credit card (tokenised),0
NT-03222,18-24,53,Month-to-month,37.26,143,2.3,4,Credit card (tokenised),0
NT-03223,18-24,40,Month-to-month,38.51,184,4.0,0,Credit card (tokenised),0
NT-03224,25-34,22,Month-to-month,38.38,338,5.4,0,Credit card (tokenised),0
NT-03225,55-64,62,Month-to-month,45.8,295,4.9,0,Credit card (tokenised),0
NT-03226,25-34,14,Month-to-month,24.74,257,3.1,2,Direct debit,1
NT-03227,25-34,36,One-year,48.62,579,6.1,0,Direct debit,0
NT-03228,18-24,26,Month-to-month,48.45,74,11.1,0,Direct debit,1
NT-03229,25-34,22,Month-to-month,34.38,153,5.4,1,Credit card (tokenised),0
NT-03230,35-44,15,Two-year,38.03,152,3.2,0,Bank transfer,0
NT-03231,45-54,96,Month-to-month,27.69,438,7.0,1,Bank transfer,0
NT-03232,25-34,22,Two-year,24.08,232,11.3,0,Credit card (tokenised),0
NT-03233,18-24,6,Two-year,40.37,977,3.0,0,Direct debit,0
NT-03234,35-44,43,Month-to-month,40.45,595,13.9,1,Bank transfer,0
NT-03235,25-34,34,Month-to-month,33.96,233,2.1,1,Credit card (tokenised),0
NT-03236,25-34,25,One-year,23.0,430,7.0,1,Direct debit,0
NT-03237,65+,24,Month-to-month,43.48,417,6.5,0,Credit card (tokenised),0
NT-03238,45-54,28,Month-to-month,33.66,697,1.1,0,Credit card (tokenised),0
NT-03239,35-44,44,One-year,29.01,262,34.7,0,Bank transfer,0
NT-03240,35-44,34,Month-to-month,53.31,212,9.8,1,Direct debit,0
NT-03241,35-44,37,Month-to-month,26.3,400,5.8,0,Credit card (tokenised),0
NT-03242,35-44,37,One-year,44.74,264,0.6,0,Credit card (tokenised),0
NT-03243,45-54,45,One-year,20.01,460,15.4,2,Direct debit,0
NT-03244,45-54,51,Month-to-month,20.77,652,6.6,0,Credit card (tokenised),0
NT-03245,25-34,20,Month-to-month,43.79,167,15.3,0,Credit card (tokenised),0
NT-03246,35-44,32,Month-to-month,33.97,200,5.3,0,Direct debit,0
NT-03247,35-44,9,Month-to-month,23.97,618,15.9,0,Credit card (tokenised),0
NT-03248,55-64,50,One-year,49.4,310,2.8,0,Direct debit,0
NT-03249,45-54,20,One-year,42.46,317,25.8,3,Credit card (tokenised),1
NT-03250,35-44,56,One-year,12.47,559,8.7,3,Credit card (tokenised),0
NT-03251,18-24,20,Month-to-month,49.51,289,11.3,1,Credit card (tokenised),0
NT-03252,45-54,35,Month-to-month,25.23,501,16.7,1,Direct debit,0
NT-03253,18-24,25,Month-to-month,17.51,176,9.9,4,Direct debit,0
NT-03254,25-34,23,Month-to-month,28.15,239,15.5,1,Credit card (tokenised),0
NT-03255,25-34,36,Month-to-month,37.5,717,2.7,0,Direct debit,0
NT-03256,45-54,51,Month-to-month,38.93,313,9.8,4,Credit card (tokenised),1
NT-03257,25-34,25,Month-to-month,18.38,170,21.8,0,Credit card (tokenised),0
NT-03258,35-44,54,One-year,21.04,166,9.3,1,Credit card (tokenised),0
NT-03259,55-64,19,One-year,28.87,295,24.8,0,Direct debit,0
NT-03260,25-34,52,One-year,29.64,512,9.2,0,Credit card (tokenised),0
NT-03261,35-44,30,Month-to-month,47.14,42,10.3,0,Direct debit,0
NT-03262,35-44,34,Two-year,33.04,221,3.7,0,Credit card (tokenised),0
NT-03263,18-24,15,Two-year,46.91,418,3.1,0,Direct debit,0
NT-03264,55-64,22,Month-to-month,51.15,357,10.8,2,Credit card (tokenised),1
NT-03265,18-24,28,One-year,44.67,395,8.8,1,Credit card (tokenised),0
NT-03266,35-44,48,One-year,12.0,189,0.6,1,Direct debit,0
NT-03267,35-44,26,Month-to-month,34.35,334,19.8,2,Credit card (tokenised),0
NT-03268,45-54,18,Month-to-month,36.0,572,2.8,2,Credit card (tokenised),0
NT-03269,45-54,32,Month-to-month,37.35,235,9.9,0,Credit card (tokenised),0
NT-03270,25-34,70,Month-to-month,13.01,323,10.4,1,Bank transfer,0
NT-03271,18-24,34,Month-to-month,28.83,86,18.6,2,Direct debit,0
NT-03272,45-54,26,Two-year,21.65,414,27.2,1,Credit card (tokenised),0
NT-03273,35-44,33,One-year,26.88,193,27.1,1,Direct debit,0
NT-03274,55-64,18,Month-to-month,34.9,128,9.7,0,Direct debit,0
NT-03275,55-64,57,One-year,29.1,220,21.5,0,Credit card (tokenised),0
NT-03276,55-64,57,One-year,27.76,427,12.6,1,Direct debit,0
NT-03277,35-44,17,Month-to-month,35.62,196,9.9,1,Credit card (tokenised),1
NT-03278,25-34,56,Month-to-month,32.09,146,6.4,0,Credit card (tokenised),0
NT-03279,55-64,33,Two-year,40.4,469,4.8,1,Credit card (tokenised),0
NT-03280,35-44,40,One-year,32.96,166,18.1,1,Credit card (tokenised),0
NT-03281,25-34,29,Month-to-month,19.19,946,4.4,2,Credit card (tokenised),0
NT-03282,55-64,30,Month-to-month,25.63,558,10.6,0,Bank transfer,0
NT-03283,55-64,21,Month-to-month,34.06,719,19.4,0,Credit card (tokenised),1
NT-03284,35-44,17,Month-to-month,32.62,341,4.6,1,Direct debit,0
NT-03285,18-24,17,Month-to-month,21.04,191,10.4,0,Credit card (tokenised),0
NT-03286,35-44,49,One-year,46.12,581,7.5,0,Direct debit,0
NT-03287,55-64,32,Month-to-month,41.75,137,9.0,0,Direct debit,0
NT-03288,65+,18,Month-to-month,30.79,77,11.7,0,Credit card (tokenised),0
NT-03289,25-34,30,Month-to-month,36.04,396,7.8,3,Direct debit,0
NT-03290,18-24,11,Month-to-month,25.14,118,22.0,0,Credit card (tokenised),0
NT-03291,55-64,18,Two-year,48.24,294,2.1,1,Credit card (tokenised),0
NT-03292,35-44,52,Month-to-month,62.83,283,16.5,1,Bank transfer,1
NT-03293,35-44,22,One-year,30.26,501,8.2,0,Bank transfer,0
NT-03294,65+,48,Month-to-month,52.69,131,2.7,2,Direct debit,0
NT-03295,18-24,27,Month-to-month,27.67,105,7.9,0,Direct debit,0
NT-03296,45-54,41,One-year,31.62,269,36.1,0,Direct debit,0
NT-03297,18-24,15,Month-to-month,55.2,34,5.2,0,Credit card (tokenised),0
NT-03298,35-44,38,One-year,36.56,378,5.1,1,Direct debit,0
NT-03299,55-64,7,Month-to-month,46.24,357,11.4,0,Bank transfer,0
NT-03300,35-44,23,One-year,34.77,361,16.2,1,Direct debit,0
NT-03301,65+,53,One-year,16.37,265,19.3,1,Direct debit,0
NT-03302,35-44,29,One-year,66.05,829,20.9,0,Bank transfer,1
NT-03303,25-34,17,One-year,35.4,403,7.6,2,Bank transfer,0
NT-03304,25-34,51,One-year,39.87,469,12.9,0,Credit card (tokenised),0
NT-03305,25-34,75,Two-year,29.21,208,1.5,1,Credit card (tokenised),0
NT-03306,35-44,25,Month-to-month,47.36,272,8.3,0,Credit card (tokenised),0
NT-03307,18-24,11,One-year,46.48,172,16.8,1,Direct debit,0
NT-03308,35-44,30,Month-to-month,19.31,334,2.3,1,Direct debit,0
NT-03309,35-44,42,Month-to-month,40.05,174,14.1,1,Credit card (tokenised),1
NT-03310,45-54,26,Month-to-month,48.53,477,4.0,1,Credit card (tokenised),1
NT-03311,45-54,8,One-year,52.41,303,2.2,0,Credit card (tokenised),0
NT-03312,45-54,40,Month-to-month,45.76,22,5.1,3,Direct debit,0
NT-03313,18-24,19,One-year,46.81,163,13.1,2,Direct debit,0
NT-03314,25-34,23,Month-to-month,31.52,680,15.7,1,Credit card (tokenised),0
NT-03315,45-54,12,Month-to-month,23.25,707,4.5,0,Credit card (tokenised),0
NT-03316,35-44,6,Two-year,34.27,434,48.5,1,Credit card (tokenised),0
NT-03317,18-24,15,Month-to-month,22.98,271,13.8,0,Bank transfer,1
NT-03318,55-64,22,Month-to-month,29.13,628,6.4,0,Credit card (tokenised),0
NT-03319,55-64,21,Month-to-month,28.95,284,7.1,1,Direct debit,0
NT-03320,35-44,59,One-year,26.71,609,26.5,0,Credit card (tokenised),0
NT-03321,18-24,16,Month-to-month,44.39,333,18.7,2,Credit card (tokenised),1
NT-03322,55-64,46,Month-to-month,25.85,255,8.4,3,Credit card (tokenised),0
NT-03323,45-54,31,One-year,60.03,475,9.0,0,Credit card (tokenised),0
NT-03324,55-64,63,Month-to-month,49.87,148,1.0,1,Direct debit,1
NT-03325,45-54,28,One-year,52.27,174,26.8,0,Direct debit,0
NT-03326,55-64,8,Month-to-month,29.73,111,4.2,1,Credit card (tokenised),1
NT-03327,35-44,26,Month-to-month,40.4,405,6.5,1,Direct debit,0
NT-03328,25-34,6,One-year,25.49,296,7.0,1,Direct debit,0
NT-03329,45-54,15,One-year,40.61,1289,34.6,0,Direct debit,0
NT-03330,45-54,27,One-year,16.79,414,10.2,1,Bank transfer,0
NT-03331,45-54,27,One-year,50.75,249,19.9,1,Direct debit,0
NT-03332,25-34,46,Month-to-month,30.26,282,1.0,0,Credit card (tokenised),1
NT-03333,25-34,36,Month-to-month,41.63,357,6.4,1,Bank transfer,0
NT-03334,55-64,60,Month-to-month,43.86,209,14.6,1,Bank transfer,0
NT-03335,45-54,46,Two-year,31.35,45,9.6,0,Credit card (tokenised),0
NT-03336,65+,43,Two-year,28.42,112,43.3,1,Credit card (tokenised),0
NT-03337,45-54,72,Two-year,36.56,227,17.2,1,Direct debit,0
NT-03338,45-54,44,Month-to-month,47.64,89,15.0,1,Bank transfer,0
NT-03339,45-54,55,Month-to-month,36.24,309,4.5,1,Direct debit,1
NT-03340,55-64,11,One-year,45.24,554,18.6,2,Direct debit,0
NT-03341,35-44,24,One-year,47.53,175,27.4,1,Direct debit,0
NT-03342,45-54,35,One-year,35.69,232,9.1,2,Direct debit,0
NT-03343,25-34,30,One-year,36.65,280,11.3,0,Credit card (tokenised),1
NT-03344,35-44,19,Month-to-month,39.67,253,34.1,2,Direct debit,0
NT-03345,45-54,43,Month-to-month,51.71,311,20.5,0,Direct debit,0
NT-03346,25-34,48,Month-to-month,33.88,62,6.1,0,Direct debit,0
NT-03347,25-34,28,Month-to-month,51.65,588,33.5,1,Credit card (tokenised),0
NT-03348,25-34,25,Month-to-month,41.06,266,15.6,0,Credit card (tokenised),0
NT-03349,25-34,22,Month-to-month,29.16,163,12.4,0,Direct debit,1
NT-03350,25-34,44,Month-to-month,37.5,369,23.3,1,Direct debit,0
NT-03351,35-44,25,One-year,24.55,537,16.5,1,Direct debit,0
NT-03352,65+,30,Two-year,21.85,145,7.3,1,Direct debit,0
NT-03353,35-44,52,One-year,45.28,378,16.6,0,Bank transfer,0
NT-03354,25-34,34,Month-to-month,47.57,645,5.9,2,Direct debit,0
NT-03355,18-24,30,Month-to-month,37.6,648,23.3,0,Credit card (tokenised),0
NT-03356,45-54,21,Month-to-month,38.57,483,9.8,0,Direct debit,0
NT-03357,35-44,29,Two-year,31.08,212,3.0,0,Direct debit,0
NT-03358,55-64,19,Month-to-month,40.04,150,8.2,1,Credit card (tokenised),0
NT-03359,45-54,32,Month-to-month,61.78,174,20.2,1,Direct debit,1
NT-03360,55-64,22,One-year,50.12,639,8.1,1,Credit card (tokenised),0
NT-03361,25-34,24,Month-to-month,37.09,433,12.0,0,Direct debit,0
NT-03362,45-54,29,Two-year,36.04,493,0.8,1,Credit card (tokenised),0
NT-03363,25-34,63,Month-to-month,33.48,296,7.5,1,Credit card (tokenised),0
NT-03364,65+,11,Month-to-month,21.07,68,2.1,0,Credit card (tokenised),0
NT-03365,45-54,35,Month-to-month,32.21,375,8.0,0,Direct debit,0
NT-03366,25-34,15,Two-year,46.09,163,18.5,0,Bank transfer,0
NT-03367,25-34,25,Two-year,26.82,563,9.3,1,Credit card (tokenised),0
NT-03368,25-34,21,One-year,34.64,175,6.9,1,Credit card (tokenised),0
NT-03369,45-54,21,Month-to-month,24.58,349,1.7,0,Direct debit,1
NT-03370,25-34,21,Month-to-month,47.43,441,4.4,2,Direct debit,0
NT-03371,45-54,25,Two-year,22.72,1309,4.1,0,Credit card (tokenised),0
NT-03372,25-34,19,One-year,45.11,290,14.7,3,Credit card (tokenised),0
NT-03373,45-54,20,One-year,50.34,298,8.9,1,Credit card (tokenised),0
NT-03374,55-64,21,Month-to-month,34.12,566,16.9,1,Direct debit,1
NT-03375,55-64,21,Month-to-month,29.76,268,18.3,0,Direct debit,0
NT-03376,55-64,18,Month-to-month,43.7,233,10.1,2,Direct debit,1
NT-03377,25-34,39,One-year,57.23,195,8.6,1,Direct debit,0
NT-03378,18-24,23,Two-year,54.1,321,15.0,1,Direct debit,0
NT-03379,45-54,26,Month-to-month,37.11,216,6.6,0,Bank transfer,0
NT-03380,35-44,25,Month-to-month,27.4,667,2.0,2,Direct debit,1
NT-03381,35-44,20,Month-to-month,35.21,482,17.1,1,Direct debit,0
NT-03382,18-24,17,Month-to-month,17.72,338,8.7,0,Credit card (tokenised),0
NT-03383,25-34,41,Two-year,31.33,318,16.4,0,Credit card (tokenised),0
NT-03384,18-24,18,Month-to-month,43.41,187,5.3,1,Credit card (tokenised),0
NT-03385,55-64,19,One-year,33.59,295,5.6,1,Credit card (tokenised),0
NT-03386,25-34,47,One-year,30.79,277,19.9,0,Direct debit,0
NT-03387,35-44,21,One-year,37.33,845,3.0,1,Credit card (tokenised),0
NT-03388,18-24,29,Two-year,34.77,266,4.0,1,Direct debit,0
NT-03389,45-54,24,One-year,47.07,414,3.5,1,Direct debit,0
NT-03390,25-34,28,Two-year,22.08,428,15.2,0,Bank transfer,0
NT-03391,55-64,58,Month-to-month,44.32,159,15.9,0,Credit card (tokenised),0
NT-03392,55-64,19,One-year,37.45,263,5.1,0,Credit card (tokenised),0
NT-03393,25-34,39,One-year,43.21,474,14.1,1,Direct debit,0
NT-03394,65+,41,Month-to-month,21.33,146,3.1,2,Direct debit,0
NT-03395,65+,39,One-year,48.6,961,23.6,0,Credit card (tokenised),0
NT-03396,55-64,56,One-year,44.52,333,6.6,0,Direct debit,1
NT-03397,55-64,8,One-year,58.08,214,9.4,0,Credit card (tokenised),0
NT-03398,25-34,13,Month-to-month,28.01,126,7.0,1,Direct debit,0
NT-03399,35-44,17,One-year,30.98,740,12.6,1,Credit card (tokenised),0
NT-03400,18-24,22,Month-to-month,16.59,274,9.8,1,Credit card (tokenised),0
NT-03401,18-24,33,One-year,28.12,409,17.1,3,Credit card (tokenised),0
NT-03402,65+,18,Month-to-month,55.21,140,8.2,0,Direct debit,0
NT-03403,25-34,18,One-year,41.54,194,7.4,0,Direct debit,0
NT-03404,45-54,30,Month-to-month,29.28,546,2.5,0,Credit card (tokenised),0
NT-03405,55-64,37,Month-to-month,39.6,728,18.1,0,Direct debit,0
NT-03406,55-64,28,Month-to-month,37.26,171,5.6,0,Credit card (tokenised),0
NT-03407,65+,38,Month-to-month,15.09,402,4.2,0,Direct debit,0
NT-03408,25-34,11,One-year,17.26,398,1.3,1,Bank transfer,0
NT-03409,18-24,20,One-year,51.28,546,23.8,0,Credit card (tokenised),0
NT-03410,35-44,17,Month-to-month,46.84,422,20.3,0,Credit card (tokenised),0
NT-03411,18-24,21,Month-to-month,20.19,466,4.5,1,Credit card (tokenised),0
NT-03412,18-24,28,Month-to-month,36.48,66,28.0,1,Direct debit,1
NT-03413,35-44,10,One-year,29.41,391,36.0,0,Direct debit,0
NT-03414,55-64,21,Month-to-month,51.07,123,8.0,0,Credit card (tokenised),1
NT-03415,35-44,19,Month-to-month,43.37,370,26.9,0,Direct debit,0
NT-03416,25-34,12,Month-to-month,24.74,592,2.6,0,Direct debit,0
NT-03417,45-54,38,Month-to-month,39.44,354,17.7,1,Direct debit,1
NT-03418,25-34,28,Month-to-month,37.51,473,9.7,0,Direct debit,0
NT-03419,18-24,21,Month-to-month,37.54,532,10.9,1,Credit card (tokenised),0
NT-03420,55-64,61,One-year,31.88,504,16.4,3,Direct debit,0
NT-03421,45-54,13,One-year,38.3,369,9.5,0,Bank transfer,1
NT-03422,55-64,63,Month-to-month,27.79,388,10.4,0,Direct debit,0
NT-03423,18-24,25,One-year,23.75,579,6.8,0,Direct debit,0
NT-03424,55-64,19,Month-to-month,23.04,1057,16.8,0,Direct debit,1
NT-03425,45-54,22,Two-year,25.41,184,15.5,0,Credit card (tokenised),0
NT-03426,35-44,23,Month-to-month,43.07,231,10.2,1,Direct debit,1
NT-03427,45-54,67,One-year,43.39,508,31.3,1,Direct debit,0
NT-03428,55-64,33,One-year,55.53,866,4.5,2,Direct debit,0
NT-03429,45-54,15,Month-to-month,35.26,107,6.6,1,Credit card (tokenised),0
NT-03430,45-54,41,Two-year,46.42,124,6.8,2,Direct debit,0
NT-03431,65+,23,Month-to-month,38.56,326,5.1,0,Direct debit,0
NT-03432,45-54,5,One-year,41.6,174,7.3,3,Bank transfer,0
NT-03433,35-44,40,Month-to-month,47.7,357,6.2,1,Direct debit,1
NT-03434,45-54,41,Month-to-month,44.98,506,1.9,1,Direct debit,0
NT-03435,35-44,24,One-year,39.3,307,5.8,1,Direct debit,0
NT-03436,25-34,20,Month-to-month,30.64,232,23.5,0,Direct debit,0
NT-03437,45-54,43,Month-to-month,41.31,492,7.5,1,Direct debit,0
NT-03438,65+,19,Month-to-month,54.37,102,30.3,1,Direct debit,0
NT-03439,65+,48,One-year,40.1,199,6.9,0,Credit card (tokenised),0
NT-03440,25-34,20,Month-to-month,33.26,374,12.5,0,Direct debit,0
NT-03441,35-44,27,Month-to-month,47.86,407,16.0,2,Bank transfer,1
NT-03442,25-34,35,One-year,21.38,459,5.6,0,Direct debit,0
NT-03443,65+,31,Month-to-month,33.68,212,13.9,0,Bank transfer,0
NT-03444,65+,19,Month-to-month,26.23,109,11.4,1,Credit card (tokenised),0
NT-03445,45-54,34,Month-to-month,36.54,177,4.2,0,Credit card (tokenised),0
NT-03446,55-64,40,Month-to-month,52.96,156,10.3,1,Credit card (tokenised),0
NT-03447,45-54,16,Month-to-month,45.69,155,25.6,1,Credit card (tokenised),0
NT-03448,45-54,35,Two-year,15.58,77,7.7,2,Bank transfer,0
NT-03449,18-24,26,Month-to-month,30.58,143,30.7,1,Direct debit,0
NT-03450,35-44,16,Month-to-month,20.01,558,7.1,1,Direct debit,0
NT-03451,45-54,33,Month-to-month,50.7,199,13.4,1,Credit card (tokenised),0
NT-03452,45-54,42,Month-to-month,31.01,430,7.7,0,Direct debit,0
NT-03453,35-44,21,One-year,38.91,78,11.5,1,Credit card (tokenised),1
NT-03454,65+,34,Month-to-month,39.49,248,8.6,1,Direct debit,0
NT-03455,25-34,23,Month-to-month,40.47,246,29.9,1,Credit card (tokenised),0
NT-03456,35-44,38,Month-to-month,12.0,498,16.1,1,Bank transfer,0
NT-03457,45-54,46,One-year,42.33,312,22.9,0,Credit card (tokenised),0
NT-03458,45-54,32,Month-to-month,31.42,215,20.1,2,Direct debit,0
NT-03459,45-54,39,Month-to-month,48.15,418,1.6,0,Credit card (tokenised),1
NT-03460,25-34,43,One-year,40.43,328,12.8,1,Credit card (tokenised),0
NT-03461,25-34,21,Month-to-month,45.58,194,19.1,0,Direct debit,0
NT-03462,45-54,23,One-year,29.26,415,5.5,2,Direct debit,0
NT-03463,45-54,34,One-year,24.45,495,9.3,2,Credit card (tokenised),0
NT-03464,25-34,51,Month-to-month,48.68,559,3.2,0,Direct debit,1
NT-03465,45-54,14,Month-to-month,44.76,265,31.3,0,Credit card (tokenised),0
NT-03466,35-44,36,Two-year,40.67,385,14.5,1,Credit card (tokenised),0
NT-03467,45-54,49,One-year,40.65,392,11.3,3,Direct debit,0
NT-03468,55-64,26,Two-year,43.05,99,5.0,2,Credit card (tokenised),0
NT-03469,25-34,28,Month-to-month,22.49,470,4.2,0,Direct debit,0
NT-03470,18-24,28,Month-to-month,50.91,395,4.5,0,Credit card (tokenised),0
NT-03471,55-64,27,Two-year,36.15,190,3.4,1,Direct debit,0
NT-03472,45-54,18,Month-to-month,36.49,396,8.2,0,Direct debit,0
NT-03473,45-54,26,Two-year,32.98,115,18.7,2,Credit card (tokenised),0
NT-03474,55-64,19,Month-to-month,12.0,458,13.4,0,Credit card (tokenised),0
NT-03475,55-64,38,Two-year,44.9,335,9.6,1,Direct debit,0
NT-03476,65+,10,Month-to-month,26.02,213,10.3,2,Bank transfer,1
NT-03477,35-44,42,Month-to-month,39.3,125,5.6,1,Direct debit,0
NT-03478,35-44,45,Two-year,28.16,187,3.3,2,Credit card (tokenised),0
NT-03479,35-44,31,Month-to-month,33.88,114,14.6,0,Direct debit,0
NT-03480,25-34,61,Month-to-month,33.21,436,10.6,0,Credit card (tokenised),0
NT-03481,35-44,35,Month-to-month,27.88,418,2.6,0,Credit card (tokenised),0
NT-03482,25-34,33,One-year,35.29,510,30.9,2,Direct debit,1
NT-03483,65+,10,Two-year,32.23,131,0.8,0,Bank transfer,0
NT-03484,45-54,47,Month-to-month,25.51,122,26.0,0,Credit card (tokenised),0
NT-03485,45-54,17,Month-to-month,52.07,114,2.4,0,Credit card (tokenised),0
NT-03486,25-34,16,Month-to-month,28.38,155,6.0,2,Direct debit,0
NT-03487,18-24,31,One-year,44.74,550,25.9,0,Bank transfer,0
NT-03488,18-24,19,Month-to-month,46.02,584,10.6,1,Direct debit,0
NT-03489,35-44,26,Month-to-month,49.09,289,7.7,1,Direct debit,1
NT-03490,18-24,49,Month-to-month,31.45,1054,8.6,2,Credit card (tokenised),0
NT-03491,45-54,57,One-year,35.62,176,4.5,0,Direct debit,0
NT-03492,55-64,21,Two-year,35.99,251,6.6,0,Credit card (tokenised),0
NT-03493,55-64,26,Month-to-month,44.33,1302,10.9,0,Credit card (tokenised),0
NT-03494,45-54,76,Month-to-month,35.09,276,6.3,1,Credit card (tokenised),0
NT-03495,25-34,57,One-year,43.5,540,6.3,2,Direct debit,0
NT-03496,55-64,43,One-year,34.93,459,17.1,2,Credit card (tokenised),0
NT-03497,55-64,19,Month-to-month,51.41,198,10.1,0,Direct debit,0
NT-03498,25-34,21,Month-to-month,37.86,1221,23.8,0,Credit card (tokenised),0
NT-03499,45-54,43,Month-to-month,36.41,472,9.1,1,Bank transfer,1
NT-03500,25-34,9,One-year,42.07,338,2.6,2,Credit card (tokenised),0
NT-03501,55-64,47,One-year,57.63,135,7.7,2,Credit card (tokenised),0
NT-03502,65+,53,Month-to-month,30.74,303,7.5,1,Direct debit,0
NT-03503,18-24,24,Month-to-month,50.47,571,31.7,2,Direct debit,0
NT-03504,55-64,58,Month-to-month,28.19,295,28.4,0,Direct debit,0
NT-03505,45-54,36,Two-year,38.53,345,7.2,0,Direct debit,0
NT-03506,65+,15,Month-to-month,28.46,435,2.5,0,Direct debit,0
NT-03507,35-44,30,Two-year,33.54,109,4.4,0,Credit card (tokenised),0
NT-03508,55-64,20,One-year,29.86,139,4.6,1,Direct debit,0
NT-03509,18-24,32,Month-to-month,46.38,481,15.0,1,Credit card (tokenised),1
NT-03510,25-34,14,Month-to-month,32.03,260,7.8,2,Credit card (tokenised),1
NT-03511,18-24,60,Two-year,44.36,325,15.0,0,Direct debit,0
NT-03512,65+,38,Month-to-month,31.68,350,19.8,0,Bank transfer,0
NT-03513,55-64,23,Two-year,37.93,271,26.2,0,Credit card (tokenised),0
NT-03514,55-64,32,Month-to-month,55.49,923,9.6,0,Credit card (tokenised),0
NT-03515,65+,28,One-year,29.05,645,4.2,1,Credit card (tokenised),0
NT-03516,18-24,61,One-year,29.28,203,18.7,1,Credit card (tokenised),0
NT-03517,35-44,28,Two-year,35.05,254,26.0,3,Direct debit,0
NT-03518,18-24,31,Month-to-month,37.79,561,10.5,0,Direct debit,0
NT-03519,25-34,13,One-year,45.45,547,11.2,1,Credit card (tokenised),0
NT-03520,25-34,32,Month-to-month,38.52,166,3.6,0,Direct debit,0
NT-03521,35-44,35,Month-to-month,40.94,175,8.4,1,Credit card (tokenised),0
NT-03522,25-34,16,Month-to-month,24.15,318,1.5,1,Bank transfer,0
NT-03523,18-24,41,Month-to-month,41.62,683,17.3,1,Direct debit,0
NT-03524,25-34,8,Month-to-month,41.94,201,10.9,2,Direct debit,1
NT-03525,25-34,26,Month-to-month,46.06,505,8.5,0,Direct debit,0
NT-03526,65+,13,Two-year,34.06,217,6.4,1,Credit card (tokenised),0
NT-03527,45-54,29,One-year,37.92,335,2.2,2,Direct debit,0
NT-03528,65+,23,Month-to-month,46.48,630,2.1,2,Direct debit,1
NT-03529,35-44,36,Two-year,25.3,119,10.4,1,Direct debit,0
NT-03530,25-34,28,Month-to-month,16.46,353,11.7,2,Direct debit,0
NT-03531,55-64,36,Month-to-month,24.69,145,12.4,1,Credit card (tokenised),1
NT-03532,25-34,30,One-year,30.33,975,35.9,1,Credit card (tokenised),0
NT-03533,25-34,48,Month-to-month,50.87,276,0.9,0,Credit card (tokenised),0
NT-03534,25-34,45,One-year,62.35,590,3.4,0,Bank transfer,0
NT-03535,18-24,19,Month-to-month,27.09,111,31.0,0,Credit card (tokenised),0
NT-03536,25-34,46,Month-to-month,36.99,678,6.1,1,Bank transfer,0
NT-03537,25-34,35,Month-to-month,31.68,542,27.7,1,Bank transfer,0
NT-03538,45-54,50,Two-year,43.77,748,7.2,1,Direct debit,0
NT-03539,18-24,16,One-year,41.36,590,5.7,1,Direct debit,0
NT-03540,25-34,14,One-year,27.48,215,13.7,2,Credit card (tokenised),0
NT-03541,55-64,14,One-year,30.55,84,2.7,1,Direct debit,0
NT-03542,25-34,58,Month-to-month,36.28,310,1.6,0,Credit card (tokenised),1
NT-03543,25-34,51,One-year,52.76,278,3.6,0,Credit card (tokenised),0
NT-03544,55-64,45,Month-to-month,30.15,357,14.7,0,Direct debit,0
NT-03545,25-34,13,Month-to-month,19.38,400,19.3,0,Credit card (tokenised),1
NT-03546,18-24,45,One-year,53.64,727,24.4,0,Direct debit,0
NT-03547,35-44,14,Month-to-month,43.97,605,11.5,2,Direct debit,1
NT-03548,25-34,5,Month-to-month,24.05,698,41.1,0,Credit card (tokenised),0
NT-03549,35-44,23,One-year,41.68,279,8.9,0,Direct debit,0
NT-03550,55-64,26,One-year,47.74,555,6.0,0,Credit card (tokenised),0
NT-03551,18-24,54,One-year,39.12,540,3.3,2,Credit card (tokenised),0
NT-03552,45-54,16,Month-to-month,54.35,711,29.9,0,Direct debit,0
NT-03553,35-44,79,Month-to-month,44.66,310,9.1,1,Direct debit,0
NT-03554,25-34,32,One-year,41.67,911,23.4,2,Credit card (tokenised),0
NT-03555,45-54,27,One-year,40.45,939,13.0,1,Credit card (tokenised),0
NT-03556,25-34,27,Month-to-month,39.63,157,16.0,0,Credit card (tokenised),0
NT-03557,35-44,14,Two-year,48.54,343,14.0,1,Bank transfer,0
NT-03558,18-24,24,Two-year,36.21,477,3.6,1,Direct debit,0
NT-03559,35-44,33,Month-to-month,49.39,402,16.9,0,Direct debit,0
NT-03560,25-34,46,One-year,41.74,150,7.0,0,Credit card (tokenised),1
NT-03561,55-64,24,Month-to-month,39.27,166,6.6,0,Credit card (tokenised),0
NT-03562,18-24,32,Month-to-month,34.3,174,61.5,1,Direct debit,0
NT-03563,35-44,42,Month-to-month,34.42,177,25.5,3,Direct debit,0
NT-03564,35-44,23,One-year,41.83,367,12.3,0,Credit card (tokenised),0
NT-03565,45-54,47,Two-year,50.16,992,29.2,0,Credit card (tokenised),0
NT-03566,35-44,38,One-year,44.05,137,11.7,2,Credit card (tokenised),0
NT-03567,45-54,43,One-year,29.43,301,10.9,1,Credit card (tokenised),1
NT-03568,55-64,10,Month-to-month,18.81,332,11.1,0,Direct debit,1
NT-03569,55-64,25,Month-to-month,46.88,854,1.2,1,Credit card (tokenised),0
NT-03570,25-34,20,Month-to-month,70.2,523,5.2,1,Credit card (tokenised),0
NT-03571,35-44,8,Month-to-month,34.69,385,7.4,0,Bank transfer,0
NT-03572,55-64,65,One-year,32.44,161,16.4,1,Bank transfer,0
NT-03573,65+,45,Month-to-month,47.85,414,15.5,1,Credit card (tokenised),0
NT-03574,55-64,12,One-year,27.67,582,14.5,1,Direct debit,0
NT-03575,35-44,55,Month-to-month,55.95,134,6.4,1,Credit card (tokenised),0
NT-03576,25-34,28,Month-to-month,42.95,384,42.5,0,Credit card (tokenised),1
NT-03577,35-44,36,Month-to-month,37.68,461,14.2,0,Direct debit,0
NT-03578,45-54,21,Two-year,28.71,510,5.2,0,Direct debit,0
NT-03579,35-44,47,Month-to-month,48.58,470,34.8,0,Bank transfer,0
NT-03580,35-44,28,Month-to-month,32.67,650,11.7,0,Direct debit,0
NT-03581,55-64,37,One-year,46.51,128,6.2,2,Direct debit,0
NT-03582,35-44,49,Two-year,42.79,686,6.5,1,Bank transfer,0
NT-03583,55-64,40,One-year,53.5,115,2.3,2,Direct debit,0
NT-03584,35-44,23,Month-to-month,39.91,487,22.4,1,Direct debit,0
NT-03585,25-34,28,Month-to-month,75.4,676,4.0,1,Bank transfer,1
NT-03586,35-44,44,Two-year,44.66,231,1.3,1,Direct debit,0
NT-03587,55-64,4,One-year,39.76,175,5.4,0,Credit card (tokenised),1
NT-03588,18-24,25,One-year,33.33,230,14.9,1,Credit card (tokenised),0
NT-03589,25-34,29,Month-to-month,48.52,239,11.2,0,Bank transfer,0
NT-03590,65+,34,Month-to-month,33.6,274,16.8,0,Direct debit,0
NT-03591,25-34,21,Month-to-month,28.71,530,17.4,0,Direct debit,0
NT-03592,35-44,27,One-year,32.38,315,9.7,0,Credit card (tokenised),0
NT-03593,35-44,32,Month-to-month,35.69,413,11.4,0,Direct debit,0
NT-03594,35-44,31,Two-year,65.0,222,7.4,1,Direct debit,0
NT-03595,45-54,31,Month-to-month,41.51,202,17.7,0,Direct debit,0
NT-03596,25-34,24,One-year,30.07,209,3.3,2,Bank transfer,0
NT-03597,35-44,32,Month-to-month,51.07,406,5.0,0,Direct debit,0
NT-03598,35-44,54,Month-to-month,40.26,451,17.4,1,Direct debit,0
NT-03599,45-54,28,Month-to-month,53.54,573,19.6,0,Direct debit,0
NT-03600,25-34,32,One-year,60.94,469,29.0,0,Credit card (tokenised),0
NT-03601,35-44,27,One-year,20.1,352,10.0,0,Direct debit,0
NT-03602,25-34,52,Month-to-month,12.0,283,15.3,0,Credit card (tokenised),0
NT-03603,25-34,25,One-year,61.9,138,12.7,0,Bank transfer,1
NT-03604,25-34,18,Month-to-month,29.75,228,8.7,1,Direct debit,1
NT-03605,25-34,41,Two-year,17.62,103,8.8,0,Direct debit,0
NT-03606,55-64,24,Two-year,31.7,337,24.1,1,Direct debit,0
NT-03607,25-34,39,Two-year,26.39,196,9.3,1,Direct debit,1
NT-03608,65+,22,Month-to-month,28.73,252,13.6,0,Credit card (tokenised),1
NT-03609,65+,15,Month-to-month,48.27,380,6.5,2,Direct debit,0
NT-03610,35-44,28,Two-year,33.69,255,7.0,1,Credit card (tokenised),1
NT-03611,25-34,12,Month-to-month,18.59,198,2.6,1,Credit card (tokenised),0
NT-03612,35-44,33,Month-to-month,38.39,187,4.1,2,Direct debit,0
NT-03613,55-64,43,One-year,27.79,654,14.0,0,Bank transfer,0
NT-03614,35-44,68,Month-to-month,35.01,350,7.3,0,Direct debit,0
NT-03615,18-24,22,One-year,35.69,443,6.1,1,Credit card (tokenised),0
NT-03616,35-44,19,One-year,48.15,175,18.2,0,Direct debit,0
NT-03617,55-64,43,One-year,31.94,140,13.7,0,Direct debit,0
NT-03618,55-64,41,Month-to-month,46.37,70,9.9,1,Direct debit,0
NT-03619,25-34,42,Month-to-month,18.86,231,3.2,0,Direct debit,0
NT-03620,45-54,68,Month-to-month,48.79,833,11.8,1,Bank transfer,0
NT-03621,25-34,29,Month-to-month,53.59,423,9.9,1,Direct debit,0
NT-03622,25-34,75,Month-to-month,35.24,238,12.5,0,Bank transfer,0
NT-03623,55-64,24,Month-to-month,28.18,549,12.0,0,Bank transfer,0
NT-03624,25-34,20,Month-to-month,25.07,130,16.4,1,Direct debit,0
NT-03625,25-34,19,Month-to-month,37.69,604,3.5,0,Credit card (tokenised),0
NT-03626,18-24,18,One-year,52.59,681,9.6,2,Credit card (tokenised),1
NT-03627,55-64,70,Month-to-month,32.89,236,8.2,1,Credit card (tokenised),0
NT-03628,55-64,51,Month-to-month,51.34,259,7.4,1,Direct debit,0
NT-03629,45-54,67,One-year,24.18,375,26.0,0,Direct debit,0
NT-03630,45-54,9,One-year,33.78,137,5.2,1,Direct debit,1
NT-03631,25-34,14,Month-to-month,37.48,312,12.1,0,Bank transfer,0
NT-03632,35-44,24,One-year,40.6,987,4.4,2,Direct debit,0
NT-03633,25-34,23,Month-to-month,34.01,210,2.5,0,Credit card (tokenised),1
NT-03634,18-24,32,Month-to-month,52.96,288,9.9,3,Direct debit,1
NT-03635,35-44,29,Two-year,53.15,297,14.6,1,Credit card (tokenised),0
NT-03636,65+,16,Two-year,35.9,554,0.8,0,Bank transfer,0
NT-03637,18-24,21,One-year,31.75,406,8.3,1,Direct debit,0
NT-03638,25-34,25,One-year,30.8,536,11.9,1,Direct debit,0
NT-03639,25-34,15,Two-year,50.41,230,11.1,0,Credit card (tokenised),1
NT-03640,25-34,27,Two-year,30.02,469,12.2,0,Bank transfer,0
NT-03641,65+,15,Month-to-month,20.46,135,17.5,1,Credit card (tokenised),0
NT-03642,35-44,27,One-year,22.25,103,1.5,0,Credit card (tokenised),0
NT-03643,35-44,17,Month-to-month,46.0,584,4.2,2,Credit card (tokenised),0
NT-03644,55-64,45,Month-to-month,21.62,173,10.1,1,Direct debit,0
NT-03645,25-34,36,Month-to-month,33.21,80,7.6,2,Credit card (tokenised),0
NT-03646,35-44,35,One-year,39.23,314,10.7,3,Direct debit,0
NT-03647,35-44,41,One-year,17.81,449,3.7,2,Credit card (tokenised),0
NT-03648,45-54,36,Two-year,40.19,95,11.6,1,Credit card (tokenised),0
NT-03649,65+,45,Month-to-month,34.11,262,22.4,1,Bank transfer,0
NT-03650,55-64,31,Month-to-month,15.11,432,25.7,1,Bank transfer,0
NT-03651,35-44,40,Month-to-month,40.34,420,27.0,0,Direct debit,0
NT-03652,55-64,35,Month-to-month,42.75,77,6.3,2,Credit card (tokenised),1
NT-03653,25-34,34,Two-year,40.22,359,8.1,0,Credit card (tokenised),0
NT-03654,18-24,12,Month-to-month,44.05,378,18.7,1,Credit card (tokenised),1
NT-03655,25-34,16,One-year,41.1,315,3.4,0,Direct debit,0
NT-03656,25-34,32,Month-to-month,46.76,610,23.4,2,Direct debit,1
NT-03657,35-44,19,Month-to-month,26.65,276,10.2,1,Direct debit,1
NT-03658,45-54,28,One-year,21.24,456,8.2,0,Credit card (tokenised),0
NT-03659,65+,22,Month-to-month,24.06,352,10.5,1,Direct debit,1
NT-03660,35-44,22,Month-to-month,28.25,400,5.1,1,Credit card (tokenised),0
NT-03661,35-44,29,Month-to-month,62.26,334,8.7,0,Direct debit,0
NT-03662,18-24,25,One-year,28.36,304,17.9,0,Direct debit,0
NT-03663,18-24,55,Two-year,31.74,668,11.3,0,Direct debit,0
NT-03664,35-44,13,One-year,35.19,214,26.4,1,Credit card (tokenised),0
NT-03665,35-44,38,Two-year,33.72,203,20.5,2,Credit card (tokenised),0
NT-03666,55-64,42,One-year,59.78,643,8.8,1,Direct debit,0
NT-03667,25-34,56,Two-year,17.29,217,23.6,0,Direct debit,0
NT-03668,18-24,30,One-year,64.22,90,4.3,2,Credit card (tokenised),0
NT-03669,35-44,40,Month-to-month,39.74,307,5.4,1,Bank transfer,0
NT-03670,25-34,54,Month-to-month,49.54,108,8.0,1,Credit card (tokenised),0
NT-03671,18-24,21,One-year,38.24,32,3.5,3,Bank transfer,1
NT-03672,45-54,18,Month-to-month,47.78,304,6.1,1,Bank transfer,0
NT-03673,18-24,30,Month-to-month,26.67,432,7.1,1,Bank transfer,0
NT-03674,45-54,25,Two-year,21.74,610,17.6,0,Bank transfer,0
NT-03675,25-34,40,Month-to-month,69.12,540,25.5,1,Credit card (tokenised),1
NT-03676,25-34,13,Two-year,60.96,128,18.2,0,Bank transfer,1
NT-03677,35-44,53,One-year,25.35,253,14.7,0,Credit card (tokenised),0
NT-03678,55-64,33,Month-to-month,46.6,473,5.3,1,Direct debit,0
NT-03679,35-44,25,One-year,51.89,291,0.9,1,Bank transfer,0
NT-03680,45-54,29,One-year,45.92,194,5.2,1,Direct debit,0
NT-03681,18-24,46,Month-to-month,35.5,71,3.4,0,Bank transfer,0
NT-03682,55-64,37,One-year,62.29,323,14.8,1,Direct debit,0
NT-03683,25-34,28,One-year,46.25,126,1.4,2,Direct debit,1
NT-03684,45-54,26,Month-to-month,26.87,396,21.5,0,Credit card (tokenised),0
NT-03685,35-44,26,Month-to-month,33.36,218,13.6,0,Direct debit,0
NT-03686,65+,39,Month-to-month,25.16,228,17.6,1,Credit card (tokenised),0
NT-03687,35-44,25,Month-to-month,36.71,478,31.9,0,Direct debit,1
NT-03688,18-24,38,Month-to-month,36.32,209,17.5,0,Bank transfer,0
NT-03689,18-24,18,One-year,47.06,183,2.3,0,Credit card (tokenised),0
NT-03690,55-64,19,Month-to-month,46.89,366,9.5,2,Direct debit,1
NT-03691,35-44,28,Two-year,42.66,213,2.3,1,Direct debit,0
NT-03692,55-64,26,Month-to-month,42.34,282,2.6,0,Credit card (tokenised),1
NT-03693,25-34,20,Month-to-month,50.52,745,7.1,2,Bank transfer,0
NT-03694,25-34,15,One-year,35.29,339,26.0,0,Credit card (tokenised),0
NT-03695,18-24,19,Two-year,12.0,285,7.3,0,Direct debit,0
NT-03696,65+,59,Month-to-month,63.33,545,2.6,1,Bank transfer,0
NT-03697,45-54,20,Month-to-month,27.07,61,11.8,1,Bank transfer,0
NT-03698,65+,7,Two-year,46.35,584,21.3,1,Credit card (tokenised),0
NT-03699,25-34,29,Month-to-month,33.91,59,11.8,1,Credit card (tokenised),1
NT-03700,45-54,20,Month-to-month,54.78,727,4.1,0,Direct debit,0
NT-03701,45-54,24,Month-to-month,26.46,115,12.8,0,Direct debit,0
NT-03702,25-34,44,One-year,29.47,325,2.6,0,Bank transfer,0
NT-03703,55-64,25,Month-to-month,32.03,111,6.4,0,Direct debit,0
NT-03704,65+,24,One-year,44.65,511,13.5,1,Direct debit,0
NT-03705,55-64,21,One-year,40.68,574,5.5,0,Credit card (tokenised),1
NT-03706,45-54,25,Two-year,44.78,553,4.5,0,Direct debit,0
NT-03707,25-34,34,Month-to-month,39.52,191,0.6,2,Bank transfer,1
NT-03708,25-34,10,Month-to-month,49.18,404,5.3,2,Direct debit,1
NT-03709,65+,14,Month-to-month,49.39,732,13.6,0,Credit card (tokenised),0
NT-03710,18-24,35,Month-to-month,56.17,281,1.5,1,Credit card (tokenised),0
NT-03711,45-54,29,One-year,42.13,285,14.0,1,Bank transfer,0
NT-03712,45-54,21,One-year,42.07,431,21.3,1,Direct debit,0
NT-03713,45-54,36,One-year,59.2,191,19.4,1,Direct debit,0
NT-03714,65+,23,One-year,52.37,140,6.1,0,Credit card (tokenised),0
NT-03715,25-34,43,Two-year,44.22,82,7.5,0,Credit card (tokenised),0
NT-03716,25-34,21,Month-to-month,21.27,445,3.7,2,Direct debit,0
NT-03717,18-24,18,Two-year,17.8,234,4.5,1,Direct debit,0
NT-03718,35-44,84,Month-to-month,45.35,388,7.0,1,Direct debit,0
NT-03719,25-34,39,One-year,45.85,275,12.4,2,Direct debit,1
NT-03720,25-34,19,Month-to-month,29.33,576,19.0,0,Credit card (tokenised),0
NT-03721,55-64,23,One-year,42.25,645,5.2,2,Credit card (tokenised),0
NT-03722,65+,21,Month-to-month,27.04,331,7.0,0,Credit card (tokenised),0
NT-03723,25-34,11,One-year,44.87,736,6.7,0,Direct debit,0
NT-03724,35-44,24,Two-year,45.18,190,5.5,1,Bank transfer,1
NT-03725,65+,31,One-year,45.1,177,19.4,0,Credit card (tokenised),0
NT-03726,18-24,53,One-year,42.03,347,14.9,0,Direct debit,0
NT-03727,18-24,27,Month-to-month,34.47,406,22.6,0,Direct debit,0
NT-03728,25-34,22,Month-to-month,35.46,638,11.5,0,Credit card (tokenised),0
NT-03729,45-54,56,Two-year,51.91,302,5.9,1,Credit card (tokenised),0
NT-03730,25-34,51,One-year,42.98,370,4.6,1,Credit card (tokenised),0
NT-03731,65+,31,One-year,43.86,1342,1.1,1,Credit card (tokenised),0
NT-03732,35-44,29,Month-to-month,39.04,164,4.9,0,Direct debit,0
NT-03733,35-44,34,Month-to-month,45.82,262,3.5,1,Direct debit,1
NT-03734,25-34,21,Month-to-month,49.51,417,16.8,2,Direct debit,1
NT-03735,35-44,28,Month-to-month,30.46,846,18.0,1,Bank transfer,0
NT-03736,45-54,20,Month-to-month,45.11,234,3.8,2,Credit card (tokenised),0
NT-03737,45-54,51,Month-to-month,35.29,105,9.3,1,Bank transfer,0
NT-03738,45-54,18,Month-to-month,41.77,736,4.7,0,Direct debit,1
NT-03739,35-44,32,One-year,48.02,218,22.2,1,Credit card (tokenised),1
NT-03740,65+,32,Month-to-month,20.58,177,5.6,2,Credit card (tokenised),0
NT-03741,55-64,54,One-year,24.99,240,10.9,0,Direct debit,0
NT-03742,45-54,22,Two-year,30.09,188,27.0,1,Credit card (tokenised),0
NT-03743,18-24,20,Month-to-month,29.24,407,15.9,0,Credit card (tokenised),0
NT-03744,18-24,38,Two-year,36.05,507,10.6,1,Bank transfer,0
NT-03745,25-34,36,Two-year,58.31,315,9.5,0,Direct debit,0
NT-03746,45-54,68,Month-to-month,52.14,276,3.2,1,Credit card (tokenised),1
NT-03747,35-44,31,Month-to-month,31.03,563,7.5,0,Bank transfer,0
NT-03748,35-44,51,Month-to-month,48.43,193,10.8,3,Credit card (tokenised),0
NT-03749,55-64,48,One-year,37.48,190,16.1,0,Direct debit,0
NT-03750,55-64,20,Month-to-month,42.12,320,7.1,2,Direct debit,1
NT-03751,65+,12,Month-to-month,26.23,124,13.6,3,Bank transfer,0
NT-03752,25-34,24,One-year,22.15,110,6.3,2,Direct debit,0
NT-03753,45-54,43,Month-to-month,46.79,228,19.3,1,Bank transfer,1
NT-03754,25-34,54,Two-year,38.39,261,14.2,1,Direct debit,0
NT-03755,25-34,3,Month-to-month,44.27,584,16.6,1,Bank transfer,0
NT-03756,25-34,18,Two-year,57.12,287,27.8,1,Credit card (tokenised),0
NT-03757,25-34,34,Month-to-month,35.13,231,21.8,1,Bank transfer,0
NT-03758,35-44,39,Month-to-month,35.24,142,4.1,3,Direct debit,0
NT-03759,55-64,17,Month-to-month,59.22,533,10.7,0,Credit card (tokenised),0
NT-03760,18-24,20,Two-year,38.2,215,22.5,1,Direct debit,1
NT-03761,45-54,11,Month-to-month,28.36,179,16.1,1,Credit card (tokenised),1
NT-03762,35-44,60,One-year,46.83,290,3.0,0,Credit card (tokenised),0
NT-03763,25-34,32,Two-year,35.15,556,4.9,2,Direct debit,0
NT-03764,35-44,20,One-year,28.13,394,12.4,0,Credit card (tokenised),0
NT-03765,25-34,49,Month-to-month,39.08,420,12.5,1,Direct debit,0
NT-03766,45-54,32,Two-year,47.92,207,3.0,0,Credit card (tokenised),0
NT-03767,35-44,54,Two-year,24.09,465,6.3,1,Credit card (tokenised),0
NT-03768,25-34,57,Month-to-month,23.81,490,16.9,0,Direct debit,0
NT-03769,18-24,17,One-year,37.04,420,7.4,1,Direct debit,0
NT-03770,35-44,51,Two-year,24.8,518,19.0,2,Direct debit,1
NT-03771,65+,50,Two-year,22.69,884,8.4,1,Direct debit,0
NT-03772,25-34,36,Month-to-month,38.07,644,14.0,1,Direct debit,0
NT-03773,45-54,37,One-year,51.27,170,5.7,0,Credit card (tokenised),0
NT-03774,45-54,31,Month-to-month,47.46,187,18.0,1,Credit card (tokenised),0
NT-03775,65+,15,Month-to-month,36.72,523,21.8,0,Credit card (tokenised),0
NT-03776,55-64,14,Month-to-month,53.39,379,5.2,0,Credit card (tokenised),1
NT-03777,35-44,61,Month-to-month,58.82,769,16.1,0,Credit card (tokenised),0
NT-03778,45-54,32,One-year,43.89,606,16.8,2,Direct debit,1
NT-03779,55-64,25,Month-to-month,33.61,227,8.9,0,Credit card (tokenised),0
NT-03780,35-44,38,Month-to-month,56.75,130,22.2,1,Direct debit,0
NT-03781,25-34,20,Month-to-month,56.22,513,1.8,2,Direct debit,0
NT-03782,18-24,23,Month-to-month,41.04,208,3.5,2,Direct debit,0
NT-03783,55-64,29,Two-year,52.67,258,26.3,0,Credit card (tokenised),0
NT-03784,55-64,21,Two-year,28.62,209,19.8,0,Direct debit,0
NT-03785,18-24,37,Month-to-month,13.19,313,5.9,0,Direct debit,0
NT-03786,35-44,27,Two-year,26.35,467,22.3,1,Direct debit,0
NT-03787,35-44,36,Month-to-month,40.48,274,24.7,2,Direct debit,0
NT-03788,18-24,38,One-year,37.11,340,19.1,1,Credit card (tokenised),0
NT-03789,65+,49,Two-year,49.54,290,12.9,1,Credit card (tokenised),0
NT-03790,25-34,24,Month-to-month,20.17,518,9.8,1,Direct debit,0
NT-03791,18-24,16,One-year,20.41,591,18.5,0,Direct debit,0
NT-03792,45-54,81,Month-to-month,47.15,547,9.0,1,Credit card (tokenised),0
NT-03793,45-54,54,Month-to-month,20.77,745,11.7,0,Bank transfer,0
NT-03794,18-24,10,One-year,34.75,121,5.2,2,Credit card (tokenised),0
NT-03795,45-54,87,Two-year,38.29,601,4.3,0,Credit card (tokenised),0
NT-03796,35-44,21,Month-to-month,30.19,237,11.4,3,Credit card (tokenised),0
NT-03797,18-24,27,Two-year,44.93,263,10.1,0,Direct debit,0
NT-03798,25-34,15,Two-year,13.26,83,27.3,0,Bank transfer,0
NT-03799,35-44,30,Month-to-month,59.98,430,24.5,2,Direct debit,0
NT-03800,25-34,21,Month-to-month,34.04,131,3.8,1,Credit card (tokenised),0
NT-03801,65+,15,One-year,35.96,423,16.4,0,Bank transfer,1
NT-03802,55-64,13,Month-to-month,70.32,162,18.5,0,Direct debit,0
NT-03803,65+,19,Month-to-month,21.68,406,8.8,1,Direct debit,0
NT-03804,25-34,40,Two-year,25.46,596,14.8,0,Credit card (tokenised),0
NT-03805,65+,37,One-year,54.85,397,45.4,0,Credit card (tokenised),1
NT-03806,35-44,17,Month-to-month,19.32,279,9.0,0,Bank transfer,0
NT-03807,25-34,24,One-year,43.94,333,1.4,0,Credit card (tokenised),0
NT-03808,18-24,45,Month-to-month,30.72,122,26.6,1,Direct debit,0
NT-03809,18-24,24,Month-to-month,18.61,247,13.1,2,Credit card (tokenised),0
NT-03810,45-54,54,Two-year,44.32,375,14.3,1,Credit card (tokenised),0
NT-03811,35-44,76,Two-year,44.68,108,28.0,3,Credit card (tokenised),0
NT-03812,25-34,19,Month-to-month,38.02,65,3.7,3,Direct debit,0
NT-03813,45-54,20,Month-to-month,62.83,456,23.3,0,Credit card (tokenised),1
NT-03814,25-34,58,One-year,28.74,252,8.7,0,Bank transfer,0
NT-03815,35-44,24,Month-to-month,48.4,352,0.7,1,Credit card (tokenised),0
NT-03816,25-34,46,Month-to-month,41.93,458,23.6,2,Direct debit,0
NT-03817,55-64,32,Month-to-month,49.66,331,10.6,1,Direct debit,0
NT-03818,55-64,26,One-year,31.95,477,20.1,0,Direct debit,1
NT-03819,35-44,39,Month-to-month,21.38,196,24.5,0,Credit card (tokenised),1
NT-03820,25-34,59,Month-to-month,29.82,359,17.3,1,Credit card (tokenised),0
NT-03821,35-44,50,Month-to-month,37.23,79,5.2,1,Direct debit,1
NT-03822,55-64,28,Month-to-month,46.17,317,9.4,0,Credit card (tokenised),0
NT-03823,25-34,32,Month-to-month,38.21,134,10.0,1,Credit card (tokenised),1
NT-03824,25-34,47,Month-to-month,40.58,864,6.8,1,Direct debit,1
NT-03825,18-24,33,Month-to-month,58.71,258,7.1,0,Direct debit,0
NT-03826,35-44,63,Two-year,37.71,178,17.2,0,Credit card (tokenised),0
NT-03827,35-44,7,Month-to-month,31.61,267,4.0,0,Credit card (tokenised),0
NT-03828,55-64,19,Month-to-month,43.28,269,5.6,1,Credit card (tokenised),0
NT-03829,25-34,38,Two-year,17.41,112,15.7,0,Credit card (tokenised),0
NT-03830,35-44,22,One-year,17.38,555,20.1,0,Direct debit,0
NT-03831,55-64,60,One-year,36.39,592,21.7,0,Bank transfer,0
NT-03832,55-64,20,Month-to-month,26.81,860,24.2,1,Credit card (tokenised),0
NT-03833,35-44,30,Month-to-month,30.7,614,7.2,2,Direct debit,0
NT-03834,35-44,19,One-year,49.22,548,4.0,0,Bank transfer,1
NT-03835,25-34,27,One-year,44.31,419,7.2,3,Bank transfer,1
NT-03836,65+,10,Month-to-month,37.08,395,3.6,3,Direct debit,1
NT-03837,18-24,13,Month-to-month,39.0,300,13.7,0,Bank transfer,1
NT-03838,65+,74,Two-year,32.91,363,16.9,1,Direct debit,0
NT-03839,45-54,29,Month-to-month,48.19,377,16.2,0,Direct debit,0
NT-03840,35-44,24,Month-to-month,47.51,370,7.7,1,Direct debit,0
NT-03841,18-24,15,Month-to-month,49.89,547,16.5,2,Direct debit,0
NT-03842,35-44,16,One-year,49.34,181,13.5,1,Credit card (tokenised),0
NT-03843,35-44,70,One-year,38.65,401,20.3,1,Credit card (tokenised),0
NT-03844,25-34,30,One-year,29.62,265,19.7,1,Bank transfer,0
NT-03845,45-54,49,Month-to-month,35.99,436,15.5,0,Direct debit,0
NT-03846,65+,3,Month-to-month,39.4,671,33.9,1,Credit card (tokenised),0
NT-03847,35-44,21,Month-to-month,29.91,401,13.1,2,Credit card (tokenised),0
NT-03848,45-54,65,One-year,57.56,717,4.9,0,Credit card (tokenised),0
NT-03849,18-24,22,One-year,57.62,619,23.0,1,Credit card (tokenised),0
NT-03850,35-44,16,Two-year,36.56,536,4.8,1,Credit card (tokenised),0
NT-03851,18-24,36,Month-to-month,50.37,500,11.5,0,Credit card (tokenised),0
NT-03852,45-54,12,One-year,44.72,180,11.0,2,Bank transfer,0
NT-03853,65+,10,Month-to-month,32.04,370,10.4,2,Bank transfer,0
NT-03854,45-54,60,Month-to-month,42.94,633,2.6,1,Credit card (tokenised),0
NT-03855,18-24,19,Month-to-month,28.71,906,9.3,1,Direct debit,0
NT-03856,25-34,39,Month-to-month,27.44,120,28.9,1,Bank transfer,0
NT-03857,35-44,71,Two-year,43.72,98,9.1,1,Credit card (tokenised),0
NT-03858,35-44,30,Month-to-month,43.87,162,1.3,0,Credit card (tokenised),0
NT-03859,55-64,39,Two-year,70.33,316,10.5,0,Direct debit,0
NT-03860,55-64,10,Month-to-month,36.13,980,16.2,0,Bank transfer,1
NT-03861,45-54,18,Month-to-month,31.65,320,11.4,0,Credit card (tokenised),0
NT-03862,35-44,64,Month-to-month,49.07,253,7.6,0,Credit card (tokenised),0
NT-03863,25-34,24,Month-to-month,37.7,148,4.5,0,Direct debit,0
NT-03864,18-24,13,Month-to-month,30.23,329,7.2,0,Credit card (tokenised),0
NT-03865,25-34,38,Month-to-month,30.97,1143,15.5,2,Direct debit,1
NT-03866,35-44,55,Month-to-month,35.85,190,18.2,2,Direct debit,0
NT-03867,45-54,22,Two-year,50.65,210,5.6,0,Direct debit,0
NT-03868,45-54,38,One-year,43.18,524,20.0,1,Direct debit,0
NT-03869,18-24,46,One-year,28.0,661,12.0,0,Direct debit,0
NT-03870,35-44,26,Month-to-month,60.02,227,13.1,1,Credit card (tokenised),1
NT-03871,25-34,24,Month-to-month,27.11,344,14.1,0,Credit card (tokenised),1
NT-03872,25-34,70,Month-to-month,29.15,496,6.9,0,Direct debit,0
NT-03873,55-64,14,Two-year,52.0,341,26.9,0,Credit card (tokenised),0
NT-03874,18-24,31,Month-to-month,55.97,470,30.1,3,Credit card (tokenised),0
NT-03875,35-44,27,Month-to-month,42.24,545,4.0,0,Bank transfer,0
NT-03876,25-34,27,One-year,22.51,314,2.8,1,Direct debit,0
NT-03877,55-64,44,Month-to-month,39.16,261,12.6,0,Direct debit,0
NT-03878,35-44,39,One-year,21.6,120,5.1,0,Credit card (tokenised),0
NT-03879,25-34,34,Month-to-month,67.82,133,15.8,0,Direct debit,0
NT-03880,35-44,10,Month-to-month,41.45,144,12.7,1,Credit card (tokenised),1
NT-03881,45-54,17,One-year,47.62,545,7.2,0,Credit card (tokenised),0
NT-03882,65+,25,Month-to-month,33.56,709,2.7,2,Credit card (tokenised),0
NT-03883,25-34,30,Month-to-month,59.67,146,11.3,2,Direct debit,0
NT-03884,55-64,64,Month-to-month,31.97,489,1.7,2,Credit card (tokenised),0
NT-03885,65+,30,One-year,27.69,141,18.1,2,Direct debit,0
NT-03886,65+,43,Two-year,41.66,80,4.2,1,Direct debit,0
NT-03887,45-54,28,One-year,48.56,877,11.2,1,Direct debit,0
NT-03888,45-54,41,Two-year,63.54,157,4.1,2,Bank transfer,0
NT-03889,35-44,29,Month-to-month,57.37,316,9.4,3,Direct debit,0
NT-03890,45-54,15,Month-to-month,52.34,71,2.7,0,Credit card (tokenised),0
NT-03891,35-44,39,Month-to-month,29.78,535,30.6,0,Credit card (tokenised),0
NT-03892,45-54,37,One-year,29.52,276,11.3,0,Credit card (tokenised),0
NT-03893,35-44,12,Month-to-month,27.47,346,2.9,1,Credit card (tokenised),1
NT-03894,45-54,28,One-year,36.19,354,5.1,1,Credit card (tokenised),0
NT-03895,55-64,28,One-year,15.04,159,5.4,1,Direct debit,1
NT-03896,25-34,20,Two-year,54.39,196,15.9,1,Credit card (tokenised),0
NT-03897,55-64,15,Month-to-month,25.7,132,13.3,0,Credit card (tokenised),0
NT-03898,35-44,33,Month-to-month,24.22,403,5.6,0,Direct debit,0
NT-03899,55-64,61,Month-to-month,33.13,347,6.5,1,Credit card (tokenised),0
NT-03900,35-44,41,Month-to-month,21.89,318,8.2,1,Credit card (tokenised),0
NT-03901,35-44,11,Two-year,45.73,493,5.2,0,Credit card (tokenised),0
NT-03902,65+,58,Month-to-month,26.41,394,5.1,1,Credit card (tokenised),1
NT-03903,25-34,54,Two-year,44.02,292,10.9,1,Direct debit,0
NT-03904,55-64,21,Two-year,49.1,501,17.4,1,Bank transfer,1
NT-03905,35-44,11,One-year,31.41,211,7.8,2,Direct debit,1
NT-03906,35-44,22,Month-to-month,29.39,117,6.6,4,Direct debit,0
NT-03907,25-34,23,Month-to-month,28.37,268,11.1,1,Bank transfer,1
NT-03908,35-44,12,Month-to-month,25.01,206,1.5,0,Credit card (tokenised),0
NT-03909,25-34,32,Month-to-month,32.96,615,13.7,0,Direct debit,0
NT-03910,18-24,18,Month-to-month,38.81,485,25.4,2,Credit card (tokenised),1
NT-03911,25-34,14,Month-to-month,21.4,173,10.2,0,Bank transfer,0
NT-03912,18-24,25,One-year,30.3,153,6.9,1,Direct debit,0
NT-03913,65+,60,Month-to-month,39.89,215,7.4,1,Direct debit,0
NT-03914,65+,45,Month-to-month,38.42,300,4.7,2,Credit card (tokenised),0
NT-03915,35-44,36,Month-to-month,12.0,315,9.6,1,Direct debit,0
NT-03916,45-54,21,Two-year,45.6,213,21.9,0,Credit card (tokenised),0
NT-03917,25-34,12,One-year,52.86,363,10.9,0,Credit card (tokenised),0
NT-03918,45-54,15,Month-to-month,31.13,195,10.2,0,Credit card (tokenised),1
NT-03919,55-64,43,One-year,17.18,750,12.1,1,Direct debit,0
NT-03920,65+,18,One-year,28.83,277,9.7,2,Direct debit,0
NT-03921,35-44,31,Two-year,28.47,506,7.0,0,Direct debit,0
NT-03922,55-64,36,Month-to-month,52.4,536,27.8,0,Direct debit,0
NT-03923,25-34,10,Two-year,24.88,307,17.1,2,Credit card (tokenised),0
NT-03924,65+,28,Month-to-month,33.7,227,5.7,2,Direct debit,0
NT-03925,18-24,34,Two-year,58.14,117,13.5,0,Direct debit,1
NT-03926,45-54,68,Month-to-month,39.93,184,5.6,1,Direct debit,0
NT-03927,45-54,30,Two-year,40.35,278,5.5,0,Bank transfer,0
NT-03928,45-54,42,Two-year,36.79,183,1.5,0,Direct debit,0
NT-03929,18-24,21,Month-to-month,49.73,246,6.9,0,Direct debit,0
NT-03930,65+,48,Two-year,42.85,820,6.5,2,Direct debit,0
NT-03931,25-34,13,Month-to-month,60.24,265,10.5,2,Bank transfer,0
NT-03932,45-54,37,Month-to-month,61.55,407,14.4,0,Direct debit,0
NT-03933,25-34,31,Month-to-month,41.76,539,16.4,1,Credit card (tokenised),1
NT-03934,25-34,52,Two-year,37.55,770,12.3,0,Direct debit,0
NT-03935,35-44,36,Month-to-month,39.96,427,10.4,0,Direct debit,0
NT-03936,35-44,25,One-year,31.2,33,19.1,0,Direct debit,0
NT-03937,25-34,48,One-year,39.6,367,8.7,1,Credit card (tokenised),0
NT-03938,25-34,36,Two-year,20.69,155,1.5,1,Credit card (tokenised),0
NT-03939,35-44,16,One-year,29.46,211,6.6,1,Credit card (tokenised),0
NT-03940,45-54,26,Month-to-month,47.44,312,9.0,1,Bank transfer,0
NT-03941,55-64,15,Month-to-month,44.46,531,7.1,0,Direct debit,0
NT-03942,18-24,34,Month-to-month,36.47,315,1.6,1,Direct debit,0
NT-03943,35-44,36,One-year,43.03,170,17.3,2,Credit card (tokenised),1
NT-03944,18-24,63,Month-to-month,56.07,541,5.6,1,Direct debit,1
NT-03945,18-24,26,Month-to-month,33.37,175,6.6,1,Bank transfer,1
NT-03946,45-54,24,Two-year,20.78,35,11.4,2,Bank transfer,0
NT-03947,45-54,11,Month-to-month,45.53,214,12.3,0,Direct debit,0
NT-03948,25-34,26,One-year,44.44,181,4.4,1,Credit card (tokenised),0
NT-03949,25-34,24,Month-to-month,47.12,342,3.6,0,Direct debit,0
NT-03950,18-24,30,Month-to-month,23.63,525,2.0,2,Direct debit,0
NT-03951,55-64,24,Month-to-month,20.0,174,15.9,2,Credit card (tokenised),1
NT-03952,65+,24,Month-to-month,41.18,331,12.0,0,Credit card (tokenised),0
NT-03953,18-24,30,Two-year,40.34,663,7.9,0,Direct debit,0
NT-03954,25-34,27,Month-to-month,33.71,161,2.0,0,Direct debit,0
NT-03955,55-64,24,Month-to-month,55.36,358,9.4,1,Direct debit,0
NT-03956,65+,24,One-year,37.88,985,31.7,0,Direct debit,0
NT-03957,35-44,72,One-year,52.77,395,8.2,0,Credit card (tokenised),0
NT-03958,18-24,23,One-year,48.54,287,8.8,0,Credit card (tokenised),1
NT-03959,18-24,25,Two-year,24.92,441,8.3,1,Credit card (tokenised),0
NT-03960,35-44,10,One-year,27.36,525,3.9,1,Direct debit,0
NT-03961,35-44,48,Month-to-month,22.61,349,0.7,2,Direct debit,0
NT-03962,18-24,6,One-year,43.18,815,15.7,0,Direct debit,1
NT-03963,45-54,16,Month-to-month,39.18,252,6.2,0,Bank transfer,1
NT-03964,18-24,38,Month-to-month,54.2,203,2.8,0,Direct debit,0
NT-03965,55-64,9,Month-to-month,45.14,403,8.8,2,Direct debit,1
NT-03966,25-34,19,Month-to-month,22.42,287,19.4,0,Direct debit,0
NT-03967,18-24,28,Month-to-month,32.46,627,5.5,1,Direct debit,0
NT-03968,45-54,27,Month-to-month,12.67,564,2.2,2,Credit card (tokenised),0
NT-03969,35-44,19,Month-to-month,41.52,374,29.9,0,Direct debit,0
NT-03970,65+,42,Two-year,71.49,448,9.3,1,Credit card (tokenised),0
NT-03971,35-44,44,Two-year,39.57,248,15.8,1,Bank transfer,0
NT-03972,25-34,39,One-year,40.41,376,19.3,0,Bank transfer,0
NT-03973,45-54,22,One-year,37.79,65,2.6,1,Direct debit,0
NT-03974,25-34,31,Month-to-month,42.27,666,5.1,0,Direct debit,0
NT-03975,65+,20,Two-year,36.13,406,10.1,0,Credit card (tokenised),0
NT-03976,35-44,84,Month-to-month,45.41,437,7.2,0,Bank transfer,0
NT-03977,35-44,34,Month-to-month,28.73,312,4.9,1,Credit card (tokenised),0
NT-03978,18-24,22,Month-to-month,29.23,358,13.4,1,Direct debit,0
NT-03979,35-44,76,Month-to-month,22.49,285,12.9,1,Direct debit,0
NT-03980,55-64,23,Month-to-month,37.61,438,12.4,0,Credit card (tokenised),0
NT-03981,55-64,33,Month-to-month,24.73,305,10.9,0,Direct debit,0
NT-03982,25-34,43,Month-to-month,55.43,301,12.9,0,Direct debit,0
NT-03983,25-34,21,Month-to-month,32.83,45,18.4,1,Credit card (tokenised),0
NT-03984,55-64,20,Month-to-month,14.37,386,6.4,2,Credit card (tokenised),0
NT-03985,65+,47,Two-year,24.37,428,25.0,1,Direct debit,0
NT-03986,18-24,43,Month-to-month,39.62,491,6.6,3,Direct debit,0
NT-03987,35-44,43,Month-to-month,45.83,437,10.2,0,Direct debit,0
NT-03988,25-34,36,One-year,42.25,69,8.7,1,Direct debit,0
NT-03989,55-64,72,Two-year,28.13,342,3.7,0,Bank transfer,0
NT-03990,18-24,30,Month-to-month,31.15,312,30.9,0,Credit card (tokenised),1
NT-03991,25-34,18,Two-year,29.74,232,11.5,2,Direct debit,1
NT-03992,45-54,14,Month-to-month,44.8,568,10.8,0,Credit card (tokenised),0
NT-03993,18-24,23,Month-to-month,39.4,370,15.0,1,Direct debit,0
NT-03994,35-44,3,Month-to-month,32.63,573,24.1,1,Credit card (tokenised),0
NT-03995,35-44,56,One-year,30.09,97,9.4,1,Direct debit,0
NT-03996,25-34,35,Month-to-month,31.72,241,6.2,1,Direct debit,0
NT-03997,35-44,18,One-year,38.1,56,7.6,1,Direct debit,0
NT-03998,35-44,48,Month-to-month,54.09,697,24.2,1,Direct debit,0
NT-03999,25-34,14,One-year,40.24,580,20.8,1,Direct debit,0
NT-04000,35-44,16,Month-to-month,33.96,768,31.8,1,Credit card (tokenised),0
NT-04001,55-64,30,Month-to-month,33.03,635,5.0,2,Direct debit,0
NT-04002,55-64,59,One-year,58.42,344,9.2,0,Credit card (tokenised),0
NT-04003,25-34,35,One-year,47.9,247,8.6,1,Credit card (tokenised),1
NT-04004,25-34,4,Month-to-month,49.74,448,46.8,1,Credit card (tokenised),0
NT-04005,25-34,16,One-year,46.97,256,20.3,4,Direct debit,0
NT-04006,35-44,18,One-year,37.4,455,9.4,0,Direct debit,0
NT-04007,35-44,32,Month-to-month,52.37,259,23.3,0,Bank transfer,0
NT-04008,45-54,12,Two-year,20.39,521,8.7,0,Credit card (tokenised),0
NT-04009,18-24,13,One-year,56.61,176,3.5,0,Credit card (tokenised),0
NT-04010,18-24,25,Month-to-month,46.91,511,12.1,1,Direct debit,0
NT-04011,35-44,40,Month-to-month,43.83,142,6.2,0,Direct debit,0
NT-04012,45-54,41,Month-to-month,28.92,274,4.1,0,Credit card (tokenised),0
NT-04013,25-34,30,Month-to-month,49.17,115,4.5,2,Direct debit,0
NT-04014,45-54,45,Month-to-month,51.74,286,21.7,0,Credit card (tokenised),0
NT-04015,25-34,88,Month-to-month,29.55,116,44.9,0,Credit card (tokenised),0
NT-04016,55-64,64,One-year,29.91,229,6.4,0,Credit card (tokenised),0
NT-04017,55-64,22,Month-to-month,25.6,414,18.6,2,Credit card (tokenised),1
NT-04018,25-34,12,One-year,44.58,248,12.1,2,Credit card (tokenised),1
NT-04019,25-34,23,Month-to-month,36.82,218,2.5,0,Credit card (tokenised),0
NT-04020,35-44,17,Month-to-month,63.47,193,35.6,0,Credit card (tokenised),1
NT-04021,25-34,36,One-year,19.59,159,27.4,2,Direct debit,0
NT-04022,45-54,14,One-year,27.55,152,10.5,1,Credit card (tokenised),0
NT-04023,55-64,27,Month-to-month,38.14,494,11.4,0,Credit card (tokenised),0
NT-04024,45-54,17,Month-to-month,45.98,627,17.7,2,Credit card (tokenised),0
NT-04025,55-64,24,Month-to-month,45.44,319,65.7,0,Credit card (tokenised),0
NT-04026,35-44,28,One-year,39.01,577,14.2,0,Direct debit,0
NT-04027,25-34,39,Month-to-month,42.23,795,19.5,0,Direct debit,0
NT-04028,45-54,28,One-year,39.42,288,2.7,0,Credit card (tokenised),0
NT-04029,35-44,20,One-year,50.59,228,26.2,0,Bank transfer,0
NT-04030,45-54,43,Month-to-month,31.32,231,9.4,1,Credit card (tokenised),0
NT-04031,25-34,29,Month-to-month,32.68,421,23.2,1,Credit card (tokenised),0
NT-04032,18-24,22,Month-to-month,46.27,1121,20.3,1,Credit card (tokenised),0
NT-04033,65+,40,Month-to-month,56.87,103,5.6,0,Bank transfer,0
NT-04034,25-34,32,Month-to-month,30.39,993,9.4,0,Credit card (tokenised),0
NT-04035,65+,38,Month-to-month,40.89,221,8.1,0,Direct debit,0
NT-04036,65+,50,One-year,33.46,273,6.2,0,Bank transfer,0
NT-04037,55-64,15,Month-to-month,44.66,468,4.7,0,Credit card (tokenised),0
NT-04038,45-54,85,Two-year,18.3,1036,15.8,0,Direct debit,0
NT-04039,35-44,36,Month-to-month,33.85,195,5.2,4,Credit card (tokenised),0
NT-04040,55-64,14,Month-to-month,31.11,845,4.4,2,Direct debit,1
NT-04041,25-34,54,One-year,33.89,60,10.5,1,Credit card (tokenised),0
NT-04042,35-44,19,One-year,12.0,143,6.4,0,Credit card (tokenised),0
NT-04043,45-54,64,Month-to-month,62.29,322,9.0,0,Direct debit,0
NT-04044,35-44,15,One-year,12.0,183,10.4,0,Credit card (tokenised),0
NT-04045,35-44,27,Two-year,43.71,329,24.4,3,Direct debit,0
NT-04046,25-34,43,One-year,22.47,407,7.9,2,Direct debit,0
NT-04047,35-44,40,Month-to-month,23.06,305,25.5,1,Credit card (tokenised),0
NT-04048,55-64,34,One-year,39.66,562,17.0,0,Bank transfer,0
NT-04049,25-34,47,One-year,46.29,672,20.8,1,Direct debit,0
NT-04050,65+,22,One-year,25.09,665,0.6,0,Credit card (tokenised),0
NT-04051,45-54,49,One-year,24.7,165,10.4,2,Credit card (tokenised),0
NT-04052,55-64,20,Two-year,22.46,657,8.5,1,Credit card (tokenised),0
NT-04053,35-44,61,Month-to-month,40.58,1033,7.1,1,Credit card (tokenised),0
NT-04054,55-64,21,Month-to-month,25.43,418,13.9,0,Bank transfer,0
NT-04055,18-24,13,Month-to-month,53.46,321,11.4,1,Credit card (tokenised),1
NT-04056,55-64,40,Month-to-month,24.15,337,31.1,1,Bank transfer,0
NT-04057,18-24,31,Month-to-month,44.5,123,20.8,4,Credit card (tokenised),0
NT-04058,55-64,34,One-year,56.54,453,8.0,0,Credit card (tokenised),0
NT-04059,65+,24,Month-to-month,38.83,230,6.4,0,Credit card (tokenised),1
NT-04060,25-34,37,One-year,16.52,1068,4.0,3,Direct debit,0
NT-04061,25-34,58,One-year,42.8,621,19.6,2,Direct debit,0
NT-04062,55-64,34,Month-to-month,35.04,485,17.9,3,Credit card (tokenised),0
NT-04063,25-34,11,Two-year,37.5,409,26.1,0,Direct debit,0
NT-04064,55-64,29,Month-to-month,57.03,59,10.3,2,Credit card (tokenised),0
NT-04065,18-24,36,One-year,38.62,653,20.7,1,Credit card (tokenised),0
NT-04066,18-24,63,One-year,44.16,231,17.4,0,Credit card (tokenised),0
NT-04067,65+,41,Month-to-month,30.06,305,9.9,1,Credit card (tokenised),0
NT-04068,45-54,18,Month-to-month,34.63,362,11.8,0,Direct debit,1
NT-04069,55-64,28,Month-to-month,51.48,927,3.4,0,Credit card (tokenised),0
NT-04070,25-34,43,One-year,39.64,714,36.2,0,Direct debit,0
NT-04071,45-54,38,One-year,41.43,73,11.0,1,Bank transfer,0
NT-04072,45-54,39,Month-to-month,50.01,186,7.2,0,Credit card (tokenised),0
NT-04073,45-54,13,One-year,57.56,782,3.2,1,Credit card (tokenised),0
NT-04074,45-54,40,Month-to-month,24.13,311,30.2,1,Direct debit,0
NT-04075,35-44,32,Month-to-month,32.1,136,8.1,0,Direct debit,0
NT-04076,35-44,41,Two-year,55.5,386,4.1,0,Credit card (tokenised),0
NT-04077,25-34,31,Month-to-month,61.91,425,11.3,0,Direct debit,0
NT-04078,55-64,27,Two-year,34.86,133,14.4,2,Credit card (tokenised),0
NT-04079,25-34,49,One-year,41.26,479,21.3,0,Direct debit,0
NT-04080,45-54,37,Two-year,42.21,81,1.9,1,Credit card (tokenised),0
NT-04081,25-34,14,Month-to-month,40.81,759,5.8,1,Credit card (tokenised),0
NT-04082,45-54,31,Month-to-month,40.97,545,11.0,0,Credit card (tokenised),0
NT-04083,45-54,24,Month-to-month,54.38,581,13.5,1,Credit card (tokenised),0
NT-04084,25-34,22,One-year,16.39,330,14.7,1,Credit card (tokenised),0
NT-04085,18-24,37,One-year,30.14,692,7.1,1,Credit card (tokenised),0
NT-04086,18-24,32,Month-to-month,45.66,418,5.4,0,Credit card (tokenised),0
NT-04087,45-54,37,One-year,32.05,695,2.6,0,Direct debit,0
NT-04088,55-64,46,Month-to-month,41.44,359,12.6,2,Credit card (tokenised),1
NT-04089,18-24,28,Month-to-month,51.04,721,3.5,0,Credit card (tokenised),0
NT-04090,45-54,45,Month-to-month,57.2,212,8.4,1,Credit card (tokenised),0
NT-04091,25-34,20,Month-to-month,41.33,181,4.2,2,Bank transfer,0
NT-04092,35-44,51,Month-to-month,55.87,399,8.8,0,Credit card (tokenised),0
NT-04093,65+,22,Month-to-month,39.7,233,9.8,0,Direct debit,0
NT-04094,25-34,16,Two-year,34.36,345,14.4,1,Bank transfer,0
NT-04095,35-44,35,One-year,19.48,72,2.8,2,Direct debit,0
NT-04096,18-24,28,Month-to-month,25.96,485,15.8,1,Direct debit,0
NT-04097,18-24,30,One-year,38.06,676,16.3,0,Direct debit,0
NT-04098,25-34,14,One-year,38.31,228,4.5,1,Direct debit,0
NT-04099,18-24,15,Month-to-month,40.75,439,4.2,0,Bank transfer,0
NT-04100,45-54,24,One-year,60.04,546,6.4,1,Direct debit,0
NT-04101,35-44,41,One-year,47.01,249,25.5,0,Direct debit,0
NT-04102,35-44,24,One-year,47.65,115,2.4,1,Direct debit,0
NT-04103,25-34,15,One-year,59.94,379,15.4,4,Credit card (tokenised),0
NT-04104,25-34,51,One-year,33.72,512,12.5,1,Direct debit,0
NT-04105,45-54,15,Month-to-month,31.89,165,27.6,0,Direct debit,0
NT-04106,65+,30,Two-year,52.67,633,17.3,2,Credit card (tokenised),0
NT-04107,18-24,41,Month-to-month,43.83,437,0.6,0,Direct debit,0
NT-04108,55-64,23,Two-year,37.47,217,20.2,3,Credit card (tokenised),1
NT-04109,35-44,41,Month-to-month,37.27,813,6.2,1,Bank transfer,0
NT-04110,35-44,60,Month-to-month,35.94,246,7.5,0,Credit card (tokenised),0
NT-04111,35-44,40,One-year,36.79,71,3.5,1,Direct debit,0
NT-04112,18-24,28,Month-to-month,37.97,569,17.1,1,Credit card (tokenised),1
NT-04113,18-24,30,One-year,34.43,185,2.0,2,Credit card (tokenised),0
NT-04114,45-54,7,Month-to-month,44.66,269,9.2,0,Credit card (tokenised),0
NT-04115,25-34,21,One-year,46.96,238,28.3,0,Direct debit,0
NT-04116,65+,8,Month-to-month,31.22,562,17.7,1,Direct debit,0
NT-04117,35-44,17,Month-to-month,48.83,396,13.5,1,Credit card (tokenised),0
NT-04118,25-34,29,Month-to-month,22.74,150,6.9,1,Credit card (tokenised),0
NT-04119,45-54,34,One-year,44.05,146,19.4,1,Credit card (tokenised),0
NT-04120,25-34,37,One-year,44.65,131,5.8,0,Direct debit,0
NT-04121,35-44,69,One-year,37.0,253,15.0,1,Bank transfer,0
NT-04122,45-54,12,Two-year,38.69,612,20.8,0,Direct debit,0
NT-04123,65+,17,One-year,35.2,295,5.4,0,Direct debit,0
NT-04124,55-64,33,Two-year,31.91,763,10.8,0,Credit card (tokenised),0
NT-04125,45-54,43,Month-to-month,38.01,326,10.5,1,Direct debit,0
NT-04126,45-54,20,Month-to-month,31.44,119,16.1,0,Direct debit,0
NT-04127,65+,32,Month-to-month,51.67,95,4.7,0,Credit card (tokenised),0
NT-04128,25-34,34,Month-to-month,12.77,616,12.4,2,Credit card (tokenised),0
NT-04129,18-24,63,Month-to-month,36.39,466,8.7,0,Credit card (tokenised),0
NT-04130,25-34,13,Month-to-month,15.19,191,21.7,1,Credit card (tokenised),1
NT-04131,25-34,37,One-year,25.23,111,13.9,0,Credit card (tokenised),1
NT-04132,45-54,44,One-year,31.08,178,14.6,0,Direct debit,0
NT-04133,45-54,39,Two-year,54.08,495,13.1,1,Bank transfer,1
NT-04134,45-54,54,Two-year,51.84,598,6.2,1,Direct debit,0
NT-04135,18-24,15,Month-to-month,38.87,101,5.0,1,Bank transfer,0
NT-04136,45-54,7,Month-to-month,38.77,153,15.6,1,Direct debit,0
NT-04137,25-34,52,Month-to-month,50.45,869,1.5,2,Credit card (tokenised),0
NT-04138,45-54,24,Month-to-month,51.58,502,5.9,1,Credit card (tokenised),0
NT-04139,35-44,28,Month-to-month,31.1,145,10.2,1,Bank transfer,0
NT-04140,25-34,30,One-year,46.07,202,14.1,1,Credit card (tokenised),0
NT-04141,18-24,31,Month-to-month,26.52,737,3.3,0,Direct debit,0
NT-04142,18-24,46,One-year,33.33,236,9.1,1,Direct debit,0
NT-04143,55-64,36,One-year,45.13,256,10.8,2,Direct debit,0
NT-04144,65+,13,Month-to-month,30.11,251,9.4,1,Direct debit,0
NT-04145,45-54,27,Month-to-month,33.74,254,11.1,0,Credit card (tokenised),0
NT-04146,18-24,34,Two-year,18.1,526,6.7,0,Bank transfer,0
NT-04147,35-44,38,Month-to-month,43.41,388,18.8,1,Credit card (tokenised),0
NT-04148,45-54,27,Month-to-month,27.41,522,13.4,0,Credit card (tokenised),0
NT-04149,55-64,21,Month-to-month,28.15,208,8.8,1,Credit card (tokenised),0
NT-04150,18-24,47,Month-to-month,54.26,49,1.7,1,Credit card (tokenised),0
NT-04151,18-24,23,Month-to-month,29.75,228,12.2,2,Credit card (tokenised),0
NT-04152,45-54,40,One-year,47.03,277,3.2,1,Credit card (tokenised),0
NT-04153,25-34,45,Month-to-month,51.19,421,1.8,0,Credit card (tokenised),0
NT-04154,25-34,33,Month-to-month,49.01,264,4.5,0,Credit card (tokenised),0
NT-04155,18-24,20,Month-to-month,35.01,157,13.6,1,Bank transfer,1
NT-04156,35-44,36,One-year,32.87,90,13.6,1,Bank transfer,0
NT-04157,55-64,25,Month-to-month,27.04,1118,0.4,3,Credit card (tokenised),0
NT-04158,65+,82,Month-to-month,16.86,540,13.4,1,Direct debit,0
NT-04159,35-44,44,One-year,47.27,382,2.1,0,Credit card (tokenised),0
NT-04160,35-44,43,Month-to-month,46.13,342,19.1,0,Credit card (tokenised),0
NT-04161,18-24,51,Month-to-month,43.72,228,16.4,0,Credit card (tokenised),0
NT-04162,35-44,8,Month-to-month,12.0,291,1.7,2,Credit card (tokenised),1
NT-04163,35-44,27,One-year,35.87,166,12.1,1,Credit card (tokenised),0
NT-04164,45-54,49,Two-year,45.55,326,6.7,0,Bank transfer,0
NT-04165,35-44,21,Month-to-month,53.44,496,18.9,2,Bank transfer,1
NT-04166,25-34,11,Month-to-month,41.59,279,5.7,2,Credit card (tokenised),1
NT-04167,18-24,31,Month-to-month,40.33,68,24.5,3,Bank transfer,0
NT-04168,25-34,17,One-year,29.85,435,17.1,0,Credit card (tokenised),0
NT-04169,18-24,19,One-year,42.54,382,3.5,0,Direct debit,0
NT-04170,25-34,26,One-year,35.16,562,26.8,0,Direct debit,0
NT-04171,65+,14,One-year,29.25,302,12.0,2,Direct debit,0
NT-04172,35-44,26,Two-year,24.11,527,9.3,1,Credit card (tokenised),0
NT-04173,35-44,33,Two-year,26.65,92,5.0,0,Credit card (tokenised),0
NT-04174,55-64,73,One-year,41.9,158,11.2,0,Credit card (tokenised),0
NT-04175,65+,22,Month-to-month,21.35,261,19.2,0,Credit card (tokenised),1
NT-04176,45-54,27,Month-to-month,34.47,327,13.5,0,Direct debit,0
NT-04177,55-64,39,Month-to-month,53.69,548,14.0,0,Bank transfer,0
NT-04178,25-34,24,Month-to-month,20.79,382,10.6,1,Direct debit,0
NT-04179,25-34,20,One-year,43.39,169,21.8,1,Bank transfer,1
NT-04180,35-44,50,Month-to-month,44.57,450,12.1,0,Bank transfer,0
NT-04181,45-54,61,One-year,34.5,202,5.3,1,Credit card (tokenised),0
NT-04182,45-54,24,Month-to-month,45.47,248,6.2,1,Direct debit,0
NT-04183,25-34,20,One-year,35.74,466,10.0,1,Direct debit,0
NT-04184,18-24,18,Month-to-month,47.54,191,8.5,0,Credit card (tokenised),1
NT-04185,45-54,40,Month-to-month,25.18,456,20.1,0,Direct debit,0
NT-04186,18-24,53,Month-to-month,60.67,97,14.2,1,Direct debit,1
NT-04187,35-44,35,Two-year,55.25,172,10.0,0,Credit card (tokenised),1
NT-04188,45-54,41,Month-to-month,12.0,162,5.8,1,Credit card (tokenised),0
NT-04189,45-54,48,Month-to-month,52.07,212,8.0,0,Credit card (tokenised),1
NT-04190,45-54,62,Month-to-month,31.08,209,7.2,1,Credit card (tokenised),1
NT-04191,55-64,36,One-year,55.19,166,16.7,3,Credit card (tokenised),0
NT-04192,35-44,23,Month-to-month,50.11,273,0.8,1,Credit card (tokenised),0
NT-04193,45-54,42,Two-year,24.95,84,5.7,3,Direct debit,0
NT-04194,45-54,51,Month-to-month,44.9,83,3.2,0,Bank transfer,0
NT-04195,25-34,25,Month-to-month,29.59,413,5.6,0,Credit card (tokenised),0
NT-04196,18-24,8,One-year,44.46,133,13.9,1,Credit card (tokenised),1
NT-04197,25-34,23,Month-to-month,38.55,231,14.2,0,Credit card (tokenised),1
NT-04198,35-44,14,One-year,29.25,332,13.2,2,Credit card (tokenised),0
NT-04199,45-54,5,Month-to-month,21.96,810,3.1,2,Credit card (tokenised),1
NT-04200,55-64,24,Two-year,40.76,319,10.8,0,Direct debit,0
NT-04201,25-34,28,One-year,43.57,614,22.9,1,Credit card (tokenised),0
NT-04202,18-24,37,One-year,36.11,377,7.9,1,Credit card (tokenised),0
NT-04203,65+,40,Month-to-month,28.71,945,9.0,1,Direct debit,0
NT-04204,18-24,24,Month-to-month,32.2,575,6.1,1,Direct debit,0
NT-04205,35-44,39,One-year,24.85,328,9.8,0,Bank transfer,0
NT-04206,45-54,37,One-year,46.83,459,10.5,4,Direct debit,0
NT-04207,35-44,37,Month-to-month,12.09,271,10.0,1,Direct debit,0
NT-04208,18-24,19,Month-to-month,49.42,269,9.3,1,Direct debit,0
NT-04209,18-24,42,Month-to-month,37.09,917,1.1,0,Direct debit,0
NT-04210,18-24,32,One-year,44.26,137,33.5,0,Direct debit,0
NT-04211,45-54,28,Month-to-month,45.44,308,24.2,1,Direct debit,0
NT-04212,35-44,20,Month-to-month,39.41,401,15.5,0,Credit card (tokenised),1
NT-04213,25-34,24,Month-to-month,33.32,236,8.8,0,Credit card (tokenised),0
NT-04214,45-54,45,Month-to-month,51.27,415,18.9,0,Direct debit,0
NT-04215,55-64,38,Month-to-month,17.42,270,15.0,2,Credit card (tokenised),0
NT-04216,18-24,21,Two-year,53.62,455,21.8,0,Direct debit,0
NT-04217,35-44,31,Month-to-month,24.52,143,7.7,1,Credit card (tokenised),1
NT-04218,45-54,38,Two-year,34.09,198,7.7,0,Direct debit,1
NT-04219,25-34,22,Month-to-month,55.18,179,30.5,3,Direct debit,0
NT-04220,25-34,42,Month-to-month,64.75,104,19.9,1,Bank transfer,0
NT-04221,45-54,10,Month-to-month,40.18,656,17.0,2,Bank transfer,1
NT-04222,55-64,42,One-year,21.74,222,4.1,0,Credit card (tokenised),0
NT-04223,55-64,40,One-year,48.25,554,5.6,0,Direct debit,0
NT-04224,45-54,34,Month-to-month,37.53,232,2.2,2,Credit card (tokenised),0
NT-04225,45-54,26,Month-to-month,25.26,337,3.2,3,Bank transfer,0
NT-04226,35-44,18,Two-year,40.63,850,8.7,0,Direct debit,0
NT-04227,45-54,30,Two-year,22.28,560,6.5,1,Direct debit,1
NT-04228,35-44,36,Month-to-month,40.34,562,9.7,2,Credit card (tokenised),0
NT-04229,25-34,42,One-year,26.96,268,12.3,1,Credit card (tokenised),0
NT-04230,45-54,20,Month-to-month,14.38,130,4.7,1,Direct debit,0
NT-04231,35-44,24,Month-to-month,18.06,161,13.0,0,Bank transfer,0
NT-04232,25-34,24,Month-to-month,30.71,269,11.5,2,Credit card (tokenised),0
NT-04233,65+,12,Month-to-month,44.02,735,5.9,1,Direct debit,0
NT-04234,18-24,52,One-year,53.05,412,19.1,2,Direct debit,0
NT-04235,25-34,77,Month-to-month,55.13,582,9.1,1,Bank transfer,0
NT-04236,18-24,54,One-year,19.86,402,2.9,1,Credit card (tokenised),0
NT-04237,55-64,18,Two-year,35.31,221,3.4,2,Direct debit,1
NT-04238,45-54,66,Month-to-month,30.68,222,16.6,1,Direct debit,0
NT-04239,25-34,26,Month-to-month,36.72,393,11.0,1,Credit card (tokenised),0
NT-04240,45-54,42,One-year,54.93,871,8.9,1,Credit card (tokenised),0
NT-04241,35-44,41,Month-to-month,39.93,271,9.2,2,Direct debit,0
NT-04242,45-54,6,Month-to-month,48.41,330,4.5,1,Direct debit,0
NT-04243,35-44,30,Month-to-month,64.54,141,9.2,2,Direct debit,0
NT-04244,35-44,18,Month-to-month,19.22,459,4.5,1,Bank transfer,0
NT-04245,65+,9,Two-year,32.3,263,9.8,1,Bank transfer,1
NT-04246,25-34,33,One-year,44.85,362,11.2,0,Credit card (tokenised),0
NT-04247,18-24,39,Month-to-month,41.2,225,3.9,1,Direct debit,0
NT-04248,45-54,21,Month-to-month,50.58,568,5.6,0,Direct debit,0
NT-04249,65+,32,Two-year,33.39,502,14.3,0,Credit card (tokenised),0
NT-04250,35-44,53,Month-to-month,40.47,151,18.0,1,Credit card (tokenised),0
NT-04251,18-24,26,Month-to-month,28.93,130,17.7,0,Credit card (tokenised),0
NT-04252,25-34,14,Two-year,50.77,292,8.9,0,Direct debit,0
NT-04253,35-44,44,Two-year,38.51,205,21.2,0,Credit card (tokenised),0
NT-04254,25-34,24,Month-to-month,54.85,398,5.6,1,Bank transfer,1
NT-04255,45-54,20,Month-to-month,54.93,472,2.3,0,Direct debit,0
NT-04256,65+,25,Month-to-month,22.62,961,6.9,0,Credit card (tokenised),0
NT-04257,35-44,25,Month-to-month,56.78,285,6.4,1,Credit card (tokenised),1
NT-04258,25-34,10,One-year,49.17,111,5.4,1,Direct debit,0
NT-04259,35-44,34,Month-to-month,36.12,231,16.3,1,Credit card (tokenised),0
NT-04260,18-24,34,Month-to-month,48.09,108,10.2,4,Direct debit,1
NT-04261,55-64,26,Month-to-month,31.91,194,21.4,0,Credit card (tokenised),0
NT-04262,35-44,33,Two-year,54.33,364,6.7,0,Credit card (tokenised),1
NT-04263,35-44,40,Month-to-month,39.19,304,8.3,1,Credit card (tokenised),0
NT-04264,45-54,34,Month-to-month,48.66,442,14.2,1,Credit card (tokenised),0
NT-04265,35-44,20,Two-year,30.43,232,18.5,2,Direct debit,0
NT-04266,45-54,18,Month-to-month,41.38,96,29.0,1,Bank transfer,0
NT-04267,18-24,70,Month-to-month,48.63,813,8.5,3,Bank transfer,0
NT-04268,55-64,34,Month-to-month,41.69,251,0.9,0,Direct debit,0
NT-04269,65+,27,Month-to-month,44.74,39,0.7,2,Credit card (tokenised),1
NT-04270,45-54,38,Month-to-month,28.88,341,36.8,1,Direct debit,1
NT-04271,65+,21,Month-to-month,41.65,386,8.0,2,Direct debit,0
NT-04272,25-34,44,Month-to-month,28.94,89,29.0,0,Credit card (tokenised),0
NT-04273,35-44,24,Month-to-month,37.78,289,10.8,1,Direct debit,0
NT-04274,45-54,9,Month-to-month,32.08,393,22.8,0,Direct debit,0
NT-04275,45-54,28,Month-to-month,35.54,552,18.0,0,Credit card (tokenised),0
NT-04276,35-44,16,Month-to-month,16.98,604,3.8,0,Credit card (tokenised),0
NT-04277,25-34,26,Month-to-month,38.32,431,27.3,0,Bank transfer,0
NT-04278,18-24,25,Two-year,36.71,537,4.6,2,Credit card (tokenised),0
NT-04279,35-44,36,Month-to-month,19.82,550,19.2,2,Bank transfer,1
NT-04280,25-34,59,Month-to-month,42.1,380,16.2,0,Credit card (tokenised),0
NT-04281,45-54,42,One-year,47.91,689,20.8,2,Direct debit,0
NT-04282,25-34,34,Month-to-month,41.78,655,10.1,3,Credit card (tokenised),0
NT-04283,18-24,31,One-year,47.43,29,18.8,2,Credit card (tokenised),0
NT-04284,35-44,35,One-year,31.68,88,4.9,1,Direct debit,0
NT-04285,45-54,55,One-year,35.45,378,9.4,0,Direct debit,0
NT-04286,55-64,38,One-year,38.89,301,18.3,1,Credit card (tokenised),0
NT-04287,35-44,9,Month-to-month,39.75,168,21.8,1,Credit card (tokenised),1
NT-04288,25-34,17,One-year,12.0,375,4.9,0,Credit card (tokenised),0
NT-04289,55-64,48,Month-to-month,26.95,652,18.4,0,Bank transfer,0
NT-04290,35-44,34,Month-to-month,50.03,232,17.5,0,Direct debit,0
NT-04291,18-24,55,Two-year,28.61,269,16.1,1,Credit card (tokenised),0
NT-04292,35-44,41,Month-to-month,35.04,385,8.2,0,Bank transfer,0
NT-04293,65+,31,Two-year,37.37,434,0.2,2,Direct debit,0
NT-04294,35-44,30,Month-to-month,21.92,411,17.3,1,Direct debit,0
NT-04295,25-34,21,Month-to-month,56.96,78,22.0,0,Direct debit,0
NT-04296,25-34,26,Month-to-month,37.62,793,24.4,2,Direct debit,0
NT-04297,25-34,14,One-year,27.72,457,3.0,0,Credit card (tokenised),0
NT-04298,35-44,19,Month-to-month,45.78,1150,1.3,1,Credit card (tokenised),0
NT-04299,45-54,16,Month-to-month,34.44,453,7.1,0,Credit card (tokenised),0
NT-04300,18-24,29,Month-to-month,38.71,208,14.6,1,Direct debit,0
NT-04301,65+,23,One-year,54.91,330,16.7,2,Direct debit,0
NT-04302,45-54,11,Month-to-month,31.51,209,7.6,0,Credit card (tokenised),0
NT-04303,45-54,38,One-year,51.71,560,8.8,1,Credit card (tokenised),0
NT-04304,55-64,24,Month-to-month,33.89,447,9.5,0,Direct debit,0
NT-04305,18-24,44,Month-to-month,38.82,460,3.7,1,Direct debit,0
NT-04306,35-44,37,Month-to-month,41.64,110,14.2,0,Credit card (tokenised),0
NT-04307,45-54,74,Two-year,33.86,793,32.5,0,Direct debit,0
NT-04308,55-64,29,Month-to-month,25.8,483,13.2,2,Credit card (tokenised),1
NT-04309,55-64,22,Month-to-month,43.44,38,19.6,1,Direct debit,1
NT-04310,25-34,19,One-year,51.46,332,6.9,2,Direct debit,0
NT-04311,65+,40,Month-to-month,45.52,474,7.3,4,Direct debit,0
NT-04312,18-24,42,One-year,45.18,342,10.0,1,Credit card (tokenised),0
NT-04313,55-64,29,Month-to-month,32.51,688,7.5,2,Credit card (tokenised),0
NT-04314,65+,33,Month-to-month,46.26,217,4.5,1,Direct debit,0
NT-04315,25-34,49,Month-to-month,42.3,402,13.7,1,Direct debit,0
NT-04316,45-54,41,Month-to-month,48.35,200,5.0,0,Credit card (tokenised),0
NT-04317,18-24,34,One-year,39.18,237,6.0,1,Direct debit,0
NT-04318,35-44,15,One-year,45.16,47,17.8,0,Direct debit,0
NT-04319,35-44,19,Month-to-month,32.2,331,17.0,1,Direct debit,0
NT-04320,45-54,24,Two-year,46.34,251,7.8,1,Direct debit,0
NT-04321,65+,25,Month-to-month,22.88,438,12.9,1,Credit card (tokenised),0
NT-04322,45-54,20,Month-to-month,33.98,516,43.7,2,Bank transfer,0
NT-04323,35-44,19,One-year,29.63,105,0.8,3,Direct debit,0
NT-04324,55-64,25,One-year,80.07,201,6.6,0,Direct debit,0
NT-04325,65+,31,Month-to-month,45.83,309,17.5,1,Direct debit,1
NT-04326,18-24,37,One-year,24.99,681,5.8,0,Direct debit,0
NT-04327,65+,11,Month-to-month,21.59,225,6.1,2,Bank transfer,0
NT-04328,18-24,23,One-year,17.05,22,2.5,2,Direct debit,0
NT-04329,55-64,11,One-year,24.32,626,8.2,0,Direct debit,0
NT-04330,25-34,29,One-year,27.81,413,5.5,2,Credit card (tokenised),0
NT-04331,18-24,29,Month-to-month,26.3,429,8.7,0,Credit card (tokenised),0
NT-04332,35-44,28,One-year,32.39,602,7.7,1,Credit card (tokenised),1
NT-04333,45-54,25,One-year,48.01,370,10.1,2,Bank transfer,0
NT-04334,35-44,23,Month-to-month,35.61,715,10.0,0,Direct debit,0
NT-04335,18-24,28,Month-to-month,46.55,483,17.6,2,Direct debit,0
NT-04336,45-54,38,Two-year,25.22,449,10.3,0,Direct debit,0
NT-04337,65+,24,Month-to-month,33.41,170,6.0,0,Credit card (tokenised),0
NT-04338,35-44,15,Month-to-month,26.74,139,20.5,0,Credit card (tokenised),0
NT-04339,25-34,33,Month-to-month,43.31,653,5.1,0,Credit card (tokenised),0
NT-04340,35-44,42,One-year,35.83,133,18.2,4,Direct debit,1
NT-04341,18-24,15,Two-year,59.28,814,5.2,1,Direct debit,0
NT-04342,55-64,14,One-year,29.95,566,44.6,0,Credit card (tokenised),0
NT-04343,55-64,15,Month-to-month,25.52,264,6.0,0,Credit card (tokenised),0
NT-04344,45-54,27,One-year,41.56,235,21.1,0,Credit card (tokenised),0
NT-04345,25-34,61,One-year,35.89,250,2.9,0,Direct debit,0
NT-04346,55-64,56,One-year,44.03,153,52.0,0,Bank transfer,0
NT-04347,35-44,33,Month-to-month,37.26,500,7.7,0,Direct debit,1
NT-04348,55-64,14,One-year,36.31,471,4.4,0,Credit card (tokenised),0
NT-04349,45-54,56,Month-to-month,29.98,310,13.5,1,Credit card (tokenised),0
NT-04350,55-64,58,Month-to-month,34.76,141,14.3,1,Bank transfer,1
NT-04351,45-54,18,Month-to-month,19.64,788,10.9,0,Direct debit,0
NT-04352,35-44,29,Two-year,52.37,150,6.6,0,Credit card (tokenised),0
NT-04353,65+,42,Month-to-month,53.24,273,7.1,2,Direct debit,1
NT-04354,35-44,52,Two-year,49.25,227,5.8,0,Credit card (tokenised),0
NT-04355,45-54,27,Month-to-month,32.51,170,12.9,0,Direct debit,0
NT-04356,25-34,44,One-year,30.46,89,6.8,0,Direct debit,0
NT-04357,45-54,35,Month-to-month,43.99,112,20.1,0,Bank transfer,0
NT-04358,35-44,34,Month-to-month,26.58,207,16.5,0,Bank transfer,1
NT-04359,25-34,32,One-year,51.64,332,15.4,0,Direct debit,0
NT-04360,18-24,63,One-year,12.0,663,5.4,3,Direct debit,0
NT-04361,45-54,30,One-year,32.58,235,4.0,0,Direct debit,0
NT-04362,55-64,37,One-year,25.22,210,15.2,0,Credit card (tokenised),0
NT-04363,35-44,63,One-year,52.96,125,12.4,0,Credit card (tokenised),0
NT-04364,25-34,38,Two-year,50.88,216,14.2,2,Direct debit,0
NT-04365,45-54,22,Month-to-month,44.77,312,7.7,0,Direct debit,0
NT-04366,18-24,28,Month-to-month,60.99,253,6.3,1,Direct debit,0
NT-04367,35-44,19,Month-to-month,38.12,232,16.1,1,Direct debit,0
NT-04368,25-34,28,Month-to-month,45.58,394,5.6,0,Bank transfer,1
NT-04369,25-34,27,One-year,18.83,489,17.8,1,Direct debit,0
NT-04370,25-34,24,Month-to-month,34.16,457,13.4,0,Credit card (tokenised),0
NT-04371,35-44,32,Month-to-month,39.32,282,6.1,1,Bank transfer,0
NT-04372,18-24,12,Month-to-month,27.0,534,13.3,0,Credit card (tokenised),0
NT-04373,35-44,69,One-year,41.07,283,15.5,0,Direct debit,0
NT-04374,35-44,27,Month-to-month,14.38,569,20.2,0,Credit card (tokenised),0
NT-04375,35-44,29,Month-to-month,44.0,799,6.0,0,Bank transfer,0
NT-04376,35-44,56,One-year,32.78,40,7.6,0,Direct debit,0
NT-04377,55-64,38,One-year,28.55,372,22.7,1,Bank transfer,0
NT-04378,25-34,24,Month-to-month,46.92,684,13.3,1,Direct debit,0
NT-04379,35-44,25,One-year,55.57,380,6.3,1,Direct debit,0
NT-04380,18-24,48,Month-to-month,48.7,691,18.8,0,Credit card (tokenised),1
NT-04381,18-24,51,Two-year,28.26,500,23.1,0,Credit card (tokenised),0
NT-04382,35-44,22,Month-to-month,46.02,241,11.3,1,Direct debit,0
NT-04383,35-44,55,Two-year,34.93,522,18.9,0,Direct debit,0
NT-04384,55-64,12,Two-year,51.55,99,8.7,0,Bank transfer,0
NT-04385,35-44,59,One-year,40.65,274,12.5,2,Direct debit,0
NT-04386,65+,35,Month-to-month,20.31,335,13.3,1,Direct debit,0
NT-04387,18-24,55,Month-to-month,35.1,283,5.1,2,Direct debit,1
NT-04388,18-24,40,Month-to-month,28.1,139,6.5,0,Credit card (tokenised),0
NT-04389,18-24,23,Two-year,28.67,343,13.4,1,Bank transfer,0
NT-04390,25-34,28,One-year,34.1,283,30.5,0,Direct debit,0
NT-04391,35-44,24,Two-year,41.29,171,6.0,1,Direct debit,0
NT-04392,45-54,20,One-year,48.9,812,9.4,0,Direct debit,0
NT-04393,18-24,37,Month-to-month,31.69,210,17.4,2,Credit card (tokenised),0
NT-04394,65+,10,Month-to-month,52.55,245,14.0,1,Credit card (tokenised),0
NT-04395,55-64,27,Month-to-month,17.57,387,6.5,0,Direct debit,1
NT-04396,25-34,31,Month-to-month,27.95,259,31.3,2,Direct debit,0
NT-04397,18-24,11,One-year,62.58,320,12.2,0,Direct debit,0
NT-04398,25-34,35,Two-year,24.29,505,11.5,0,Direct debit,0
NT-04399,18-24,40,One-year,53.02,104,11.7,0,Direct debit,0
NT-04400,18-24,37,Two-year,37.69,692,8.6,1,Bank transfer,0
NT-04401,35-44,37,Two-year,37.15,241,31.4,0,Direct debit,0
NT-04402,25-34,31,Month-to-month,49.22,123,2.2,0,Credit card (tokenised),0
NT-04403,25-34,17,Month-to-month,47.54,267,8.6,2,Credit card (tokenised),0
NT-04404,65+,60,One-year,54.01,302,4.4,1,Bank transfer,0
NT-04405,45-54,5,Month-to-month,35.04,86,8.4,0,Direct debit,1
NT-04406,65+,27,Month-to-month,39.72,466,23.6,0,Direct debit,0
NT-04407,25-34,23,Month-to-month,35.0,137,34.1,2,Direct debit,0
NT-04408,35-44,31,Two-year,24.66,384,5.5,0,Credit card (tokenised),0
NT-04409,35-44,20,Month-to-month,40.05,390,11.8,0,Direct debit,0
NT-04410,18-24,49,One-year,36.02,276,12.4,1,Bank transfer,0
NT-04411,18-24,12,One-year,15.54,213,6.3,0,Credit card (tokenised),0
NT-04412,45-54,22,One-year,51.31,553,12.3,1,Credit card (tokenised),0
NT-04413,45-54,26,One-year,39.78,244,29.3,1,Credit card (tokenised),0
NT-04414,35-44,37,One-year,29.6,303,3.5,2,Direct debit,0
NT-04415,35-44,37,Month-to-month,41.99,214,12.9,1,Direct debit,0
NT-04416,35-44,46,Month-to-month,31.71,235,15.0,0,Direct debit,0
NT-04417,18-24,43,Two-year,40.42,182,25.6,0,Direct debit,0
NT-04418,25-34,27,Month-to-month,54.65,296,6.3,2,Bank transfer,0
NT-04419,25-34,44,One-year,42.79,312,3.8,0,Credit card (tokenised),0
NT-04420,18-24,27,Month-to-month,32.16,236,6.1,1,Credit card (tokenised),0
NT-04421,65+,12,Month-to-month,25.63,211,9.0,1,Credit card (tokenised),1
NT-04422,45-54,13,Two-year,29.43,650,14.2,0,Credit card (tokenised),0
NT-04423,45-54,26,One-year,47.74,347,22.7,2,Credit card (tokenised),0
NT-04424,25-34,16,Month-to-month,37.32,581,15.1,0,Credit card (tokenised),0
NT-04425,35-44,28,Two-year,44.72,358,5.3,1,Direct debit,0
NT-04426,25-34,43,One-year,34.64,182,10.1,0,Credit card (tokenised),0
NT-04427,18-24,24,Month-to-month,26.8,325,10.7,0,Credit card (tokenised),0
NT-04428,25-34,9,One-year,45.19,402,12.7,4,Credit card (tokenised),0
NT-04429,55-64,38,Month-to-month,28.29,158,9.7,1,Direct debit,0
NT-04430,45-54,23,One-year,33.1,132,14.1,1,Direct debit,0
NT-04431,35-44,26,Month-to-month,23.31,288,7.3,1,Credit card (tokenised),0
NT-04432,35-44,79,Month-to-month,26.78,129,24.9,4,Bank transfer,0
NT-04433,65+,46,One-year,48.75,12,18.0,2,Bank transfer,0
NT-04434,18-24,51,Two-year,50.57,360,14.3,0,Credit card (tokenised),0
NT-04435,25-34,25,One-year,51.1,121,8.2,3,Bank transfer,0
NT-04436,25-34,71,Month-to-month,51.14,300,11.1,0,Direct debit,0
NT-04437,55-64,18,Two-year,33.75,234,6.6,2,Direct debit,0
NT-04438,65+,12,One-year,45.98,164,19.7,1,Direct debit,1
NT-04439,25-34,77,One-year,50.63,531,25.5,0,Credit card (tokenised),0
NT-04440,55-64,9,Month-to-month,27.53,419,21.5,1,Direct debit,0
NT-04441,55-64,23,Two-year,40.33,496,3.0,0,Direct debit,0
NT-04442,25-34,39,Two-year,36.47,678,11.5,1,Credit card (tokenised),0
NT-04443,35-44,25,One-year,15.54,444,2.5,0,Direct debit,0
NT-04444,35-44,21,Two-year,41.91,227,21.1,1,Credit card (tokenised),1
NT-04445,65+,30,Month-to-month,29.43,181,9.4,0,Direct debit,0
NT-04446,25-34,29,Two-year,50.61,192,1.4,0,Bank transfer,0
NT-04447,55-64,32,Month-to-month,28.85,632,9.9,0,Bank transfer,0
NT-04448,25-34,54,Month-to-month,41.95,161,26.8,0,Bank transfer,0
NT-04449,45-54,40,One-year,39.35,141,29.4,0,Credit card (tokenised),0
NT-04450,35-44,27,One-year,17.32,392,8.3,0,Credit card (tokenised),0
NT-04451,35-44,34,Month-to-month,34.16,228,14.2,1,Direct debit,0
NT-04452,55-64,4,Month-to-month,42.29,185,9.2,3,Credit card (tokenised),1
NT-04453,55-64,28,Month-to-month,50.28,264,24.0,0,Credit card (tokenised),0
NT-04454,55-64,35,Month-to-month,38.22,176,12.4,0,Direct debit,0
NT-04455,18-24,20,Month-to-month,48.87,902,6.8,1,Credit card (tokenised),0
NT-04456,45-54,24,Month-to-month,44.45,527,14.8,1,Credit card (tokenised),0
NT-04457,18-24,46,Month-to-month,44.85,614,14.9,3,Credit card (tokenised),0
NT-04458,35-44,16,Two-year,45.39,508,10.2,3,Direct debit,0
NT-04459,35-44,46,One-year,34.71,316,9.6,1,Credit card (tokenised),0
NT-04460,35-44,63,Month-to-month,26.13,792,24.4,0,Bank transfer,0
NT-04461,35-44,24,Two-year,56.84,277,11.7,0,Credit card (tokenised),1
NT-04462,65+,16,One-year,47.22,289,3.4,1,Direct debit,0
NT-04463,18-24,20,Month-to-month,37.18,694,5.0,0,Bank transfer,0
NT-04464,45-54,61,Month-to-month,45.41,657,12.2,1,Direct debit,0
NT-04465,35-44,16,Month-to-month,42.77,193,9.8,0,Direct debit,1
NT-04466,18-24,16,Month-to-month,27.75,640,9.6,0,Bank transfer,0
NT-04467,25-34,9,Month-to-month,33.95,412,3.7,1,Credit card (tokenised),0
NT-04468,65+,23,Month-to-month,53.92,170,16.3,1,Credit card (tokenised),0
NT-04469,55-64,32,Month-to-month,37.94,136,13.2,0,Direct debit,0
NT-04470,65+,57,One-year,42.5,156,10.9,0,Direct debit,0
NT-04471,65+,24,Month-to-month,53.12,510,2.9,1,Direct debit,0
NT-04472,25-34,38,One-year,37.9,193,5.6,1,Credit card (tokenised),0
NT-04473,25-34,20,One-year,26.82,370,3.5,2,Direct debit,0
NT-04474,45-54,15,Two-year,39.36,388,4.1,3,Direct debit,1
NT-04475,35-44,53,Month-to-month,31.3,204,4.6,1,Direct debit,0
NT-04476,35-44,32,Two-year,21.3,316,4.3,1,Credit card (tokenised),0
NT-04477,25-34,40,One-year,47.64,166,5.5,0,Direct debit,0
NT-04478,45-54,31,One-year,34.92,278,31.9,1,Bank transfer,0
NT-04479,35-44,12,One-year,12.0,233,11.5,0,Direct debit,0
NT-04480,25-34,46,Month-to-month,41.04,432,8.7,0,Credit card (tokenised),0
NT-04481,35-44,20,Two-year,41.19,571,14.8,2,Credit card (tokenised),0
NT-04482,35-44,37,Month-to-month,61.41,103,1.7,0,Credit card (tokenised),0
NT-04483,35-44,15,One-year,37.95,146,9.9,1,Direct debit,0
NT-04484,25-34,16,Month-to-month,50.81,547,15.7,0,Credit card (tokenised),1
NT-04485,45-54,21,Month-to-month,45.76,220,29.8,3,Direct debit,0
NT-04486,18-24,18,One-year,30.93,747,10.2,1,Credit card (tokenised),0
NT-04487,25-34,14,Two-year,42.18,617,6.7,0,Credit card (tokenised),0
NT-04488,55-64,76,Month-to-month,36.03,158,3.8,1,Direct debit,0
NT-04489,35-44,29,Two-year,29.75,390,10.3,1,Credit card (tokenised),0
NT-04490,25-34,11,One-year,31.8,290,6.7,0,Bank transfer,1
NT-04491,45-54,15,Month-to-month,30.17,79,7.5,2,Direct debit,0
NT-04492,35-44,18,Month-to-month,37.88,165,10.9,1,Direct debit,0
NT-04493,55-64,22,One-year,37.94,239,6.1,0,Credit card (tokenised),0
NT-04494,45-54,41,Month-to-month,31.4,69,2.8,1,Credit card (tokenised),0
NT-04495,45-54,32,Month-to-month,35.5,149,12.5,1,Direct debit,0
NT-04496,35-44,29,Month-to-month,15.49,370,5.6,0,Direct debit,0
NT-04497,18-24,12,Month-to-month,25.9,172,17.3,2,Direct debit,0
NT-04498,25-34,38,One-year,34.49,329,4.3,0,Direct debit,0
NT-04499,35-44,12,Month-to-month,58.06,282,21.5,1,Direct debit,1
NT-04500,45-54,26,Month-to-month,45.6,133,6.6,2,Bank transfer,0
NT-04501,35-44,34,Month-to-month,26.27,549,27.3,1,Direct debit,0
NT-04502,25-34,34,Month-to-month,57.38,60,2.8,3,Direct debit,0
NT-04503,18-24,31,Month-to-month,37.98,548,19.9,0,Bank transfer,0
NT-04504,35-44,32,One-year,24.38,197,5.9,1,Bank transfer,0
NT-04505,25-34,31,One-year,37.05,213,2.2,1,Direct debit,0
NT-04506,45-54,13,Month-to-month,49.82,314,4.9,1,Credit card (tokenised),0
NT-04507,18-24,13,Month-to-month,24.4,319,27.9,0,Credit card (tokenised),0
NT-04508,45-54,43,Month-to-month,25.57,367,7.4,1,Direct debit,1
NT-04509,65+,44,Month-to-month,59.68,413,13.2,0,Credit card (tokenised),0
NT-04510,25-34,16,One-year,41.56,350,7.4,0,Bank transfer,0
NT-04511,35-44,32,Month-to-month,32.34,380,10.2,0,Direct debit,0
NT-04512,18-24,35,Month-to-month,36.73,705,7.3,1,Direct debit,0
NT-04513,45-54,29,One-year,41.43,83,5.4,1,Credit card (tokenised),0
NT-04514,35-44,47,Month-to-month,35.68,247,13.6,1,Credit card (tokenised),0
NT-04515,35-44,23,One-year,54.2,311,2.2,1,Credit card (tokenised),0
NT-04516,35-44,24,Month-to-month,39.19,75,3.8,2,Direct debit,1
NT-04517,55-64,47,Month-to-month,45.96,100,15.0,2,Credit card (tokenised),0
NT-04518,25-34,14,One-year,39.0,95,9.5,0,Bank transfer,1
NT-04519,18-24,43,One-year,37.55,153,18.5,0,Direct debit,0
NT-04520,55-64,58,Month-to-month,48.72,412,30.5,0,Direct debit,0
NT-04521,35-44,37,One-year,48.97,133,15.1,1,Credit card (tokenised),1
NT-04522,55-64,28,One-year,18.4,188,30.6,0,Credit card (tokenised),0
NT-04523,45-54,14,Two-year,37.77,310,19.5,1,Bank transfer,0
NT-04524,55-64,31,One-year,62.6,247,7.4,2,Direct debit,0
NT-04525,35-44,19,Two-year,32.65,272,17.1,1,Credit card (tokenised),0
NT-04526,45-54,25,Month-to-month,43.45,517,26.2,0,Credit card (tokenised),0
NT-04527,65+,35,Month-to-month,52.97,412,13.3,3,Credit card (tokenised),0
NT-04528,35-44,18,Month-to-month,24.7,657,14.9,1,Credit card (tokenised),0
NT-04529,25-34,15,Month-to-month,33.52,122,4.9,1,Credit card (tokenised),0
NT-04530,25-34,22,Month-to-month,19.14,459,15.3,0,Direct debit,0
NT-04531,25-34,55,One-year,39.25,97,10.4,1,Credit card (tokenised),0
NT-04532,25-34,35,Month-to-month,42.62,72,7.4,1,Direct debit,0
NT-04533,25-34,19,One-year,45.72,416,20.7,2,Direct debit,0
NT-04534,35-44,20,Month-to-month,56.89,397,2.6,1,Credit card (tokenised),0
NT-04535,45-54,50,Month-to-month,38.76,166,13.7,3,Credit card (tokenised),0
NT-04536,35-44,13,Month-to-month,24.17,148,17.2,0,Credit card (tokenised),1
NT-04537,45-54,54,Month-to-month,27.43,387,9.1,0,Credit card (tokenised),0
NT-04538,18-24,17,Month-to-month,28.85,114,28.8,2,Direct debit,0
NT-04539,18-24,53,One-year,40.49,130,10.1,0,Credit card (tokenised),0
NT-04540,25-34,43,Month-to-month,66.2,294,4.8,1,Direct debit,0
NT-04541,35-44,16,Month-to-month,37.14,670,4.7,0,Bank transfer,0
NT-04542,25-34,40,One-year,54.49,310,10.5,0,Credit card (tokenised),0
NT-04543,25-34,11,Month-to-month,36.63,190,4.2,1,Direct debit,0
NT-04544,35-44,48,Month-to-month,24.06,417,34.3,2,Credit card (tokenised),0
NT-04545,55-64,16,Month-to-month,28.2,753,7.0,2,Bank transfer,1
NT-04546,18-24,48,Month-to-month,29.25,417,25.1,1,Direct debit,1
NT-04547,45-54,13,One-year,36.53,191,22.3,0,Direct debit,0
NT-04548,45-54,17,Two-year,42.87,154,12.9,1,Direct debit,0
NT-04549,55-64,61,One-year,30.1,1025,8.9,1,Direct debit,0
NT-04550,65+,37,Month-to-month,47.49,223,10.4,1,Credit card (tokenised),0
NT-04551,18-24,18,One-year,50.57,353,19.3,0,Credit card (tokenised),0
NT-04552,25-34,33,Month-to-month,34.84,538,12.0,1,Direct debit,1
NT-04553,55-64,33,Month-to-month,49.02,223,20.9,2,Bank transfer,0
NT-04554,35-44,25,Month-to-month,14.69,245,5.4,1,Credit card (tokenised),0
NT-04555,35-44,33,One-year,12.0,787,13.2,3,Bank transfer,0
NT-04556,45-54,50,One-year,47.99,310,7.1,2,Credit card (tokenised),0
NT-04557,45-54,43,One-year,32.94,494,6.5,0,Credit card (tokenised),0
NT-04558,65+,38,One-year,64.44,583,7.4,0,Credit card (tokenised),0
NT-04559,65+,17,Month-to-month,36.89,428,16.0,1,Direct debit,0
NT-04560,45-54,13,Month-to-month,26.0,204,14.4,1,Direct debit,0
NT-04561,25-34,28,One-year,58.24,173,1.3,1,Bank transfer,0
NT-04562,55-64,43,One-year,45.87,719,28.3,1,Direct debit,0
NT-04563,18-24,8,One-year,56.59,261,13.1,0,Credit card (tokenised),0
NT-04564,25-34,22,Month-to-month,30.96,97,6.0,1,Direct debit,0
NT-04565,55-64,36,One-year,42.37,1183,17.7,2,Bank transfer,0
NT-04566,25-34,54,Month-to-month,27.49,459,21.8,1,Credit card (tokenised),0
NT-04567,25-34,6,One-year,17.05,202,11.5,1,Credit card (tokenised),0
NT-04568,18-24,28,Month-to-month,46.91,294,9.8,1,Credit card (tokenised),0
NT-04569,55-64,21,Two-year,32.52,142,7.5,1,Credit card (tokenised),0
NT-04570,35-44,29,Month-to-month,26.05,197,16.0,2,Credit card (tokenised),0
NT-04571,45-54,38,One-year,21.34,110,15.2,2,Direct debit,0
NT-04572,25-34,10,One-year,40.19,28,19.6,2,Credit card (tokenised),0
NT-04573,45-54,17,Month-to-month,38.77,318,17.0,0,Direct debit,0
NT-04574,55-64,18,Month-to-month,32.2,513,14.1,0,Direct debit,0
NT-04575,25-34,24,One-year,29.91,751,12.0,1,Bank transfer,0
NT-04576,35-44,49,Month-to-month,47.19,730,12.8,1,Credit card (tokenised),0
NT-04577,25-34,16,Month-to-month,12.0,432,18.8,1,Bank transfer,1
NT-04578,65+,20,Two-year,45.57,398,17.9,1,Direct debit,0
NT-04579,45-54,13,One-year,43.58,594,9.8,0,Credit card (tokenised),0
NT-04580,65+,24,Month-to-month,23.24,127,8.6,2,Direct debit,0
NT-04581,25-34,25,One-year,14.79,125,31.1,1,Credit card (tokenised),0
NT-04582,55-64,26,Month-to-month,45.06,224,3.0,0,Credit card (tokenised),1
NT-04583,55-64,81,One-year,23.91,217,6.4,0,Credit card (tokenised),0
NT-04584,45-54,43,One-year,56.88,211,12.5,1,Direct debit,0
NT-04585,65+,28,One-year,63.42,263,24.0,3,Direct debit,0
NT-04586,35-44,37,Month-to-month,43.12,307,21.4,2,Credit card (tokenised),0
NT-04587,18-24,21,One-year,36.78,388,11.3,2,Credit card (tokenised),0
NT-04588,45-54,73,Month-to-month,35.37,321,3.1,1,Direct debit,0
NT-04589,45-54,44,Month-to-month,17.53,209,6.9,3,Direct debit,0
NT-04590,35-44,41,One-year,34.57,171,13.2,0,Direct debit,0
NT-04591,25-34,54,Month-to-month,32.5,362,16.5,0,Direct debit,0
NT-04592,35-44,64,One-year,30.37,640,22.9,0,Credit card (tokenised),0
NT-04593,25-34,16,One-year,42.7,272,10.3,2,Credit card (tokenised),0
NT-04594,35-44,51,Month-to-month,39.58,222,4.0,2,Direct debit,0
NT-04595,45-54,36,Month-to-month,47.43,274,3.1,2,Credit card (tokenised),0
NT-04596,45-54,33,One-year,32.68,368,8.8,0,Direct debit,0
NT-04597,25-34,60,Two-year,45.23,167,17.9,0,Credit card (tokenised),0
NT-04598,35-44,17,One-year,38.1,117,10.4,0,Credit card (tokenised),1
NT-04599,25-34,29,One-year,45.16,166,2.7,1,Bank transfer,0
NT-04600,25-34,27,Month-to-month,37.07,282,8.1,3,Credit card (tokenised),1
NT-04601,55-64,36,Month-to-month,59.34,200,22.3,2,Direct debit,1
NT-04602,65+,37,One-year,12.0,170,1.6,2,Credit card (tokenised),0
NT-04603,35-44,50,Month-to-month,45.51,236,8.3,1,Credit card (tokenised),0
NT-04604,45-54,30,Two-year,48.28,647,21.3,1,Direct debit,0
NT-04605,55-64,63,Month-to-month,22.8,256,5.8,1,Direct debit,1
NT-04606,55-64,38,Month-to-month,59.9,145,11.3,0,Direct debit,0
NT-04607,25-34,16,One-year,38.27,634,17.3,0,Credit card (tokenised),0
NT-04608,65+,21,One-year,36.5,503,36.4,1,Direct debit,0
NT-04609,35-44,41,One-year,42.46,332,18.2,2,Credit card (tokenised),0
NT-04610,25-34,36,Two-year,48.65,635,4.1,1,Credit card (tokenised),0
NT-04611,18-24,35,Two-year,39.59,384,25.1,2,Credit card (tokenised),0
NT-04612,35-44,67,Two-year,39.21,387,12.2,2,Credit card (tokenised),0
NT-04613,18-24,48,One-year,48.05,288,3.6,2,Credit card (tokenised),0
NT-04614,25-34,24,One-year,49.63,591,1.6,1,Direct debit,0
NT-04615,25-34,27,One-year,42.04,125,3.0,1,Direct debit,1
NT-04616,55-64,23,Month-to-month,19.43,507,6.8,1,Credit card (tokenised),1
NT-04617,55-64,18,Month-to-month,25.78,1154,9.8,0,Credit card (tokenised),0
NT-04618,25-34,70,Month-to-month,51.02,589,12.5,1,Direct debit,0
NT-04619,55-64,36,Month-to-month,34.66,474,17.3,0,Direct debit,0
NT-04620,55-64,15,Month-to-month,30.82,188,3.1,1,Credit card (tokenised),0
NT-04621,55-64,60,Month-to-month,43.28,868,5.9,1,Credit card (tokenised),0
NT-04622,25-34,20,Two-year,41.79,178,10.8,1,Credit card (tokenised),0
NT-04623,45-54,33,One-year,35.38,315,10.2,0,Direct debit,1
NT-04624,65+,31,Month-to-month,46.92,327,12.8,1,Credit card (tokenised),0
NT-04625,45-54,12,Month-to-month,22.78,46,8.4,0,Credit card (tokenised),0
NT-04626,25-34,9,One-year,17.21,379,19.8,1,Credit card (tokenised),0
NT-04627,35-44,43,One-year,56.03,193,14.8,1,Direct debit,0
NT-04628,45-54,53,Two-year,24.53,31,14.6,0,Direct debit,0
NT-04629,35-44,34,Two-year,20.29,512,3.4,0,Direct debit,0
NT-04630,18-24,92,Two-year,34.09,283,21.8,1,Bank transfer,0
NT-04631,25-34,21,Month-to-month,37.64,115,23.6,0,Credit card (tokenised),0
NT-04632,55-64,10,Month-to-month,32.26,509,3.3,0,Bank transfer,0
NT-04633,55-64,37,One-year,35.26,165,34.1,0,Credit card (tokenised),0
NT-04634,18-24,17,Month-to-month,20.94,178,11.6,1,Credit card (tokenised),0
NT-04635,65+,28,One-year,46.57,423,6.6,1,Credit card (tokenised),0
NT-04636,25-34,48,Month-to-month,19.64,82,6.4,1,Direct debit,0
NT-04637,45-54,22,One-year,38.27,314,2.7,2,Credit card (tokenised),0
NT-04638,45-54,28,Month-to-month,40.81,434,25.7,0,Direct debit,1
NT-04639,55-64,52,Month-to-month,45.79,134,6.9,2,Direct debit,1
NT-04640,65+,27,One-year,40.73,184,7.8,2,Direct debit,0
NT-04641,25-34,37,Two-year,24.94,365,3.1,3,Credit card (tokenised),0
NT-04642,55-64,39,Month-to-month,33.07,543,13.5,1,Credit card (tokenised),0
NT-04643,18-24,27,Two-year,29.55,826,10.9,1,Direct debit,0
NT-04644,45-54,27,One-year,19.12,643,26.3,0,Credit card (tokenised),0
NT-04645,45-54,29,One-year,43.23,568,2.4,1,Credit card (tokenised),0
NT-04646,45-54,21,One-year,28.92,411,12.9,2,Direct debit,0
NT-04647,25-34,36,One-year,39.78,178,3.5,0,Direct debit,0
NT-04648,55-64,21,Month-to-month,36.67,493,5.7,2,Credit card (tokenised),1
NT-04649,25-34,22,Month-to-month,24.37,269,10.8,1,Direct debit,0
NT-04650,18-24,17,Two-year,23.57,148,30.7,2,Credit card (tokenised),1
NT-04651,45-54,54,One-year,33.98,318,0.9,3,Credit card (tokenised),0
NT-04652,35-44,13,Month-to-month,22.24,654,1.3,2,Credit card (tokenised),0
NT-04653,55-64,68,One-year,49.87,134,3.6,2,Bank transfer,0
NT-04654,35-44,28,Month-to-month,54.14,1221,10.7,0,Credit card (tokenised),0
NT-04655,25-34,24,Month-to-month,47.4,263,2.9,0,Direct debit,0
NT-04656,55-64,17,Month-to-month,42.19,160,1.5,0,Credit card (tokenised),0
NT-04657,35-44,18,Month-to-month,38.74,238,13.6,1,Direct debit,0
NT-04658,25-34,21,Month-to-month,25.43,862,7.5,3,Credit card (tokenised),0
NT-04659,45-54,96,Month-to-month,47.93,213,21.7,1,Bank transfer,0
NT-04660,35-44,21,One-year,54.45,154,13.7,0,Direct debit,0
NT-04661,45-54,37,Month-to-month,33.93,506,13.9,0,Bank transfer,0
NT-04662,35-44,26,Month-to-month,37.56,539,5.7,0,Bank transfer,0
NT-04663,55-64,71,Month-to-month,28.31,73,23.4,0,Bank transfer,0
NT-04664,55-64,33,Month-to-month,34.03,623,4.1,0,Credit card (tokenised),0
NT-04665,45-54,15,Month-to-month,22.91,331,8.0,0,Credit card (tokenised),0
NT-04666,18-24,23,Month-to-month,34.53,277,11.4,2,Direct debit,0
NT-04667,55-64,84,Month-to-month,43.19,213,21.3,1,Credit card (tokenised),0
NT-04668,45-54,44,One-year,41.9,199,2.9,1,Credit card (tokenised),0
NT-04669,45-54,29,Month-to-month,41.01,360,14.3,0,Direct debit,0
NT-04670,35-44,17,Month-to-month,12.0,176,5.1,0,Credit card (tokenised),0
NT-04671,55-64,19,Month-to-month,38.58,613,8.2,0,Direct debit,1
NT-04672,45-54,16,Month-to-month,45.36,1413,20.9,0,Credit card (tokenised),0
NT-04673,18-24,11,One-year,37.89,294,8.4,2,Bank transfer,1
NT-04674,35-44,43,Month-to-month,51.62,905,8.2,2,Credit card (tokenised),0
NT-04675,55-64,39,Month-to-month,36.8,366,4.1,2,Credit card (tokenised),0
NT-04676,18-24,31,Month-to-month,42.77,300,4.0,2,Credit card (tokenised),0
NT-04677,65+,57,One-year,25.97,424,14.9,1,Direct debit,0
NT-04678,45-54,42,Month-to-month,45.03,363,11.4,2,Direct debit,0
NT-04679,45-54,13,One-year,47.44,441,13.6,2,Credit card (tokenised),0
NT-04680,25-34,96,Month-to-month,29.44,440,8.3,1,Direct debit,0
NT-04681,25-34,29,Month-to-month,20.85,228,8.7,0,Bank transfer,0
NT-04682,65+,45,One-year,32.59,347,15.2,0,Bank transfer,0
NT-04683,25-34,29,One-year,26.02,443,11.5,2,Direct debit,0
NT-04684,55-64,31,One-year,45.19,497,1.1,1,Direct debit,0
NT-04685,35-44,11,Month-to-month,32.13,151,27.4,1,Credit card (tokenised),1
NT-04686,18-24,21,Month-to-month,46.62,252,6.2,0,Credit card (tokenised),1
NT-04687,18-24,37,Month-to-month,19.23,236,19.9,2,Direct debit,0
NT-04688,35-44,27,One-year,28.06,106,20.3,1,Direct debit,0
NT-04689,65+,12,One-year,28.83,352,15.7,1,Credit card (tokenised),0
NT-04690,35-44,45,Month-to-month,41.31,375,17.5,0,Credit card (tokenised),0
NT-04691,25-34,26,One-year,13.08,723,35.5,3,Direct debit,0
NT-04692,25-34,31,One-year,34.7,186,1.3,2,Credit card (tokenised),0
NT-04693,35-44,13,Month-to-month,33.63,294,14.5,0,Bank transfer,0
NT-04694,35-44,10,Two-year,42.34,595,20.1,2,Direct debit,1
NT-04695,55-64,32,One-year,38.6,443,2.5,0,Direct debit,0
NT-04696,35-44,54,Month-to-month,26.55,862,17.3,0,Bank transfer,0
NT-04697,35-44,44,Two-year,12.0,391,3.9,0,Direct debit,0
NT-04698,18-24,41,Month-to-month,28.75,306,7.3,0,Direct debit,1
NT-04699,65+,33,One-year,22.8,226,8.8,0,Credit card (tokenised),0
NT-04700,25-34,14,One-year,23.5,160,5.7,3,Direct debit,0
NT-04701,18-24,8,Month-to-month,29.18,336,9.6,2,Credit card (tokenised),1
NT-04702,45-54,90,Month-to-month,47.81,246,12.2,0,Direct debit,0
NT-04703,45-54,26,Two-year,22.77,321,3.1,1,Credit card (tokenised),0
NT-04704,35-44,21,Month-to-month,15.74,738,22.3,1,Direct debit,1
NT-04705,35-44,30,Month-to-month,31.05,391,12.8,2,Bank transfer,0
NT-04706,55-64,17,Month-to-month,34.66,92,19.9,1,Credit card (tokenised),0
NT-04707,25-34,23,Two-year,33.86,151,11.4,0,Credit card (tokenised),0
NT-04708,55-64,67,Two-year,30.09,295,33.2,0,Direct debit,0
NT-04709,45-54,35,Month-to-month,35.06,241,20.8,1,Bank transfer,0
NT-04710,35-44,39,Two-year,40.59,680,9.0,1,Direct debit,0
NT-04711,35-44,28,Month-to-month,27.54,304,5.4,1,Direct debit,1
NT-04712,25-34,50,Two-year,50.03,217,5.6,0,Direct debit,0
NT-04713,45-54,50,One-year,35.8,598,5.9,1,Bank transfer,1
NT-04714,35-44,26,Month-to-month,49.75,317,18.7,0,Credit card (tokenised),0
NT-04715,25-34,29,Month-to-month,41.16,40,11.4,0,Bank transfer,0
NT-04716,45-54,55,Month-to-month,22.88,266,31.4,0,Direct debit,0
NT-04717,65+,30,Month-to-month,14.54,429,9.6,1,Credit card (tokenised),0
NT-04718,35-44,24,One-year,50.78,223,9.2,0,Credit card (tokenised),0
NT-04719,65+,25,Month-to-month,27.05,448,6.7,1,Credit card (tokenised),1
NT-04720,25-34,23,Two-year,36.83,553,6.3,0,Credit card (tokenised),0
NT-04721,18-24,30,One-year,30.77,469,2.2,0,Credit card (tokenised),0
NT-04722,25-34,23,One-year,54.11,340,23.0,0,Bank transfer,1
NT-04723,35-44,30,Month-to-month,37.1,339,3.3,1,Credit card (tokenised),0
NT-04724,25-34,20,Two-year,21.44,214,5.6,0,Bank transfer,0
NT-04725,18-24,35,One-year,34.83,189,8.7,1,Credit card (tokenised),0
NT-04726,65+,38,Two-year,51.5,431,2.3,3,Bank transfer,0
NT-04727,55-64,41,Two-year,27.56,237,7.2,2,Credit card (tokenised),0
NT-04728,45-54,38,Month-to-month,19.26,196,4.1,1,Credit card (tokenised),1
NT-04729,25-34,48,Month-to-month,46.76,279,9.6,0,Direct debit,0
NT-04730,18-24,31,One-year,26.25,291,42.3,1,Credit card (tokenised),0
NT-04731,18-24,30,Two-year,17.6,361,8.1,1,Direct debit,1
NT-04732,45-54,21,One-year,26.66,138,13.3,1,Direct debit,0
NT-04733,65+,43,Month-to-month,40.67,278,18.5,0,Credit card (tokenised),0
NT-04734,35-44,22,One-year,42.64,246,6.0,1,Credit card (tokenised),0
NT-04735,18-24,10,Month-to-month,42.13,446,1.3,2,Credit card (tokenised),0
NT-04736,35-44,21,Month-to-month,25.06,484,3.3,0,Credit card (tokenised),0
NT-04737,25-34,45,Month-to-month,48.16,318,11.5,0,Credit card (tokenised),0
NT-04738,35-44,41,Month-to-month,46.2,384,2.5,2,Credit card (tokenised),0
NT-04739,45-54,34,Month-to-month,43.19,294,10.4,0,Credit card (tokenised),0
NT-04740,45-54,81,Two-year,24.74,589,11.9,0,Credit card (tokenised),0
NT-04741,18-24,35,One-year,30.19,582,3.9,0,Credit card (tokenised),0
NT-04742,18-24,19,Two-year,41.38,185,11.0,1,Direct debit,0
NT-04743,65+,18,One-year,44.55,114,7.0,0,Credit card (tokenised),0
NT-04744,25-34,38,Month-to-month,25.45,467,13.8,2,Direct debit,0
NT-04745,18-24,59,One-year,58.61,135,16.1,0,Bank transfer,0
NT-04746,25-34,30,Two-year,35.97,612,5.9,2,Credit card (tokenised),0
NT-04747,18-24,36,Two-year,49.01,135,34.2,0,Credit card (tokenised),1
NT-04748,35-44,37,One-year,22.72,484,2.4,1,Direct debit,0
NT-04749,55-64,83,Month-to-month,40.1,306,4.4,1,Credit card (tokenised),0
NT-04750,25-34,47,Month-to-month,22.44,874,5.8,1,Credit card (tokenised),1
NT-04751,35-44,53,Month-to-month,39.45,620,13.8,2,Direct debit,0
NT-04752,45-54,18,Two-year,43.19,113,2.5,1,Credit card (tokenised),0
NT-04753,35-44,22,Month-to-month,43.85,158,25.3,2,Credit card (tokenised),0
NT-04754,55-64,21,Two-year,28.79,433,6.4,0,Direct debit,0
NT-04755,55-64,26,Month-to-month,15.81,549,7.7,1,Direct debit,0
NT-04756,18-24,31,One-year,41.51,130,4.2,1,Direct debit,0
NT-04757,55-64,35,Month-to-month,32.86,496,12.6,0,Direct debit,0
NT-04758,35-44,29,Month-to-month,32.85,345,16.8,1,Direct debit,0
NT-04759,65+,21,Month-to-month,26.57,388,7.7,2,Direct debit,0
NT-04760,35-44,16,One-year,37.0,177,24.1,0,Credit card (tokenised),0
NT-04761,65+,37,Month-to-month,37.58,761,7.5,0,Bank transfer,0
NT-04762,45-54,42,One-year,50.3,378,8.5,1,Direct debit,0
NT-04763,25-34,27,Month-to-month,13.44,247,6.8,1,Direct debit,0
NT-04764,35-44,11,One-year,21.77,265,14.3,1,Direct debit,0
NT-04765,65+,47,Month-to-month,43.16,252,10.5,1,Direct debit,0
NT-04766,55-64,26,One-year,12.0,371,6.3,0,Direct debit,0
NT-04767,18-24,14,Month-to-month,28.97,323,11.0,0,Credit card (tokenised),0
NT-04768,45-54,29,One-year,66.14,116,14.8,2,Direct debit,0
NT-04769,25-34,48,Month-to-month,34.31,101,12.4,1,Direct debit,0
NT-04770,18-24,24,One-year,46.03,487,6.1,1,Credit card (tokenised),1
NT-04771,35-44,6,Two-year,17.46,403,11.9,1,Direct debit,0
NT-04772,25-34,26,Month-to-month,46.04,733,4.9,1,Direct debit,0
NT-04773,55-64,20,Month-to-month,33.11,127,7.7,1,Bank transfer,0
NT-04774,25-34,32,One-year,41.11,301,5.2,0,Credit card (tokenised),0
NT-04775,55-64,30,One-year,44.32,307,9.7,0,Direct debit,0
NT-04776,18-24,23,Month-to-month,31.47,44,15.3,2,Direct debit,0
NT-04777,25-34,22,Month-to-month,43.48,284,31.6,0,Direct debit,1
NT-04778,25-34,55,Month-to-month,24.19,436,23.5,0,Bank transfer,0
NT-04779,25-34,38,Month-to-month,38.29,581,34.1,4,Bank transfer,0
NT-04780,18-24,38,Month-to-month,43.88,132,18.8,1,Direct debit,0
NT-04781,25-34,45,One-year,31.17,395,25.6,3,Direct debit,0
NT-04782,35-44,26,Month-to-month,26.09,96,0.3,3,Bank transfer,0
NT-04783,25-34,63,One-year,32.17,237,41.3,0,Direct debit,0
NT-04784,35-44,35,Two-year,50.72,344,9.2,2,Direct debit,0
NT-04785,35-44,31,Month-to-month,48.88,302,41.6,2,Direct debit,1
NT-04786,55-64,35,One-year,46.77,90,30.3,0,Credit card (tokenised),0
NT-04787,65+,25,Two-year,56.09,128,11.3,0,Direct debit,0
NT-04788,35-44,21,Month-to-month,38.08,165,1.3,0,Direct debit,0
NT-04789,25-34,51,Month-to-month,40.11,373,19.1,2,Credit card (tokenised),1
NT-04790,18-24,15,Two-year,14.08,273,0.4,0,Credit card (tokenised),0
NT-04791,65+,16,Two-year,27.08,210,16.7,0,Bank transfer,0
NT-04792,18-24,28,Month-to-month,44.14,402,2.2,2,Direct debit,0
NT-04793,25-34,19,Month-to-month,48.42,387,10.6,3,Credit card (tokenised),0
NT-04794,25-34,11,Month-to-month,22.49,185,18.4,2,Direct debit,1
NT-04795,25-34,16,Month-to-month,36.88,330,15.6,3,Direct debit,1
NT-04796,25-34,19,Month-to-month,63.91,386,16.7,0,Direct debit,0
NT-04797,55-64,36,One-year,36.95,172,16.7,1,Credit card (tokenised),0
NT-04798,18-24,27,Two-year,55.34,226,19.5,1,Credit card (tokenised),0
NT-04799,45-54,46,Month-to-month,42.17,257,6.3,0,Direct debit,0
NT-04800,18-24,7,One-year,44.74,434,23.0,2,Credit card (tokenised),0
NT-04801,18-24,15,Month-to-month,27.09,479,4.5,3,Credit card (tokenised),1
NT-04802,65+,17,Month-to-month,18.69,402,22.9,1,Direct debit,1
NT-04803,25-34,33,Month-to-month,46.67,105,15.7,3,Direct debit,1
NT-04804,55-64,20,Month-to-month,41.69,165,11.5,0,Direct debit,0
NT-04805,35-44,25,Month-to-month,38.73,428,6.0,1,Credit card (tokenised),1
NT-04806,18-24,16,Two-year,22.07,458,3.0,3,Credit card (tokenised),0
NT-04807,65+,15,Month-to-month,33.72,314,5.8,1,Direct debit,1
NT-04808,25-34,20,One-year,30.6,270,6.0,1,Direct debit,0
NT-04809,55-64,48,Month-to-month,31.77,533,18.9,1,Direct debit,0
NT-04810,25-34,13,Month-to-month,40.74,66,3.2,0,Credit card (tokenised),1
NT-04811,55-64,51,One-year,46.47,226,12.7,1,Direct debit,0
NT-04812,18-24,46,One-year,41.43,651,14.3,0,Bank transfer,0
NT-04813,35-44,23,Month-to-month,40.33,643,3.5,1,Direct debit,0
NT-04814,55-64,30,One-year,39.36,124,18.5,0,Credit card (tokenised),0
NT-04815,65+,34,Two-year,35.9,206,13.2,0,Direct debit,0
NT-04816,65+,41,One-year,28.03,392,23.6,0,Direct debit,0
NT-04817,55-64,17,Month-to-month,38.56,272,20.5,1,Direct debit,0
NT-04818,55-64,43,One-year,46.97,361,12.9,1,Credit card (tokenised),0
NT-04819,25-34,31,Month-to-month,36.62,110,5.4,1,Direct debit,0
NT-04820,25-34,18,One-year,26.96,520,5.4,1,Credit card (tokenised),0
NT-04821,25-34,31,Month-to-month,23.65,317,3.5,1,Direct debit,0
NT-04822,35-44,18,Month-to-month,26.55,257,4.3,2,Direct debit,1
NT-04823,35-44,29,One-year,24.28,463,14.6,0,Bank transfer,0
NT-04824,35-44,23,Month-to-month,72.69,342,11.1,1,Direct debit,1
NT-04825,25-34,32,Month-to-month,27.47,401,2.5,1,Bank transfer,1
NT-04826,45-54,33,Two-year,37.54,307,15.0,1,Credit card (tokenised),0
NT-04827,25-34,54,Two-year,36.96,224,21.0,0,Credit card (tokenised),0
NT-04828,25-34,40,Month-to-month,54.96,429,21.9,0,Direct debit,0
NT-04829,35-44,36,Month-to-month,43.15,570,2.1,0,Direct debit,0
NT-04830,55-64,11,Month-to-month,43.09,629,20.8,0,Direct debit,0
NT-04831,45-54,47,Month-to-month,40.09,245,14.8,2,Credit card (tokenised),0
NT-04832,45-54,24,Two-year,41.3,137,7.4,1,Bank transfer,0
NT-04833,25-34,16,One-year,41.87,426,28.9,2,Direct debit,0
NT-04834,35-44,74,Month-to-month,30.47,190,5.7,1,Credit card (tokenised),0
NT-04835,18-24,20,Month-to-month,26.99,250,0.2,0,Credit card (tokenised),0
NT-04836,35-44,57,One-year,38.7,474,7.6,2,Credit card (tokenised),0
NT-04837,35-44,35,One-year,31.56,265,6.4,1,Direct debit,0
NT-04838,18-24,38,One-year,40.21,120,13.9,1,Direct debit,0
NT-04839,25-34,29,Month-to-month,25.05,274,15.9,0,Direct debit,0
NT-04840,65+,18,Month-to-month,20.31,460,16.5,1,Direct debit,0
NT-04841,65+,42,Month-to-month,22.65,465,10.9,1,Direct debit,0
NT-04842,25-34,33,Month-to-month,37.11,742,11.3,0,Direct debit,0
NT-04843,18-24,33,Month-to-month,18.61,273,27.9,0,Direct debit,0
NT-04844,25-34,31,One-year,61.4,282,1.6,1,Credit card (tokenised),1
NT-04845,35-44,26,Month-to-month,61.43,393,17.0,0,Bank transfer,0
NT-04846,65+,42,Two-year,48.63,143,12.0,0,Bank transfer,0
NT-04847,25-34,38,Month-to-month,33.57,590,7.6,0,Direct debit,0
NT-04848,55-64,45,Month-to-month,32.2,460,9.6,3,Direct debit,0
NT-04849,18-24,26,Month-to-month,41.56,306,12.2,0,Bank transfer,0
NT-04850,65+,25,Month-to-month,45.16,341,4.8,0,Credit card (tokenised),0
NT-04851,35-44,22,Two-year,41.56,491,14.6,0,Bank transfer,0
NT-04852,55-64,31,Month-to-month,22.27,905,15.7,1,Credit card (tokenised),1
NT-04853,25-34,11,Month-to-month,35.72,317,16.7,1,Bank transfer,0
NT-04854,45-54,92,Two-year,44.4,205,24.2,0,Direct debit,0
NT-04855,25-34,21,Month-to-month,12.0,262,4.4,1,Credit card (tokenised),0
NT-04856,25-34,53,Month-to-month,24.74,529,6.0,1,Credit card (tokenised),0
NT-04857,65+,23,Month-to-month,44.31,365,3.1,0,Direct debit,1
NT-04858,65+,12,Month-to-month,34.25,666,12.4,0,Credit card (tokenised),1
NT-04859,55-64,39,Month-to-month,34.27,104,8.4,3,Direct debit,0
NT-04860,45-54,65,Month-to-month,51.3,289,20.7,0,Direct debit,0
NT-04861,55-64,38,One-year,37.35,517,29.3,0,Bank transfer,0
NT-04862,18-24,64,Two-year,32.32,107,26.6,1,Credit card (tokenised),0
NT-04863,25-34,52,Month-to-month,34.3,88,12.4,0,Direct debit,0
NT-04864,25-34,17,Month-to-month,34.69,506,39.5,0,Direct debit,0
NT-04865,45-54,42,Month-to-month,27.99,236,14.5,1,Direct debit,0
NT-04866,25-34,35,One-year,35.33,430,4.9,2,Direct debit,0
NT-04867,25-34,20,Month-to-month,24.32,140,4.7,0,Direct debit,1
NT-04868,45-54,49,One-year,34.0,245,13.6,0,Credit card (tokenised),0
NT-04869,55-64,15,One-year,31.81,364,16.9,0,Credit card (tokenised),0
NT-04870,35-44,48,Month-to-month,40.78,144,5.0,0,Direct debit,0
NT-04871,18-24,43,One-year,56.17,131,9.0,2,Direct debit,0
NT-04872,25-34,32,Month-to-month,41.11,315,1.2,2,Direct debit,1
NT-04873,25-34,22,Month-to-month,39.24,96,1.6,1,Direct debit,1
NT-04874,25-34,42,Month-to-month,40.81,182,4.1,1,Credit card (tokenised),0
NT-04875,45-54,9,Month-to-month,27.65,488,8.9,1,Bank transfer,0
NT-04876,45-54,19,One-year,46.42,394,12.4,2,Bank transfer,0
NT-04877,45-54,30,One-year,42.88,474,7.7,0,Direct debit,0
NT-04878,35-44,32,Month-to-month,37.46,383,6.1,0,Direct debit,0
NT-04879,55-64,20,Two-year,42.26,26,14.5,0,Credit card (tokenised),0
NT-04880,25-34,20,Month-to-month,41.93,120,11.1,1,Credit card (tokenised),0
NT-04881,35-44,39,Month-to-month,41.95,183,9.5,3,Direct debit,1
NT-04882,55-64,18,Month-to-month,49.93,677,3.6,0,Credit card (tokenised),0
NT-04883,25-34,25,One-year,28.9,502,10.0,1,Credit card (tokenised),0
NT-04884,18-24,15,Two-year,53.73,621,6.7,0,Credit card (tokenised),0
NT-04885,55-64,30,One-year,18.77,587,2.1,2,Direct debit,0
NT-04886,25-34,27,Two-year,45.94,495,14.6,1,Bank transfer,0
NT-04887,45-54,9,Month-to-month,40.01,136,20.3,1,Credit card (tokenised),1
NT-04888,18-24,13,Month-to-month,26.45,284,6.3,1,Credit card (tokenised),0
NT-04889,45-54,55,Month-to-month,50.35,219,9.9,1,Bank transfer,1
NT-04890,25-34,20,One-year,16.24,194,4.3,1,Credit card (tokenised),1
NT-04891,18-24,36,Month-to-month,57.5,566,5.0,0,Bank transfer,1
NT-04892,45-54,17,Two-year,65.08,373,9.5,0,Credit card (tokenised),0
NT-04893,25-34,59,Month-to-month,36.04,228,19.1,1,Direct debit,0
NT-04894,35-44,11,Month-to-month,25.67,594,14.9,1,Direct debit,0
NT-04895,18-24,52,Month-to-month,31.07,136,9.8,1,Direct debit,0
NT-04896,25-34,31,One-year,49.7,455,6.3,3,Direct debit,0
NT-04897,25-34,42,Month-to-month,34.13,77,4.6,0,Direct debit,0
NT-04898,18-24,55,Month-to-month,12.0,328,4.9,0,Credit card (tokenised),0
NT-04899,65+,34,Month-to-month,42.6,152,3.9,1,Direct debit,0
NT-04900,18-24,66,One-year,48.73,183,23.5,0,Credit card (tokenised),0
NT-04901,35-44,55,One-year,44.17,477,3.4,0,Bank transfer,0
NT-04902,18-24,41,One-year,46.08,199,10.6,4,Direct debit,1
NT-04903,25-34,50,Month-to-month,57.25,135,29.4,1,Direct debit,0
NT-04904,65+,30,Two-year,35.46,404,7.3,0,Bank transfer,0
NT-04905,25-34,18,One-year,58.62,463,26.6,0,Direct debit,0
NT-04906,65+,86,Month-to-month,36.15,71,12.5,1,Direct debit,0
NT-04907,25-34,31,Month-to-month,51.52,698,18.0,1,Direct debit,0
NT-04908,45-54,35,Month-to-month,36.29,219,4.3,2,Direct debit,0
NT-04909,35-44,14,Month-to-month,62.46,207,10.7,0,Credit card (tokenised),0
NT-04910,55-64,57,Two-year,45.78,56,7.7,0,Credit card (tokenised),0
NT-04911,35-44,34,One-year,36.85,415,4.5,0,Direct debit,0
NT-04912,35-44,39,Two-year,23.61,150,8.8,0,Credit card (tokenised),0
NT-04913,25-34,42,Month-to-month,40.47,234,17.6,0,Direct debit,0
NT-04914,25-34,20,One-year,28.17,435,11.8,0,Direct debit,0
NT-04915,65+,56,Month-to-month,43.29,234,1.7,0,Credit card (tokenised),1
NT-04916,25-34,36,Month-to-month,45.91,217,4.8,0,Credit card (tokenised),0
NT-04917,35-44,9,One-year,50.48,284,2.0,1,Direct debit,0
NT-04918,45-54,51,Month-to-month,44.45,391,14.1,0,Credit card (tokenised),0
NT-04919,25-34,28,One-year,38.96,508,29.1,1,Credit card (tokenised),0
NT-04920,65+,21,One-year,53.89,76,10.6,1,Bank transfer,1
NT-04921,45-54,11,One-year,55.29,494,3.5,1,Credit card (tokenised),0
NT-04922,45-54,25,Month-to-month,25.37,458,2.0,2,Direct debit,0
NT-04923,55-64,23,One-year,59.14,193,28.5,0,Credit card (tokenised),1
NT-04924,18-24,53,Two-year,52.75,369,4.1,0,Direct debit,0
NT-04925,25-34,22,Two-year,27.76,345,5.6,0,Direct debit,0
NT-04926,35-44,13,One-year,15.45,408,10.8,0,Credit card (tokenised),0
NT-04927,25-34,39,One-year,52.45,326,4.6,1,Bank transfer,0
NT-04928,45-54,55,Month-to-month,40.47,115,7.8,1,Direct debit,0
NT-04929,65+,25,One-year,32.54,393,14.5,0,Direct debit,0
NT-04930,35-44,73,One-year,41.77,154,12.0,0,Credit card (tokenised),0
NT-04931,25-34,50,One-year,52.24,569,11.4,1,Bank transfer,0
NT-04932,65+,57,One-year,13.62,920,9.1,0,Credit card (tokenised),0
NT-04933,35-44,39,Month-to-month,39.51,280,11.2,1,Credit card (tokenised),0
NT-04934,35-44,36,Month-to-month,38.69,123,20.1,0,Bank transfer,0
NT-04935,25-34,22,One-year,55.96,193,3.6,3,Credit card (tokenised),0
NT-04936,65+,65,Month-to-month,47.94,581,14.6,0,Credit card (tokenised),0
NT-04937,35-44,59,Month-to-month,47.83,487,14.9,2,Credit card (tokenised),0
NT-04938,55-64,66,Month-to-month,32.67,440,3.5,3,Credit card (tokenised),0
NT-04939,55-64,30,Month-to-month,46.03,632,19.9,0,Credit card (tokenised),0
NT-04940,25-34,26,One-year,32.18,185,6.5,1,Credit card (tokenised),0
NT-04941,35-44,44,Month-to-month,36.7,290,6.5,3,Credit card (tokenised),0
NT-04942,55-64,24,Month-to-month,44.89,213,6.4,1,Credit card (tokenised),1
NT-04943,35-44,30,Month-to-month,39.02,353,30.6,1,Credit card (tokenised),0
NT-04944,55-64,10,Month-to-month,41.79,449,9.3,1,Direct debit,0
NT-04945,65+,35,Month-to-month,53.76,200,7.8,1,Credit card (tokenised),0
NT-04946,45-54,41,Month-to-month,33.62,570,9.8,2,Direct debit,0
NT-04947,45-54,58,Two-year,25.55,216,8.8,2,Direct debit,0
NT-04948,55-64,45,Month-to-month,27.12,306,8.3,0,Bank transfer,0
NT-04949,55-64,49,One-year,24.51,516,6.9,1,Direct debit,0
NT-04950,35-44,71,Two-year,57.29,422,26.2,1,Credit card (tokenised),0
NT-04951,18-24,19,Two-year,45.85,261,8.5,0,Credit card (tokenised),1
NT-04952,35-44,18,Month-to-month,50.85,403,5.3,1,Credit card (tokenised),0
NT-04953,45-54,34,Month-to-month,48.7,305,23.6,0,Direct debit,0
NT-04954,35-44,16,Month-to-month,35.62,346,15.2,0,Direct debit,0
NT-04955,45-54,36,Month-to-month,57.56,327,19.4,0,Direct debit,0
NT-04956,25-34,17,Month-to-month,29.71,93,5.3,1,Direct debit,0
NT-04957,45-54,19,One-year,62.15,272,10.0,1,Direct debit,0
NT-04958,25-34,12,Month-to-month,39.48,383,19.5,1,Credit card (tokenised),1
NT-04959,45-54,35,Month-to-month,59.46,836,26.7,0,Direct debit,0
NT-04960,35-44,14,Month-to-month,25.41,281,10.9,1,Bank transfer,0
NT-04961,25-34,40,Two-year,32.82,633,11.3,0,Credit card (tokenised),0
NT-04962,25-34,43,One-year,18.77,203,14.3,0,Credit card (tokenised),0
NT-04963,45-54,21,Month-to-month,50.51,593,24.7,0,Credit card (tokenised),0
NT-04964,35-44,46,Month-to-month,41.04,839,13.3,0,Direct debit,1
NT-04965,25-34,43,Month-to-month,62.2,78,30.5,0,Credit card (tokenised),0
NT-04966,65+,52,One-year,32.19,167,14.1,1,Bank transfer,0
NT-04967,45-54,20,One-year,54.04,300,11.8,1,Credit card (tokenised),0
NT-04968,65+,19,One-year,38.96,66,10.2,1,Credit card (tokenised),0
NT-04969,35-44,42,Month-to-month,36.87,191,10.3,0,Bank transfer,0
NT-04970,35-44,33,One-year,34.53,316,21.9,0,Credit card (tokenised),0
NT-04971,55-64,35,One-year,27.86,100,8.1,0,Direct debit,0
NT-04972,35-44,59,Two-year,42.49,93,4.6,0,Direct debit,0
NT-04973,45-54,13,One-year,40.54,131,6.8,1,Direct debit,0
NT-04974,25-34,47,Month-to-month,19.13,181,20.7,1,Bank transfer,1
NT-04975,35-44,43,Month-to-month,12.0,564,5.3,0,Direct debit,0
NT-04976,18-24,41,Month-to-month,34.24,234,17.5,0,Direct debit,0
NT-04977,25-34,49,One-year,51.94,414,6.8,2,Credit card (tokenised),0
NT-04978,18-24,28,One-year,40.66,259,4.1,0,Direct debit,0
NT-04979,18-24,16,Month-to-month,22.37,231,7.7,0,Direct debit,0
NT-04980,65+,22,Month-to-month,16.71,398,20.2,1,Credit card (tokenised),0
NT-04981,25-34,21,Month-to-month,51.86,295,29.1,3,Credit card (tokenised),0
NT-04982,45-54,5,Two-year,18.16,391,8.0,1,Credit card (tokenised),0
NT-04983,55-64,41,Month-to-month,47.11,411,18.4,0,Direct debit,0
NT-04984,35-44,26,Month-to-month,44.83,167,6.3,1,Credit card (tokenised),0
NT-04985,25-34,28,Month-to-month,57.62,579,0.7,1,Bank transfer,0
NT-04986,45-54,23,Month-to-month,30.45,627,7.5,0,Credit card (tokenised),0
NT-04987,45-54,30,One-year,49.27,74,22.2,1,Credit card (tokenised),1
NT-04988,45-54,63,Two-year,54.8,469,2.8,3,Direct debit,0
NT-04989,55-64,11,Month-to-month,21.95,404,5.4,1,Bank transfer,0
NT-04990,65+,69,One-year,39.6,87,21.6,0,Credit card (tokenised),1
NT-04991,35-44,34,Month-to-month,37.52,307,13.1,0,Bank transfer,0
NT-04992,25-34,24,Two-year,25.23,348,11.6,0,Direct debit,0
NT-04993,45-54,25,Month-to-month,41.17,149,3.6,0,Credit card (tokenised),0
NT-04994,18-24,19,Month-to-month,23.97,182,6.1,0,Bank transfer,0
NT-04995,55-64,9,Month-to-month,42.59,223,10.2,3,Direct debit,0
NT-04996,18-24,17,Month-to-month,64.09,264,14.9,0,Bank transfer,1
NT-04997,25-34,30,Month-to-month,35.55,191,40.1,1,Direct debit,0
NT-04998,55-64,27,One-year,36.86,192,13.8,3,Direct debit,0
NT-04999,45-54,38,One-year,55.0,69,12.0,0,Credit card (tokenised),0
NT-05000,35-44,23,Month-to-month,53.11,490,13.7,0,Direct debit,0
NT-05001,35-44,21,One-year,30.59,222,2.5,0,Credit card (tokenised),0
NT-05002,55-64,80,Month-to-month,46.26,297,16.5,2,Direct debit,0
NT-05003,25-34,19,One-year,12.0,636,2.3,1,Credit card (tokenised),0
NT-05004,55-64,20,One-year,25.95,121,25.5,1,Credit card (tokenised),0
NT-05005,18-24,49,One-year,50.84,232,4.7,0,Direct debit,1
NT-05006,55-64,43,Month-to-month,31.88,395,3.8,1,Direct debit,0
NT-05007,55-64,25,Month-to-month,35.6,453,3.4,0,Bank transfer,0
NT-05008,25-34,45,Month-to-month,26.91,158,11.7,1,Credit card (tokenised),0
NT-05009,35-44,32,Month-to-month,24.98,334,9.6,2,Bank transfer,1
NT-05010,25-34,23,One-year,12.0,148,14.8,0,Direct debit,0
NT-05011,45-54,42,Month-to-month,33.64,120,9.4,0,Credit card (tokenised),0
NT-05012,35-44,31,Month-to-month,43.59,562,10.3,0,Bank transfer,0
NT-05013,45-54,9,Month-to-month,40.96,224,2.6,1,Direct debit,0
NT-05014,25-34,42,Month-to-month,28.02,649,15.8,1,Credit card (tokenised),0
NT-05015,25-34,28,One-year,20.85,167,15.0,0,Direct debit,0
NT-05016,18-24,60,Month-to-month,33.51,404,17.9,1,Credit card (tokenised),0
NT-05017,25-34,46,One-year,22.05,160,10.2,2,Direct debit,1
NT-05018,35-44,33,Month-to-month,28.79,260,12.1,1,Credit card (tokenised),0
NT-05019,55-64,25,Two-year,39.55,57,15.9,1,Direct debit,0
NT-05020,45-54,30,Two-year,27.54,416,16.3,0,Direct debit,0
NT-05021,35-44,18,One-year,53.44,237,15.2,1,Direct debit,0
NT-05022,65+,33,Two-year,25.45,240,18.5,0,Credit card (tokenised),0
NT-05023,45-54,63,Month-to-month,30.74,221,21.4,1,Direct debit,0
NT-05024,65+,73,Two-year,48.2,360,8.4,0,Direct debit,0
NT-05025,35-44,54,One-year,46.29,213,10.6,0,Bank transfer,0
NT-05026,25-34,32,Two-year,44.2,314,16.0,1,Direct debit,0
NT-05027,18-24,13,One-year,30.34,164,5.6,1,Credit card (tokenised),0
NT-05028,45-54,29,One-year,45.01,489,4.7,0,Direct debit,0
NT-05029,18-24,48,Month-to-month,47.5,196,4.8,0,Direct debit,0
NT-05030,25-34,45,Month-to-month,43.3,320,6.1,1,Direct debit,0
NT-05031,35-44,28,Month-to-month,37.61,651,7.2,0,Bank transfer,1
NT-05032,35-44,27,Two-year,44.93,342,14.7,1,Credit card (tokenised),0
NT-05033,45-54,37,Month-to-month,37.09,428,10.3,1,Direct debit,0
NT-05034,25-34,31,One-year,42.85,353,32.6,0,Direct debit,0
NT-05035,35-44,29,Month-to-month,38.9,320,5.3,2,Credit card (tokenised),1
NT-05036,45-54,28,Month-to-month,19.87,275,41.1,2,Direct debit,0
NT-05037,65+,57,Two-year,31.0,111,16.9,0,Bank transfer,0
NT-05038,45-54,17,Two-year,62.97,208,4.8,2,Credit card (tokenised),0
NT-05039,65+,26,One-year,14.75,154,1.9,0,Bank transfer,0
NT-05040,55-64,27,Month-to-month,56.63,244,4.4,0,Direct debit,0
NT-05041,45-54,33,Month-to-month,45.51,115,1.9,1,Direct debit,0
NT-05042,25-34,31,Month-to-month,38.41,265,10.3,0,Bank transfer,1
NT-05043,45-54,30,Month-to-month,17.84,601,15.5,1,Direct debit,0
NT-05044,45-54,18,Month-to-month,37.99,605,8.9,0,Direct debit,0
NT-05045,45-54,31,Month-to-month,29.04,398,6.3,2,Credit card (tokenised),0
NT-05046,35-44,41,Month-to-month,52.27,206,4.7,1,Direct debit,0
NT-05047,35-44,34,One-year,30.0,264,23.9,0,Bank transfer,0
NT-05048,25-34,17,Month-to-month,34.69,498,7.3,1,Bank transfer,0
NT-05049,35-44,32,Month-to-month,40.95,313,21.6,1,Direct debit,0
NT-05050,25-34,31,Month-to-month,30.27,793,2.1,0,Direct debit,0
NT-05051,55-64,25,Two-year,49.5,407,29.4,1,Direct debit,1
NT-05052,25-34,34,Month-to-month,34.45,395,12.1,0,Direct debit,0
NT-05053,18-24,22,Month-to-month,15.43,371,6.4,0,Direct debit,1
NT-05054,35-44,42,Month-to-month,39.81,309,5.1,1,Direct debit,1
NT-05055,45-54,71,Two-year,47.69,310,12.7,1,Direct debit,0
NT-05056,35-44,44,One-year,55.26,334,10.6,0,Credit card (tokenised),0
NT-05057,25-34,20,One-year,44.63,337,7.1,1,Credit card (tokenised),0
NT-05058,35-44,41,Month-to-month,51.84,116,2.1,0,Bank transfer,0
NT-05059,25-34,46,One-year,43.89,49,9.9,2,Direct debit,0
NT-05060,65+,37,One-year,26.49,168,47.0,2,Credit card (tokenised),0
NT-05061,65+,38,One-year,28.63,226,10.3,0,Credit card (tokenised),0
NT-05062,35-44,29,Two-year,12.0,584,3.2,1,Credit card (tokenised),0
NT-05063,25-34,15,Month-to-month,35.4,484,3.0,0,Credit card (tokenised),1
NT-05064,45-54,28,Month-to-month,45.83,170,2.3,2,Direct debit,0
NT-05065,18-24,18,Two-year,19.07,238,16.6,0,Direct debit,0
NT-05066,35-44,27,One-year,53.53,244,26.3,0,Direct debit,0
NT-05067,25-34,23,Month-to-month,36.77,841,3.8,0,Direct debit,0
NT-05068,65+,18,Month-to-month,27.24,339,5.0,0,Credit card (tokenised),0
NT-05069,18-24,56,Two-year,19.0,804,23.3,1,Direct debit,0
NT-05070,35-44,30,Month-to-month,57.93,406,15.0,0,Direct debit,0
NT-05071,45-54,23,Month-to-month,52.19,338,2.4,1,Direct debit,0
NT-05072,35-44,3,Month-to-month,33.16,62,15.7,1,Direct debit,1
NT-05073,18-24,12,Two-year,49.15,277,15.4,0,Direct debit,1
NT-05074,65+,45,Two-year,35.49,453,33.8,0,Credit card (tokenised),0
NT-05075,35-44,34,Month-to-month,30.75,209,8.7,1,Direct debit,0
NT-05076,45-54,76,One-year,30.16,593,7.3,0,Bank transfer,0
NT-05077,25-34,21,Month-to-month,35.21,583,2.8,0,Direct debit,0
NT-05078,35-44,54,Month-to-month,33.22,90,10.5,3,Direct debit,0
NT-05079,35-44,28,One-year,38.74,87,6.9,2,Direct debit,0
NT-05080,18-24,19,Month-to-month,57.3,658,14.4,0,Credit card (tokenised),0
NT-05081,18-24,25,Month-to-month,65.34,175,15.7,2,Credit card (tokenised),0
NT-05082,55-64,32,One-year,23.57,185,11.0,1,Bank transfer,0
NT-05083,25-34,23,Month-to-month,43.51,99,27.3,1,Direct debit,1
NT-05084,25-34,16,Month-to-month,40.52,232,6.7,1,Direct debit,0
NT-05085,35-44,18,One-year,44.37,229,6.2,2,Bank transfer,0
NT-05086,55-64,39,One-year,32.6,196,23.0,2,Credit card (tokenised),0
NT-05087,18-24,17,Month-to-month,44.53,679,13.3,0,Direct debit,1
NT-05088,35-44,22,Month-to-month,21.44,656,8.8,0,Bank transfer,0
NT-05089,18-24,17,One-year,78.59,271,24.7,0,Credit card (tokenised),0
NT-05090,18-24,35,Two-year,41.49,539,8.9,0,Direct debit,0
NT-05091,18-24,94,Month-to-month,46.76,338,6.2,1,Direct debit,0
NT-05092,55-64,38,Two-year,24.58,547,7.9,1,Credit card (tokenised),0
NT-05093,18-24,20,One-year,29.66,721,8.7,0,Credit card (tokenised),1
NT-05094,18-24,34,One-year,20.38,305,4.7,1,Direct debit,0
NT-05095,35-44,21,Month-to-month,55.48,19,9.2,1,Direct debit,1
NT-05096,55-64,33,Month-to-month,24.68,550,10.6,0,Direct debit,0
NT-05097,25-34,60,Month-to-month,35.73,196,17.1,0,Credit card (tokenised),0
NT-05098,35-44,29,Month-to-month,36.27,475,22.7,1,Direct debit,1
NT-05099,18-24,36,Two-year,43.68,977,23.0,2,Credit card (tokenised),0
NT-05100,35-44,30,Month-to-month,22.49,304,10.3,1,Credit card (tokenised),0
NT-05101,35-44,47,One-year,48.32,680,5.7,1,Credit card (tokenised),0
NT-05102,35-44,42,Month-to-month,52.94,480,4.4,0,Credit card (tokenised),1
NT-05103,25-34,25,One-year,30.08,646,5.7,0,Credit card (tokenised),0
NT-05104,25-34,42,Month-to-month,37.56,437,2.6,0,Credit card (tokenised),0
NT-05105,18-24,33,Month-to-month,45.52,408,5.4,1,Direct debit,0
NT-05106,35-44,24,Month-to-month,41.07,393,50.3,1,Direct debit,0
NT-05107,18-24,24,One-year,26.0,301,24.9,1,Credit card (tokenised),0
NT-05108,55-64,33,Month-to-month,46.42,1093,11.6,3,Direct debit,1
NT-05109,65+,35,Month-to-month,56.15,351,8.0,1,Credit card (tokenised),1
NT-05110,65+,28,Month-to-month,56.11,515,14.0,1,Credit card (tokenised),0
NT-05111,55-64,36,Two-year,44.9,127,4.4,1,Direct debit,0
NT-05112,45-54,20,One-year,47.19,914,8.6,0,Credit card (tokenised),0
NT-05113,45-54,17,One-year,33.33,619,14.1,1,Credit card (tokenised),0
NT-05114,25-34,13,One-year,26.99,186,23.5,0,Credit card (tokenised),0
NT-05115,45-54,39,Month-to-month,37.18,432,5.7,0,Direct debit,0
NT-05116,35-44,12,One-year,65.17,429,3.9,0,Credit card (tokenised),0
NT-05117,35-44,36,Month-to-month,31.63,538,5.8,0,Direct debit,0
NT-05118,45-54,23,Month-to-month,43.21,305,0.5,2,Direct debit,0
NT-05119,25-34,26,One-year,42.53,148,5.2,0,Credit card (tokenised),0
NT-05120,25-34,26,One-year,33.51,376,6.3,0,Direct debit,0
NT-05121,65+,86,Month-to-month,55.8,171,33.0,2,Credit card (tokenised),0
NT-05122,18-24,22,Month-to-month,57.07,997,11.9,1,Credit card (tokenised),0
NT-05123,35-44,18,One-year,70.0,381,5.0,2,Direct debit,0
NT-05124,65+,69,One-year,28.42,106,7.3,0,Direct debit,0
NT-05125,45-54,14,Month-to-month,42.89,256,6.1,0,Direct debit,0
NT-05126,35-44,15,Month-to-month,39.06,376,6.3,1,Direct debit,0
NT-05127,25-34,45,Two-year,29.76,1102,14.2,2,Credit card (tokenised),0
NT-05128,25-34,36,One-year,30.01,153,4.4,1,Direct debit,0
NT-05129,55-64,24,Two-year,40.0,127,3.7,2,Credit card (tokenised),0
NT-05130,35-44,17,Month-to-month,32.4,340,20.4,1,Bank transfer,0
NT-05131,35-44,9,Month-to-month,26.24,342,12.3,0,Credit card (tokenised),0
NT-05132,18-24,61,Month-to-month,39.48,397,1.0,0,Direct debit,0
NT-05133,18-24,42,One-year,24.72,421,11.2,2,Credit card (tokenised),0
NT-05134,65+,58,Month-to-month,32.4,360,3.8,1,Direct debit,0
NT-05135,35-44,50,Month-to-month,42.34,838,3.0,1,Credit card (tokenised),0
NT-05136,45-54,37,Month-to-month,36.38,369,22.4,1,Bank transfer,0
NT-05137,18-24,22,One-year,34.91,194,5.0,3,Credit card (tokenised),0
NT-05138,45-54,17,Month-to-month,59.71,527,7.9,1,Direct debit,0
NT-05139,65+,52,One-year,54.83,503,10.1,2,Credit card (tokenised),0
NT-05140,35-44,23,Two-year,38.99,245,23.0,3,Direct debit,0
NT-05141,18-24,18,One-year,25.83,76,3.6,0,Bank transfer,0
NT-05142,45-54,21,Month-to-month,47.73,240,12.7,1,Bank transfer,0
NT-05143,55-64,53,Two-year,68.31,347,10.9,0,Credit card (tokenised),0
NT-05144,35-44,18,Month-to-month,54.38,63,13.3,0,Direct debit,0
NT-05145,55-64,24,Month-to-month,22.4,194,11.7,1,Credit card (tokenised),0
NT-05146,45-54,28,Two-year,35.63,126,8.1,2,Direct debit,0
NT-05147,55-64,33,Month-to-month,29.2,150,10.0,0,Direct debit,0
NT-05148,45-54,18,Month-to-month,26.89,347,27.5,0,Direct debit,0
NT-05149,18-24,28,Month-to-month,51.62,355,12.7,2,Direct debit,0
NT-05150,25-34,46,Month-to-month,51.37,186,11.9,1,Credit card (tokenised),1
NT-05151,25-34,76,One-year,59.31,488,5.3,1,Credit card (tokenised),0
NT-05152,65+,16,Month-to-month,46.14,530,31.9,0,Bank transfer,0
NT-05153,55-64,17,One-year,37.46,111,12.0,0,Direct debit,0
NT-05154,45-54,19,One-year,40.25,668,17.1,0,Direct debit,0
NT-05155,25-34,40,Month-to-month,27.13,349,3.7,0,Direct debit,0
NT-05156,25-34,17,Month-to-month,54.44,489,6.7,0,Bank transfer,1
NT-05157,45-54,27,Month-to-month,29.11,492,5.0,1,Direct debit,0
NT-05158,35-44,26,One-year,33.1,308,14.8,1,Bank transfer,0
NT-05159,25-34,79,One-year,34.36,571,2.6,0,Bank transfer,0
NT-05160,45-54,22,Two-year,12.0,357,15.0,1,Direct debit,0
NT-05161,18-24,21,Month-to-month,48.41,614,14.5,0,Direct debit,0
NT-05162,25-34,40,Month-to-month,26.63,103,1.7,1,Direct debit,0
NT-05163,35-44,34,Month-to-month,46.27,702,14.1,0,Direct debit,0
NT-05164,25-34,20,Month-to-month,32.62,879,7.4,1,Direct debit,0
NT-05165,65+,55,Month-to-month,32.51,351,32.7,0,Credit card (tokenised),0
NT-05166,25-34,13,Two-year,24.67,482,16.1,1,Credit card (tokenised),0
NT-05167,18-24,29,Month-to-month,54.66,332,7.3,1,Direct debit,1
NT-05168,25-34,25,Two-year,57.33,65,10.7,1,Direct debit,0
NT-05169,55-64,27,Month-to-month,50.0,137,18.3,1,Credit card (tokenised),0
NT-05170,35-44,20,Two-year,41.18,389,2.1,0,Direct debit,0
NT-05171,35-44,28,Month-to-month,39.63,175,9.6,2,Credit card (tokenised),1
NT-05172,18-24,33,Two-year,51.04,983,17.7,0,Direct debit,0
NT-05173,18-24,7,Month-to-month,36.49,518,8.0,0,Direct debit,1
NT-05174,35-44,23,Two-year,53.81,644,14.0,1,Credit card (tokenised),0
NT-05175,55-64,19,Month-to-month,26.45,136,9.2,0,Credit card (tokenised),0
NT-05176,55-64,66,Month-to-month,49.78,280,1.8,0,Direct debit,0
NT-05177,18-24,37,Month-to-month,53.42,133,15.1,0,Direct debit,0
NT-05178,35-44,18,Month-to-month,24.82,598,22.6,0,Direct debit,1
NT-05179,65+,22,One-year,27.93,102,3.5,3,Direct debit,0
NT-05180,35-44,25,Two-year,37.47,412,10.8,0,Credit card (tokenised),0
NT-05181,55-64,22,One-year,43.08,99,4.1,1,Direct debit,0
NT-05182,18-24,38,One-year,30.59,244,3.5,0,Direct debit,0
NT-05183,65+,61,Month-to-month,39.11,281,6.1,0,Direct debit,0
NT-05184,45-54,4,One-year,13.21,694,14.5,1,Credit card (tokenised),0
NT-05185,65+,25,Month-to-month,47.18,500,5.8,1,Direct debit,1
NT-05186,45-54,75,Two-year,47.74,368,5.1,1,Bank transfer,0
NT-05187,35-44,25,Month-to-month,56.25,159,7.2,2,Direct debit,1
NT-05188,65+,33,One-year,44.89,165,8.0,2,Direct debit,0
NT-05189,25-34,8,Month-to-month,33.56,213,9.8,0,Bank transfer,1
NT-05190,25-34,55,Month-to-month,25.83,285,30.5,0,Credit card (tokenised),0
NT-05191,45-54,16,Month-to-month,28.24,288,35.8,0,Direct debit,1
NT-05192,55-64,36,Month-to-month,36.93,530,10.1,1,Credit card (tokenised),0
NT-05193,65+,17,Month-to-month,27.84,230,15.0,0,Direct debit,0
NT-05194,25-34,5,Month-to-month,28.78,504,1.6,0,Credit card (tokenised),1
NT-05195,55-64,34,One-year,37.55,381,22.2,0,Direct debit,0
NT-05196,45-54,42,Month-to-month,18.66,174,11.4,0,Bank transfer,0
NT-05197,18-24,28,Two-year,26.11,419,1.9,1,Credit card (tokenised),0
NT-05198,35-44,15,Month-to-month,40.62,317,18.9,0,Credit card (tokenised),0
NT-05199,25-34,83,Month-to-month,41.2,83,14.4,0,Credit card (tokenised),0
NT-05200,25-34,41,One-year,48.38,122,16.3,0,Direct debit,0
NT-05201,65+,32,Month-to-month,39.86,447,41.5,0,Bank transfer,0
NT-05202,45-54,51,Month-to-month,38.37,222,10.2,0,Direct debit,0
NT-05203,45-54,22,One-year,45.64,354,13.3,0,Direct debit,0
NT-05204,65+,70,Month-to-month,40.28,565,11.2,0,Credit card (tokenised),0
NT-05205,35-44,42,One-year,26.33,281,6.1,0,Bank transfer,0
NT-05206,55-64,48,Month-to-month,28.41,590,20.9,1,Direct debit,0
NT-05207,35-44,24,Month-to-month,58.12,127,10.6,1,Bank transfer,0
NT-05208,55-64,16,One-year,76.6,582,12.8,0,Direct debit,0
NT-05209,25-34,32,One-year,46.83,175,25.2,0,Credit card (tokenised),0
NT-05210,65+,22,Month-to-month,25.9,372,13.1,1,Credit card (tokenised),1
NT-05211,25-34,74,One-year,60.79,488,20.7,0,Direct debit,0
NT-05212,25-34,13,Two-year,32.84,783,2.4,1,Bank transfer,0
NT-05213,45-54,57,Month-to-month,43.1,1058,6.6,1,Direct debit,0
NT-05214,35-44,11,Month-to-month,37.76,135,18.7,1,Credit card (tokenised),0
NT-05215,45-54,17,Two-year,40.23,858,9.0,4,Credit card (tokenised),0
NT-05216,35-44,10,Month-to-month,32.72,402,41.9,0,Credit card (tokenised),1
NT-05217,45-54,22,Month-to-month,53.57,210,6.6,0,Credit card (tokenised),1
NT-05218,25-34,26,Month-to-month,35.79,661,38.8,1,Direct debit,0
NT-05219,18-24,20,One-year,45.35,442,3.5,1,Credit card (tokenised),0
NT-05220,25-34,36,Two-year,45.09,354,1.8,2,Credit card (tokenised),0
NT-05221,35-44,26,One-year,36.67,348,3.4,0,Bank transfer,0
NT-05222,25-34,8,Two-year,19.94,731,20.8,0,Direct debit,0
NT-05223,25-34,17,Month-to-month,28.07,421,2.4,0,Credit card (tokenised),0
NT-05224,35-44,24,Month-to-month,46.54,467,4.1,1,Direct debit,0
NT-05225,18-24,50,One-year,41.69,543,5.9,1,Direct debit,0
NT-05226,45-54,31,Two-year,28.22,185,28.8,0,Direct debit,0
NT-05227,55-64,23,Month-to-month,38.52,494,15.7,0,Direct debit,0
NT-05228,25-34,12,Month-to-month,40.52,402,9.2,0,Credit card (tokenised),0
NT-05229,45-54,32,Month-to-month,44.99,671,1.0,0,Credit card (tokenised),0
NT-05230,45-54,55,Month-to-month,59.84,485,12.1,0,Credit card (tokenised),0
NT-05231,35-44,25,Month-to-month,12.0,124,2.7,0,Bank transfer,0
NT-05232,45-54,18,Month-to-month,52.53,217,13.2,1,Direct debit,0
NT-05233,35-44,39,Two-year,40.61,512,16.4,0,Direct debit,0
NT-05234,35-44,50,Month-to-month,25.64,301,12.9,1,Direct debit,0
NT-05235,18-24,27,One-year,39.98,227,21.2,0,Credit card (tokenised),0
NT-05236,45-54,41,Month-to-month,55.36,175,5.9,1,Credit card (tokenised),0
NT-05237,45-54,23,Month-to-month,58.95,272,22.0,2,Credit card (tokenised),0
NT-05238,18-24,42,One-year,25.75,333,6.5,1,Credit card (tokenised),0
NT-05239,35-44,57,Two-year,27.82,288,3.8,0,Credit card (tokenised),0
NT-05240,65+,45,Month-to-month,22.48,435,6.2,0,Credit card (tokenised),0
NT-05241,35-44,38,Two-year,40.8,144,10.1,1,Direct debit,0
NT-05242,35-44,66,One-year,41.39,289,3.4,0,Bank transfer,0
NT-05243,65+,25,Month-to-month,49.85,350,9.1,0,Direct debit,0
NT-05244,45-54,38,Month-to-month,43.3,439,13.4,0,Direct debit,0
NT-05245,45-54,26,One-year,48.72,332,5.7,0,Credit card (tokenised),0
NT-05246,55-64,38,Month-to-month,21.36,271,20.2,2,Direct debit,0
NT-05247,55-64,41,Month-to-month,59.03,192,8.9,2,Credit card (tokenised),0
NT-05248,35-44,47,Month-to-month,53.57,409,1.8,0,Credit card (tokenised),0
NT-05249,35-44,30,Month-to-month,31.65,329,8.7,2,Direct debit,0
NT-05250,35-44,9,Two-year,28.55,286,2.4,2,Direct debit,0
NT-05251,65+,26,Month-to-month,46.95,297,2.3,2,Direct debit,0
NT-05252,45-54,41,Month-to-month,19.26,162,4.5,1,Bank transfer,0
NT-05253,18-24,34,Month-to-month,29.18,328,18.3,2,Credit card (tokenised),1
NT-05254,55-64,37,One-year,25.67,205,12.3,2,Credit card (tokenised),1
NT-05255,35-44,43,One-year,36.84,297,1.6,1,Direct debit,0
NT-05256,18-24,16,Two-year,32.67,351,19.2,1,Credit card (tokenised),0
NT-05257,35-44,44,One-year,28.58,233,26.4,1,Credit card (tokenised),0
NT-05258,35-44,68,One-year,27.4,82,11.4,0,Direct debit,0
NT-05259,55-64,24,Month-to-month,30.33,688,5.4,3,Direct debit,0
NT-05260,25-34,47,Month-to-month,23.72,174,7.4,2,Direct debit,0
NT-05261,55-64,31,One-year,44.51,336,14.1,0,Direct debit,0
NT-05262,35-44,36,One-year,51.51,396,0.4,1,Direct debit,0
NT-05263,18-24,45,Two-year,42.82,495,7.3,1,Credit card (tokenised),0
NT-05264,65+,34,One-year,54.59,85,2.6,2,Credit card (tokenised),0
NT-05265,35-44,23,Month-to-month,27.91,263,11.8,3,Direct debit,0
NT-05266,25-34,35,Month-to-month,29.02,623,3.7,1,Credit card (tokenised),1
NT-05267,35-44,18,Month-to-month,43.31,822,31.1,2,Credit card (tokenised),0
NT-05268,55-64,12,Month-to-month,44.87,240,13.6,4,Credit card (tokenised),1
NT-05269,25-34,7,Month-to-month,38.18,378,12.6,0,Credit card (tokenised),0
NT-05270,25-34,59,Month-to-month,37.7,199,8.3,1,Direct debit,0
NT-05271,18-24,37,Month-to-month,25.21,332,4.8,1,Direct debit,0
NT-05272,25-34,42,One-year,12.0,524,2.8,1,Direct debit,0
NT-05273,55-64,33,Month-to-month,44.69,200,14.5,0,Credit card (tokenised),0
NT-05274,35-44,11,One-year,49.78,358,2.9,1,Direct debit,0
NT-05275,25-34,57,Month-to-month,32.77,474,7.9,0,Credit card (tokenised),0
NT-05276,25-34,23,Month-to-month,31.37,408,6.8,0,Credit card (tokenised),0
NT-05277,25-34,8,Two-year,30.09,114,19.6,2,Bank transfer,0
NT-05278,65+,26,Month-to-month,33.5,395,16.0,1,Credit card (tokenised),0
NT-05279,25-34,53,Two-year,50.07,127,24.2,1,Direct debit,0
NT-05280,65+,18,Month-to-month,26.78,70,4.3,0,Bank transfer,0
NT-05281,35-44,25,Month-to-month,45.75,150,7.5,0,Credit card (tokenised),0
NT-05282,25-34,24,Month-to-month,32.03,180,17.6,3,Credit card (tokenised),0
NT-05283,55-64,17,Month-to-month,14.07,157,13.0,0,Direct debit,0
NT-05284,35-44,31,Month-to-month,33.88,328,6.2,0,Bank transfer,0
NT-05285,45-54,19,One-year,57.67,849,44.1,2,Direct debit,1
NT-05286,65+,58,Month-to-month,29.78,283,24.5,1,Direct debit,0
NT-05287,18-24,12,One-year,35.15,378,13.5,2,Direct debit,0
NT-05288,18-24,14,Month-to-month,38.1,528,1.8,1,Credit card (tokenised),0
NT-05289,45-54,25,Month-to-month,40.37,760,10.5,0,Credit card (tokenised),0
NT-05290,25-34,29,Two-year,56.51,325,8.0,0,Bank transfer,0
NT-05291,25-34,20,Two-year,28.48,155,17.7,0,Direct debit,0
NT-05292,18-24,43,Month-to-month,38.13,674,4.2,0,Direct debit,0
NT-05293,18-24,27,Month-to-month,47.1,242,7.1,1,Credit card (tokenised),0
NT-05294,55-64,38,Month-to-month,29.43,630,18.7,2,Direct debit,0
NT-05295,18-24,56,Two-year,38.88,471,14.4,3,Credit card (tokenised),0
NT-05296,35-44,65,Month-to-month,49.79,512,3.1,0,Direct debit,0
NT-05297,45-54,25,One-year,31.76,577,20.7,0,Credit card (tokenised),1
NT-05298,35-44,31,Month-to-month,35.92,420,10.7,2,Credit card (tokenised),1
NT-05299,18-24,4,Two-year,24.18,241,7.2,2,Direct debit,0
NT-05300,55-64,34,Month-to-month,49.36,511,24.4,0,Direct debit,0
NT-05301,18-24,26,Month-to-month,39.9,153,7.4,2,Direct debit,0
NT-05302,55-64,17,One-year,32.9,594,16.5,0,Credit card (tokenised),0
NT-05303,55-64,49,Two-year,34.3,886,29.4,0,Credit card (tokenised),0
NT-05304,35-44,17,Two-year,37.89,153,16.5,0,Credit card (tokenised),0
NT-05305,35-44,51,One-year,42.01,86,11.1,1,Bank transfer,0
NT-05306,35-44,37,One-year,30.17,491,12.7,3,Bank transfer,0
NT-05307,35-44,34,One-year,31.11,351,0.3,2,Direct debit,0
NT-05308,55-64,20,One-year,34.84,107,13.8,0,Credit card (tokenised),0
NT-05309,55-64,9,Two-year,39.81,113,9.8,0,Credit card (tokenised),0
NT-05310,25-34,48,Month-to-month,57.27,439,12.8,2,Credit card (tokenised),0
NT-05311,45-54,19,One-year,28.37,387,2.9,0,Bank transfer,0
NT-05312,65+,38,Month-to-month,18.16,119,27.8,1,Direct debit,0
NT-05313,65+,39,One-year,54.8,668,3.0,0,Direct debit,0
NT-05314,35-44,29,Two-year,27.47,485,4.7,1,Direct debit,0
NT-05315,35-44,34,Month-to-month,55.61,289,16.2,0,Direct debit,1
NT-05316,25-34,37,Month-to-month,52.92,237,7.0,2,Credit card (tokenised),0
NT-05317,65+,32,Month-to-month,44.53,250,7.6,2,Credit card (tokenised),0
NT-05318,25-34,18,Month-to-month,52.59,180,7.0,0,Credit card (tokenised),0
NT-05319,35-44,12,Month-to-month,16.02,960,6.1,0,Direct debit,0
NT-05320,25-34,20,Two-year,21.77,271,17.4,2,Bank transfer,0
NT-05321,25-34,24,One-year,41.41,419,36.3,1,Bank transfer,0
NT-05322,35-44,57,Two-year,33.36,145,10.4,0,Credit card (tokenised),0
NT-05323,65+,15,Month-to-month,28.58,259,9.5,1,Direct debit,1
NT-05324,18-24,61,Two-year,47.7,354,5.0,0,Direct debit,0
NT-05325,35-44,71,One-year,41.09,341,13.2,0,Credit card (tokenised),0
NT-05326,18-24,21,Month-to-month,50.59,37,8.8,4,Bank transfer,0
NT-05327,25-34,70,One-year,33.54,273,20.3,1,Credit card (tokenised),0
NT-05328,35-44,27,Two-year,37.8,563,3.5,2,Credit card (tokenised),1
NT-05329,35-44,25,Month-to-month,56.48,115,8.3,0,Credit card (tokenised),0
NT-05330,25-34,57,One-year,22.6,1038,16.8,0,Credit card (tokenised),0
NT-05331,25-34,33,Two-year,36.97,361,15.4,1,Credit card (tokenised),0
NT-05332,18-24,30,Month-to-month,27.51,400,10.4,1,Credit card (tokenised),0
NT-05333,25-34,20,One-year,58.35,112,6.1,2,Credit card (tokenised),1
NT-05334,65+,21,Month-to-month,66.87,362,6.0,0,Direct debit,0
NT-05335,65+,31,Month-to-month,40.52,348,15.7,2,Bank transfer,0
NT-05336,25-34,57,One-year,43.91,118,20.0,0,Bank transfer,0
NT-05337,35-44,15,Month-to-month,36.76,608,21.2,0,Credit card (tokenised),1
NT-05338,65+,28,One-year,36.29,184,8.4,0,Credit card (tokenised),0
NT-05339,18-24,13,Month-to-month,39.0,290,6.6,0,Direct debit,0
NT-05340,55-64,20,Month-to-month,21.81,627,12.8,0,Credit card (tokenised),0
NT-05341,65+,41,Month-to-month,45.92,134,8.8,0,Bank transfer,0
NT-05342,18-24,18,Month-to-month,26.18,179,6.9,0,Credit card (tokenised),0
NT-05343,25-34,50,Month-to-month,33.75,313,8.1,1,Direct debit,0
NT-05344,65+,18,One-year,38.4,335,15.1,1,Credit card (tokenised),0
NT-05345,35-44,22,Two-year,28.85,436,6.9,1,Credit card (tokenised),0
NT-05346,18-24,9,Two-year,45.17,880,6.8,0,Credit card (tokenised),0
NT-05347,25-34,50,Month-to-month,32.29,667,9.2,2,Bank transfer,0
NT-05348,35-44,46,Two-year,50.79,487,4.6,0,Direct debit,0
NT-05349,45-54,13,Two-year,27.55,420,14.3,1,Direct debit,0
NT-05350,45-54,25,Month-to-month,36.0,234,4.9,0,Direct debit,0
NT-05351,65+,24,Month-to-month,25.14,76,9.4,1,Direct debit,0
NT-05352,25-34,23,Month-to-month,49.79,1351,11.2,1,Direct debit,0
NT-05353,35-44,71,Month-to-month,34.27,228,0.3,0,Credit card (tokenised),0
NT-05354,35-44,23,Two-year,31.31,233,7.9,1,Bank transfer,0
NT-05355,35-44,18,One-year,35.72,132,14.3,0,Credit card (tokenised),1
NT-05356,25-34,10,One-year,36.69,439,3.3,1,Direct debit,0
NT-05357,65+,19,Month-to-month,42.86,243,9.6,1,Credit card (tokenised),0
NT-05358,55-64,57,Month-to-month,44.47,705,7.6,0,Credit card (tokenised),0
NT-05359,35-44,33,Month-to-month,36.18,737,5.9,1,Credit card (tokenised),1
NT-05360,45-54,33,Two-year,37.53,258,5.3,2,Bank transfer,0
NT-05361,25-34,19,Month-to-month,12.0,640,7.8,1,Bank transfer,0
NT-05362,35-44,53,Two-year,32.58,311,21.7,2,Direct debit,0
NT-05363,45-54,39,Month-to-month,55.17,175,13.1,0,Bank transfer,0
NT-05364,35-44,23,One-year,43.38,170,9.3,1,Credit card (tokenised),0
NT-05365,65+,17,One-year,25.12,418,17.0,0,Credit card (tokenised),0
NT-05366,45-54,28,Two-year,33.35,238,12.0,0,Credit card (tokenised),0
NT-05367,35-44,17,Month-to-month,30.84,395,18.1,1,Credit card (tokenised),0
NT-05368,55-64,26,Month-to-month,50.84,444,6.1,0,Credit card (tokenised),0
NT-05369,25-34,31,Month-to-month,49.62,289,8.4,1,Credit card (tokenised),0
NT-05370,35-44,20,Two-year,28.63,230,24.3,2,Bank transfer,1
NT-05371,25-34,6,Month-to-month,38.12,255,2.4,0,Bank transfer,1
NT-05372,35-44,36,Month-to-month,24.39,619,16.3,0,Direct debit,0
NT-05373,55-64,20,Month-to-month,30.48,145,10.8,0,Bank transfer,0
NT-05374,35-44,31,Month-to-month,30.92,146,7.7,3,Credit card (tokenised),0
NT-05375,55-64,27,One-year,29.57,226,44.9,3,Bank transfer,0
NT-05376,35-44,65,Two-year,42.39,629,3.4,0,Credit card (tokenised),0
NT-05377,25-34,29,Month-to-month,54.19,646,1.4,0,Bank transfer,0
NT-05378,55-64,46,Two-year,37.28,432,15.3,0,Direct debit,0
NT-05379,25-34,24,One-year,25.34,576,3.0,0,Bank transfer,0
NT-05380,25-34,18,Month-to-month,40.5,214,12.9,3,Direct debit,1
NT-05381,35-44,37,Two-year,40.51,147,10.7,0,Bank transfer,0
NT-05382,25-34,19,One-year,35.74,359,1.3,0,Bank transfer,0
NT-05383,18-24,42,Month-to-month,60.31,458,26.2,1,Direct debit,0
NT-05384,45-54,14,One-year,40.93,706,5.5,0,Bank transfer,0
NT-05385,35-44,35,Month-to-month,44.89,119,10.7,0,Credit card (tokenised),0
NT-05386,35-44,29,Month-to-month,12.0,305,36.3,0,Bank transfer,0
NT-05387,65+,59,One-year,26.45,183,31.3,0,Direct debit,0
NT-05388,35-44,36,One-year,44.17,53,34.2,0,Credit card (tokenised),0
NT-05389,55-64,27,One-year,41.41,323,12.4,2,Credit card (tokenised),0
NT-05390,18-24,44,Month-to-month,33.46,425,14.1,1,Direct debit,0
NT-05391,35-44,6,Two-year,43.44,263,5.2,2,Credit card (tokenised),1
NT-05392,55-64,39,Month-to-month,49.13,282,6.1,2,Credit card (tokenised),0
NT-05393,45-54,40,Month-to-month,32.33,280,20.8,0,Bank transfer,0
NT-05394,45-54,43,Month-to-month,30.52,115,22.2,0,Credit card (tokenised),0
NT-05395,35-44,41,Month-to-month,34.93,274,5.1,1,Direct debit,0
NT-05396,18-24,38,Month-to-month,43.98,82,6.7,2,Direct debit,0
NT-05397,35-44,24,One-year,31.13,451,16.8,0,Direct debit,0
NT-05398,35-44,32,Two-year,48.24,186,2.8,3,Direct debit,0
NT-05399,55-64,21,Two-year,32.22,632,15.3,3,Credit card (tokenised),0
NT-05400,25-34,18,One-year,31.29,41,5.5,1,Bank transfer,1
NT-05401,65+,25,Month-to-month,66.16,624,17.1,0,Credit card (tokenised),0
NT-05402,65+,26,One-year,23.18,175,22.6,1,Credit card (tokenised),0
NT-05403,25-34,35,One-year,47.38,746,6.7,0,Direct debit,0
NT-05404,25-34,54,Month-to-month,16.32,445,8.4,1,Credit card (tokenised),0
NT-05405,55-64,46,One-year,45.9,696,24.8,0,Credit card (tokenised),0
NT-05406,65+,34,Month-to-month,70.3,299,29.1,0,Credit card (tokenised),0
NT-05407,35-44,51,Month-to-month,50.68,531,8.3,1,Credit card (tokenised),0
NT-05408,25-34,29,Month-to-month,54.06,343,13.0,1,Direct debit,0
NT-05409,35-44,38,One-year,36.85,113,5.5,0,Direct debit,0
NT-05410,45-54,24,One-year,49.31,171,3.6,1,Direct debit,0
NT-05411,25-34,29,Month-to-month,40.98,724,5.3,1,Bank transfer,0
NT-05412,45-54,25,One-year,62.31,286,10.7,0,Direct debit,0
NT-05413,18-24,11,Two-year,24.72,318,8.6,0,Credit card (tokenised),0
NT-05414,18-24,11,Two-year,52.25,250,3.3,1,Direct debit,0
NT-05415,35-44,13,Month-to-month,43.13,195,0.9,0,Direct debit,0
NT-05416,25-34,34,Month-to-month,27.05,227,3.8,1,Credit card (tokenised),0
NT-05417,25-34,55,One-year,34.71,295,17.2,1,Credit card (tokenised),0
NT-05418,35-44,51,Month-to-month,18.79,248,18.0,1,Bank transfer,0
NT-05419,25-34,11,Month-to-month,12.0,625,21.0,1,Bank transfer,0
NT-05420,25-34,38,Month-to-month,23.61,235,12.5,2,Credit card (tokenised),0
NT-05421,25-34,22,One-year,33.34,671,34.9,0,Credit card (tokenised),0
NT-05422,65+,18,One-year,38.97,221,8.6,0,Bank transfer,0
NT-05423,35-44,31,Month-to-month,22.28,296,9.7,2,Credit card (tokenised),1
NT-05424,35-44,22,Month-to-month,34.2,199,9.2,2,Credit card (tokenised),1
NT-05425,35-44,13,One-year,40.84,304,6.0,0,Direct debit,0
NT-05426,65+,17,Month-to-month,31.08,278,12.7,0,Credit card (tokenised),0
NT-05427,25-34,24,Month-to-month,25.03,493,1.8,1,Direct debit,1
NT-05428,45-54,54,Month-to-month,29.22,286,15.8,1,Direct debit,0
NT-05429,45-54,10,Month-to-month,54.04,727,19.1,2,Direct debit,0
NT-05430,45-54,15,Month-to-month,17.28,194,19.7,1,Credit card (tokenised),0
NT-05431,18-24,25,One-year,51.85,393,4.4,0,Direct debit,1
NT-05432,45-54,19,One-year,54.38,439,5.5,0,Direct debit,0
NT-05433,18-24,36,Month-to-month,33.73,582,13.2,2,Credit card (tokenised),0
NT-05434,45-54,26,Month-to-month,43.52,189,7.5,3,Credit card (tokenised),0
NT-05435,45-54,13,Month-to-month,28.63,548,19.0,0,Direct debit,0
NT-05436,25-34,22,One-year,41.21,925,9.4,2,Credit card (tokenised),0
NT-05437,55-64,32,Month-to-month,64.72,512,6.5,0,Direct debit,0
NT-05438,18-24,41,Month-to-month,53.25,168,7.9,1,Bank transfer,0
NT-05439,55-64,14,One-year,31.96,256,13.7,3,Direct debit,0
NT-05440,35-44,33,One-year,22.17,332,4.2,1,Direct debit,0
NT-05441,25-34,24,Month-to-month,34.48,216,35.6,0,Bank transfer,0
NT-05442,18-24,51,Month-to-month,41.28,634,19.0,1,Direct debit,0
NT-05443,65+,22,Two-year,46.66,120,6.7,0,Direct debit,0
NT-05444,18-24,13,Two-year,36.69,182,6.0,2,Direct debit,1
NT-05445,25-34,20,Month-to-month,59.43,229,5.0,2,Direct debit,1
NT-05446,25-34,8,One-year,38.39,523,9.6,0,Credit card (tokenised),0
NT-05447,45-54,9,One-year,32.3,326,3.7,0,Credit card (tokenised),0
NT-05448,35-44,10,Two-year,44.29,478,9.4,1,Credit card (tokenised),0
NT-05449,18-24,36,Month-to-month,46.4,323,8.1,0,Bank transfer,1
NT-05450,25-34,34,One-year,28.85,369,3.0,0,Credit card (tokenised),0
NT-05451,25-34,37,One-year,26.74,238,7.2,1,Credit card (tokenised),0
NT-05452,25-34,21,Month-to-month,18.3,418,5.7,1,Direct debit,0
NT-05453,35-44,17,One-year,34.53,513,10.7,0,Credit card (tokenised),0
NT-05454,45-54,77,Month-to-month,52.6,167,2.9,1,Direct debit,0
NT-05455,25-34,31,Month-to-month,45.99,246,2.6,1,Direct debit,0
NT-05456,35-44,16,Month-to-month,51.49,372,7.3,1,Credit card (tokenised),0
NT-05457,35-44,58,Two-year,30.15,409,10.2,1,Direct debit,0
NT-05458,65+,54,Month-to-month,36.04,158,8.5,2,Direct debit,0
NT-05459,65+,39,One-year,15.13,699,6.6,1,Credit card (tokenised),0
NT-05460,55-64,26,One-year,50.09,295,11.3,1,Direct debit,1
NT-05461,25-34,18,Month-to-month,54.11,258,3.9,1,Credit card (tokenised),0
NT-05462,18-24,23,Month-to-month,25.2,996,3.0,2,Bank transfer,0
NT-05463,25-34,50,One-year,57.51,408,2.5,1,Direct debit,0
NT-05464,25-34,19,Two-year,35.19,450,12.4,0,Direct debit,0
NT-05465,35-44,14,Month-to-month,25.0,351,33.8,0,Bank transfer,0
NT-05466,55-64,39,Month-to-month,34.21,307,4.7,0,Credit card (tokenised),0
NT-05467,55-64,28,Month-to-month,45.54,427,3.2,1,Direct debit,0
NT-05468,55-64,20,Month-to-month,37.35,138,16.6,0,Direct debit,0
NT-05469,25-34,21,Month-to-month,31.06,325,19.0,1,Credit card (tokenised),1
NT-05470,45-54,8,Month-to-month,45.11,198,5.9,0,Credit card (tokenised),0
NT-05471,25-34,22,Month-to-month,46.21,207,8.2,0,Direct debit,0
NT-05472,18-24,48,Month-to-month,35.91,123,10.4,2,Direct debit,0
NT-05473,45-54,17,One-year,33.72,204,31.6,2,Credit card (tokenised),0
NT-05474,18-24,84,Two-year,31.45,212,3.4,1,Credit card (tokenised),0
NT-05475,35-44,28,Month-to-month,43.74,63,4.5,1,Direct debit,1
NT-05476,25-34,5,One-year,18.75,675,7.6,2,Bank transfer,1
NT-05477,45-54,12,Month-to-month,28.85,469,0.1,0,Direct debit,0
NT-05478,55-64,2,Two-year,36.06,149,13.0,0,Direct debit,0
NT-05479,25-34,32,One-year,28.54,178,12.9,0,Direct debit,0
NT-05480,55-64,17,One-year,41.05,147,4.2,2,Credit card (tokenised),0
NT-05481,25-34,39,Month-to-month,39.96,240,10.0,0,Bank transfer,1
NT-05482,35-44,52,One-year,67.77,233,12.8,0,Direct debit,0
NT-05483,45-54,43,Month-to-month,28.86,958,8.9,0,Direct debit,0
NT-05484,45-54,43,Month-to-month,37.87,239,2.6,1,Credit card (tokenised),0
NT-05485,65+,23,Month-to-month,26.52,390,20.6,0,Credit card (tokenised),0
NT-05486,25-34,17,One-year,61.28,181,5.8,0,Direct debit,0
NT-05487,45-54,37,One-year,58.41,495,14.5,0,Bank transfer,0
NT-05488,45-54,18,Month-to-month,19.18,235,15.0,0,Credit card (tokenised),0
NT-05489,65+,23,One-year,36.03,121,12.1,0,Direct debit,0
NT-05490,25-34,18,Month-to-month,38.43,209,4.9,0,Credit card (tokenised),1
NT-05491,45-54,19,Month-to-month,33.92,200,10.0,1,Credit card (tokenised),0
NT-05492,35-44,39,One-year,32.19,415,5.8,1,Credit card (tokenised),0
NT-05493,25-34,19,Month-to-month,47.25,312,26.8,0,Credit card (tokenised),1
NT-05494,35-44,39,Month-to-month,59.45,363,0.8,0,Credit card (tokenised),0
NT-05495,25-34,51,Month-to-month,47.68,536,8.5,0,Direct debit,0
NT-05496,35-44,21,One-year,48.37,93,11.3,0,Direct debit,0
NT-05497,55-64,15,Month-to-month,33.74,268,5.3,1,Credit card (tokenised),0
NT-05498,35-44,46,Two-year,50.21,228,21.0,0,Credit card (tokenised),0
NT-05499,45-54,33,Month-to-month,50.17,413,15.1,1,Credit card (tokenised),0
NT-05500,35-44,19,One-year,32.3,389,19.5,1,Direct debit,0
NT-05501,18-24,24,Month-to-month,35.2,85,15.9,1,Direct debit,1
NT-05502,25-34,35,Month-to-month,19.1,393,4.6,0,Bank transfer,0
NT-05503,35-44,11,One-year,21.77,197,3.7,2,Direct debit,0
NT-05504,25-34,62,Month-to-month,32.8,613,2.5,1,Credit card (tokenised),0
NT-05505,25-34,44,Month-to-month,25.16,285,4.3,1,Direct debit,0
NT-05506,35-44,29,Month-to-month,47.65,191,6.7,0,Credit card (tokenised),0
NT-05507,25-34,61,Month-to-month,36.09,617,15.8,2,Credit card (tokenised),0
NT-05508,25-34,56,Month-to-month,44.39,177,5.0,0,Credit card (tokenised),0
NT-05509,35-44,26,One-year,23.35,529,12.3,0,Bank transfer,0
NT-05510,18-24,25,One-year,53.59,420,7.8,1,Bank transfer,1
NT-05511,65+,25,Month-to-month,43.87,630,14.1,2,Direct debit,0
NT-05512,55-64,38,Month-to-month,42.85,428,18.1,0,Direct debit,0
NT-05513,45-54,36,Month-to-month,49.36,560,11.0,0,Direct debit,0
NT-05514,18-24,9,Month-to-month,41.83,342,3.1,0,Direct debit,0
NT-05515,55-64,35,One-year,25.84,725,11.7,1,Direct debit,0
NT-05516,55-64,35,One-year,45.52,297,23.9,2,Bank transfer,0
NT-05517,55-64,5,Month-to-month,28.55,122,4.2,1,Credit card (tokenised),1
NT-05518,18-24,25,Month-to-month,40.53,126,22.7,0,Bank transfer,0
NT-05519,45-54,30,One-year,28.73,90,5.5,0,Direct debit,0
NT-05520,55-64,10,Month-to-month,57.95,835,9.2,0,Direct debit,0
NT-05521,35-44,14,Month-to-month,46.04,313,4.6,1,Credit card (tokenised),1
NT-05522,45-54,18,One-year,50.09,82,8.1,1,Credit card (tokenised),0
NT-05523,35-44,38,One-year,28.89,430,25.6,1,Direct debit,0
NT-05524,35-44,53,Month-to-month,41.59,245,2.5,1,Credit card (tokenised),0
NT-05525,18-24,37,Two-year,40.28,630,21.9,0,Bank transfer,0
NT-05526,45-54,30,Month-to-month,39.32,459,6.8,2,Credit card (tokenised),0
NT-05527,18-24,41,One-year,14.75,419,7.6,2,Direct debit,0
NT-05528,35-44,5,Month-to-month,61.57,214,2.4,1,Direct debit,0
NT-05529,25-34,50,One-year,37.54,867,4.3,3,Direct debit,1
NT-05530,35-44,27,Two-year,44.02,358,14.8,1,Credit card (tokenised),0
NT-05531,18-24,47,Month-to-month,22.22,456,12.9,1,Bank transfer,0
NT-05532,45-54,40,One-year,55.57,185,22.0,1,Direct debit,0
NT-05533,55-64,19,One-year,54.55,267,3.8,1,Credit card (tokenised),0
NT-05534,25-34,32,Month-to-month,48.25,111,12.7,0,Bank transfer,0
NT-05535,18-24,19,One-year,41.27,264,8.1,3,Direct debit,0
NT-05536,25-34,36,Two-year,66.03,402,16.3,0,Credit card (tokenised),0
NT-05537,55-64,66,One-year,49.8,84,0.9,0,Direct debit,0
NT-05538,35-44,36,Month-to-month,21.61,125,8.9,4,Bank transfer,0
NT-05539,35-44,6,Month-to-month,40.69,182,10.6,1,Direct debit,0
NT-05540,18-24,18,Month-to-month,45.01,167,9.5,0,Credit card (tokenised),0
NT-05541,45-54,44,Month-to-month,39.26,145,4.8,2,Direct debit,0
NT-05542,55-64,17,Month-to-month,44.88,216,14.0,0,Direct debit,0
NT-05543,55-64,52,Month-to-month,55.29,390,10.1,0,Bank transfer,0
NT-05544,45-54,16,Month-to-month,35.74,112,2.7,0,Credit card (tokenised),1
NT-05545,18-24,48,Month-to-month,33.44,134,1.7,1,Credit card (tokenised),0
NT-05546,18-24,22,Month-to-month,24.97,358,10.6,1,Credit card (tokenised),0
NT-05547,18-24,38,One-year,15.61,557,3.4,0,Direct debit,0
NT-05548,25-34,45,One-year,34.25,823,9.8,1,Direct debit,0
NT-05549,18-24,32,Month-to-month,29.87,139,12.7,1,Credit card (tokenised),0
NT-05550,25-34,23,Month-to-month,35.52,174,0.9,0,Credit card (tokenised),0
NT-05551,35-44,33,Month-to-month,30.98,163,7.0,0,Credit card (tokenised),0
NT-05552,65+,27,Month-to-month,25.11,1092,5.7,1,Credit card (tokenised),0
NT-05553,45-54,29,Month-to-month,31.39,238,6.3,0,Credit card (tokenised),1
NT-05554,55-64,11,One-year,44.16,987,3.9,0,Direct debit,0
NT-05555,45-54,40,Month-to-month,31.58,391,17.4,1,Credit card (tokenised),0
NT-05556,18-24,32,Two-year,35.74,552,19.6,0,Direct debit,0
NT-05557,45-54,9,Month-to-month,63.14,390,4.9,0,Credit card (tokenised),1
NT-05558,25-34,24,Month-to-month,50.9,275,4.5,3,Direct debit,0
NT-05559,45-54,7,One-year,40.73,260,1.1,0,Direct debit,0
NT-05560,25-34,29,One-year,41.13,71,4.3,0,Direct debit,0
NT-05561,65+,37,One-year,29.48,464,6.8,1,Credit card (tokenised),0
NT-05562,25-34,20,Two-year,32.96,646,3.9,0,Direct debit,0
NT-05563,25-34,19,Month-to-month,34.67,91,2.3,1,Direct debit,0
NT-05564,65+,23,One-year,39.26,211,21.4,0,Credit card (tokenised),0
NT-05565,18-24,19,Month-to-month,37.47,147,10.5,1,Credit card (tokenised),0
NT-05566,45-54,17,One-year,24.46,573,16.6,1,Direct debit,0
NT-05567,45-54,9,Month-to-month,45.15,119,7.1,0,Direct debit,0
NT-05568,55-64,19,Month-to-month,31.12,321,5.0,1,Direct debit,1
NT-05569,65+,11,One-year,61.07,701,14.2,2,Credit card (tokenised),0
NT-05570,65+,50,Month-to-month,53.0,255,13.1,1,Direct debit,1
NT-05571,18-24,55,Month-to-month,18.06,339,3.5,2,Bank transfer,0
NT-05572,55-64,36,Month-to-month,34.96,134,13.2,0,Direct debit,0
NT-05573,45-54,49,One-year,57.3,301,10.4,0,Direct debit,0
NT-05574,45-54,18,Two-year,45.95,194,8.9,0,Credit card (tokenised),0
NT-05575,18-24,37,One-year,39.07,289,6.2,2,Bank transfer,0
NT-05576,45-54,37,One-year,12.0,936,9.3,0,Direct debit,0
NT-05577,65+,33,Month-to-month,35.39,806,10.3,0,Credit card (tokenised),0
NT-05578,65+,23,Month-to-month,40.52,686,13.1,1,Credit card (tokenised),0
NT-05579,35-44,28,Month-to-month,13.33,315,12.5,0,Direct debit,0
NT-05580,18-24,32,One-year,45.36,280,9.3,0,Credit card (tokenised),0
NT-05581,35-44,32,Month-to-month,29.58,156,5.3,0,Direct debit,0
NT-05582,55-64,16,Month-to-month,41.62,381,1.1,0,Credit card (tokenised),0
NT-05583,45-54,53,Month-to-month,39.58,100,13.2,3,Bank transfer,0
NT-05584,35-44,30,One-year,34.93,304,8.8,1,Credit card (tokenised),0
NT-05585,18-24,42,Month-to-month,47.5,358,8.6,1,Direct debit,0
NT-05586,35-44,21,One-year,41.38,139,1.9,1,Credit card (tokenised),0
NT-05587,35-44,36,One-year,70.59,418,18.8,2,Credit card (tokenised),0
NT-05588,65+,31,One-year,59.33,321,5.8,1,Direct debit,0
NT-05589,45-54,17,Two-year,25.85,282,12.9,1,Direct debit,0
NT-05590,25-34,29,Month-to-month,52.24,405,4.4,1,Direct debit,0
NT-05591,35-44,24,One-year,29.16,244,2.4,0,Credit card (tokenised),0
NT-05592,18-24,25,Two-year,23.91,254,11.4,1,Direct debit,1
NT-05593,65+,45,One-year,20.29,261,9.3,1,Credit card (tokenised),0
NT-05594,35-44,27,One-year,33.7,243,6.6,0,Credit card (tokenised),0
NT-05595,35-44,44,Month-to-month,50.07,43,2.6,0,Credit card (tokenised),0
NT-05596,25-34,38,One-year,39.9,299,27.6,1,Credit card (tokenised),0
NT-05597,45-54,30,Month-to-month,44.1,471,3.6,3,Direct debit,0
NT-05598,45-54,47,Two-year,12.0,253,6.8,0,Direct debit,0
NT-05599,45-54,45,One-year,35.25,252,27.7,1,Direct debit,0
NT-05600,25-34,30,Two-year,25.37,128,6.5,2,Direct debit,0
NT-05601,25-34,31,One-year,19.04,150,21.4,2,Bank transfer,0
NT-05602,18-24,47,Month-to-month,23.55,369,10.4,4,Bank transfer,0
NT-05603,45-54,39,Month-to-month,38.85,235,19.2,1,Credit card (tokenised),0
NT-05604,18-24,53,Two-year,45.89,453,19.7,1,Direct debit,0
NT-05605,45-54,27,Month-to-month,27.08,317,3.2,0,Direct debit,1
NT-05606,55-64,15,Month-to-month,45.07,414,39.5,2,Bank transfer,1
NT-05607,55-64,19,One-year,47.8,196,21.3,0,Direct debit,0
NT-05608,35-44,9,Month-to-month,41.96,385,7.5,1,Credit card (tokenised),0
NT-05609,35-44,19,One-year,27.7,119,18.3,0,Direct debit,0
NT-05610,18-24,39,Month-to-month,32.03,483,6.8,0,Credit card (tokenised),0
NT-05611,45-54,27,One-year,41.93,342,18.5,1,Bank transfer,0
NT-05612,55-64,17,Two-year,29.41,1257,7.0,0,Credit card (tokenised),0
NT-05613,25-34,21,Month-to-month,45.76,333,16.8,2,Credit card (tokenised),0
NT-05614,35-44,33,Month-to-month,24.7,294,9.9,0,Direct debit,1
NT-05615,55-64,22,Month-to-month,42.57,310,18.1,1,Credit card (tokenised),0
NT-05616,55-64,25,Two-year,48.88,419,7.8,1,Credit card (tokenised),0
NT-05617,25-34,12,Month-to-month,40.3,229,16.4,0,Credit card (tokenised),0
NT-05618,35-44,50,Month-to-month,26.11,365,9.6,2,Bank transfer,0
NT-05619,25-34,53,One-year,18.43,335,11.7,2,Credit card (tokenised),0
NT-05620,18-24,18,Month-to-month,24.71,549,4.0,0,Credit card (tokenised),0
NT-05621,65+,24,Two-year,43.85,262,7.4,2,Bank transfer,0
NT-05622,55-64,8,Two-year,35.53,404,20.3,1,Credit card (tokenised),1
NT-05623,55-64,48,Month-to-month,30.79,438,7.4,0,Direct debit,0
NT-05624,18-24,14,One-year,42.77,597,9.9,0,Credit card (tokenised),1
NT-05625,55-64,28,Month-to-month,14.17,203,8.1,1,Credit card (tokenised),1
NT-05626,35-44,16,One-year,34.85,413,11.1,1,Direct debit,0
NT-05627,25-34,28,One-year,24.72,288,3.0,1,Credit card (tokenised),1
NT-05628,35-44,43,Month-to-month,21.79,119,7.0,1,Bank transfer,0
NT-05629,18-24,38,Month-to-month,31.83,325,9.1,1,Direct debit,0
NT-05630,45-54,39,Two-year,67.67,105,1.9,0,Credit card (tokenised),0
NT-05631,45-54,13,Month-to-month,45.59,541,35.1,0,Direct debit,0
NT-05632,25-34,28,One-year,24.43,179,13.2,2,Credit card (tokenised),0
NT-05633,25-34,70,Month-to-month,52.53,239,15.3,0,Credit card (tokenised),0
NT-05634,25-34,32,Month-to-month,22.32,539,16.8,1,Direct debit,0
NT-05635,18-24,29,One-year,56.21,323,12.2,1,Direct debit,0
NT-05636,45-54,25,Month-to-month,27.42,627,31.8,1,Bank transfer,0
NT-05637,55-64,31,One-year,39.31,431,5.6,0,Credit card (tokenised),0
NT-05638,18-24,28,Month-to-month,63.03,474,2.2,0,Credit card (tokenised),0
NT-05639,18-24,64,Month-to-month,33.8,245,6.8,2,Direct debit,0
NT-05640,35-44,42,Two-year,60.05,417,2.3,2,Credit card (tokenised),0
NT-05641,55-64,26,One-year,37.13,273,9.0,1,Direct debit,1
NT-05642,25-34,41,Two-year,36.95,381,5.2,0,Direct debit,0
NT-05643,25-34,19,Two-year,27.37,674,19.8,2,Direct debit,0
NT-05644,45-54,28,Two-year,54.95,449,18.2,3,Direct debit,0
NT-05645,25-34,22,Two-year,32.05,417,2.0,1,Direct debit,1
NT-05646,18-24,40,Month-to-month,60.86,606,9.2,0,Credit card (tokenised),0
NT-05647,45-54,27,Two-year,30.47,326,9.4,0,Direct debit,0
NT-05648,45-54,30,Month-to-month,32.54,202,7.2,0,Direct debit,0
NT-05649,45-54,26,Month-to-month,50.05,619,2.9,0,Direct debit,0
NT-05650,45-54,34,Month-to-month,36.7,646,5.0,0,Bank transfer,0
NT-05651,45-54,40,Month-to-month,41.46,584,15.4,0,Credit card (tokenised),0
NT-05652,25-34,53,One-year,22.29,92,1.6,1,Bank transfer,0
NT-05653,25-34,25,Month-to-month,39.32,418,20.8,1,Direct debit,0
NT-05654,18-24,16,Month-to-month,42.45,400,5.6,0,Direct debit,0
NT-05655,18-24,35,Month-to-month,58.69,274,38.8,0,Direct debit,0
NT-05656,45-54,14,Month-to-month,32.26,336,3.9,2,Direct debit,1
NT-05657,55-64,24,One-year,42.05,451,13.7,2,Credit card (tokenised),1
NT-05658,65+,12,Month-to-month,52.52,432,51.2,2,Direct debit,0
NT-05659,45-54,96,Month-to-month,38.51,96,6.0,1,Direct debit,0
NT-05660,25-34,50,Month-to-month,51.03,440,8.8,1,Direct debit,0
NT-05661,18-24,48,Month-to-month,67.98,197,21.4,1,Bank transfer,0
NT-05662,55-64,55,One-year,38.36,722,17.0,0,Bank transfer,0
NT-05663,35-44,45,Month-to-month,53.88,389,20.6,1,Direct debit,0
NT-05664,45-54,32,Month-to-month,44.18,511,23.9,1,Credit card (tokenised),0
NT-05665,55-64,33,Month-to-month,48.29,250,2.3,1,Credit card (tokenised),1
NT-05666,45-54,52,Month-to-month,46.46,517,11.9,2,Direct debit,0
NT-05667,55-64,54,Two-year,50.8,205,23.5,0,Credit card (tokenised),0
NT-05668,18-24,17,Month-to-month,50.0,207,7.9,0,Direct debit,1
NT-05669,45-54,27,One-year,37.16,253,12.1,0,Direct debit,0
NT-05670,55-64,30,One-year,31.33,793,12.0,2,Direct debit,0
NT-05671,25-34,46,Month-to-month,43.1,257,6.9,0,Credit card (tokenised),0
NT-05672,45-54,19,Two-year,20.56,310,8.0,0,Direct debit,0
NT-05673,25-34,18,One-year,45.42,79,4.3,1,Credit card (tokenised),0
NT-05674,65+,13,One-year,46.95,985,9.4,0,Credit card (tokenised),0
NT-05675,18-24,22,Month-to-month,35.85,200,24.8,0,Credit card (tokenised),0
NT-05676,35-44,24,One-year,38.53,476,24.2,1,Credit card (tokenised),0
NT-05677,25-34,60,Month-to-month,48.94,482,6.1,0,Direct debit,0
NT-05678,45-54,43,Month-to-month,46.97,304,1.6,0,Direct debit,0
NT-05679,25-34,46,One-year,49.12,207,9.7,0,Direct debit,0
NT-05680,25-34,16,Two-year,47.32,548,1.7,0,Credit card (tokenised),0
NT-05681,35-44,26,Month-to-month,39.28,348,6.5,1,Credit card (tokenised),1
NT-05682,65+,41,One-year,37.82,251,20.1,1,Direct debit,0
NT-05683,25-34,31,One-year,43.07,242,6.6,1,Credit card (tokenised),0
NT-05684,25-34,37,Month-to-month,55.44,554,15.1,0,Credit card (tokenised),0
NT-05685,45-54,14,Month-to-month,41.17,471,3.4,0,Direct debit,1
NT-05686,35-44,30,Month-to-month,53.66,305,21.7,0,Credit card (tokenised),0
NT-05687,65+,42,One-year,13.61,556,6.7,1,Credit card (tokenised),0
NT-05688,25-34,16,One-year,41.86,395,19.1,0,Direct debit,0
NT-05689,45-54,10,Month-to-month,38.99,436,21.8,0,Credit card (tokenised),0
NT-05690,25-34,16,One-year,18.01,368,7.1,0,Direct debit,0
NT-05691,25-34,52,One-year,19.82,236,3.0,0,Direct debit,0
NT-05692,45-54,15,One-year,43.54,269,9.5,1,Bank transfer,0
NT-05693,45-54,29,Month-to-month,39.29,110,3.4,1,Credit card (tokenised),0
NT-05694,45-54,10,Month-to-month,47.49,402,7.2,2,Direct debit,0
NT-05695,25-34,18,Two-year,12.0,177,9.9,0,Credit card (tokenised),0
NT-05696,35-44,32,Month-to-month,50.83,446,9.0,1,Credit card (tokenised),1
NT-05697,35-44,29,Month-to-month,50.92,246,2.6,1,Direct debit,1
NT-05698,65+,48,One-year,21.4,930,19.2,1,Direct debit,0
NT-05699,25-34,35,Month-to-month,54.9,354,9.5,1,Credit card (tokenised),0
NT-05700,25-34,16,Two-year,59.48,116,21.6,0,Bank transfer,1
NT-05701,25-34,26,Month-to-month,22.0,125,20.2,3,Credit card (tokenised),1
NT-05702,35-44,23,Month-to-month,39.29,229,17.7,1,Direct debit,0
NT-05703,25-34,7,Month-to-month,40.38,204,36.8,0,Bank transfer,0
NT-05704,65+,60,Month-to-month,16.43,1157,6.7,0,Bank transfer,0
NT-05705,25-34,29,Month-to-month,34.04,68,6.2,0,Credit card (tokenised),0
NT-05706,55-64,32,One-year,54.85,296,17.7,2,Direct debit,0
NT-05707,18-24,40,Month-to-month,27.68,712,4.4,0,Direct debit,0
NT-05708,45-54,40,Two-year,59.94,412,8.9,0,Bank transfer,0
NT-05709,65+,42,Month-to-month,42.42,217,14.3,1,Direct debit,0
NT-05710,25-34,24,Month-to-month,28.5,633,20.8,2,Direct debit,0
NT-05711,65+,22,Month-to-month,38.54,455,9.1,2,Credit card (tokenised),0
NT-05712,35-44,49,One-year,20.44,109,0.3,0,Direct debit,0
NT-05713,65+,61,Month-to-month,43.14,565,20.0,0,Bank transfer,0
NT-05714,45-54,10,Month-to-month,35.69,490,21.3,2,Credit card (tokenised),0
NT-05715,25-34,48,Two-year,32.89,171,7.0,3,Credit card (tokenised),0
NT-05716,25-34,26,Month-to-month,20.65,993,15.0,1,Credit card (tokenised),0
NT-05717,25-34,28,Month-to-month,37.03,328,23.4,3,Direct debit,1
NT-05718,18-24,5,Month-to-month,40.46,328,20.9,0,Credit card (tokenised),0
NT-05719,25-34,29,One-year,21.56,531,17.2,1,Credit card (tokenised),0
NT-05720,18-24,21,Month-to-month,50.97,316,12.6,0,Credit card (tokenised),0
NT-05721,35-44,7,One-year,41.34,270,38.6,0,Direct debit,0
NT-05722,55-64,51,One-year,27.82,315,10.9,2,Credit card (tokenised),0
NT-05723,25-34,32,One-year,36.85,382,1.0,0,Direct debit,0
NT-05724,18-24,34,Month-to-month,48.04,494,7.5,2,Credit card (tokenised),0
NT-05725,45-54,51,Two-year,54.44,220,9.5,1,Direct debit,0
NT-05726,25-34,41,Month-to-month,57.04,532,13.7,0,Bank transfer,0
NT-05727,18-24,13,One-year,59.6,240,6.5,2,Direct debit,0
NT-05728,25-34,45,Month-to-month,22.04,316,10.4,0,Credit card (tokenised),1
NT-05729,65+,11,One-year,29.48,203,19.9,1,Direct debit,0
NT-05730,55-64,39,Month-to-month,21.19,145,34.2,0,Direct debit,0
NT-05731,25-34,68,Month-to-month,51.09,463,3.1,0,Direct debit,0
NT-05732,45-54,39,One-year,35.93,533,9.3,0,Credit card (tokenised),0
NT-05733,35-44,24,Month-to-month,53.15,206,2.9,2,Credit card (tokenised),0
NT-05734,45-54,66,Month-to-month,20.99,673,7.8,0,Bank transfer,0
NT-05735,45-54,32,One-year,29.73,266,5.1,0,Direct debit,0
NT-05736,45-54,17,One-year,28.42,135,14.0,2,Bank transfer,0
NT-05737,25-34,20,Month-to-month,52.86,142,12.1,2,Direct debit,1
NT-05738,18-24,20,Month-to-month,46.41,563,6.1,1,Credit card (tokenised),1
NT-05739,35-44,74,Two-year,13.65,236,9.8,0,Direct debit,0
NT-05740,55-64,39,One-year,32.41,250,4.9,3,Credit card (tokenised),0
NT-05741,35-44,40,Month-to-month,49.51,140,16.2,1,Bank transfer,0
NT-05742,55-64,36,One-year,51.36,194,11.9,0,Credit card (tokenised),0
NT-05743,65+,33,Month-to-month,42.96,368,11.5,1,Direct debit,0
NT-05744,25-34,22,Month-to-month,40.17,231,1.4,1,Credit card (tokenised),0
NT-05745,45-54,15,Month-to-month,26.83,253,3.0,1,Bank transfer,0
NT-05746,45-54,35,Month-to-month,50.84,363,4.2,0,Credit card (tokenised),0
NT-05747,65+,65,Two-year,23.64,352,33.6,1,Bank transfer,0
NT-05748,65+,34,Month-to-month,18.66,394,6.1,2,Credit card (tokenised),0
NT-05749,45-54,54,Month-to-month,40.49,439,37.5,2,Credit card (tokenised),1
NT-05750,25-34,10,Two-year,32.68,819,13.7,2,Credit card (tokenised),0
NT-05751,55-64,34,Month-to-month,46.68,213,2.6,0,Credit card (tokenised),0
NT-05752,18-24,21,One-year,43.81,198,15.3,0,Credit card (tokenised),1
NT-05753,55-64,16,Month-to-month,58.49,289,4.4,0,Credit card (tokenised),0
NT-05754,65+,59,One-year,42.85,309,33.4,0,Credit card (tokenised),0
NT-05755,35-44,23,Month-to-month,50.72,302,6.4,2,Bank transfer,0
NT-05756,45-54,39,Month-to-month,27.78,580,4.2,1,Direct debit,0
NT-05757,35-44,27,One-year,46.54,364,12.6,0,Direct debit,1
NT-05758,35-44,13,One-year,34.68,317,8.2,0,Direct debit,1
NT-05759,25-34,42,One-year,32.07,144,18.0,2,Credit card (tokenised),1
NT-05760,55-64,24,One-year,27.17,98,19.2,1,Direct debit,0
NT-05761,65+,45,Month-to-month,56.51,494,8.0,0,Credit card (tokenised),0
NT-05762,65+,18,Month-to-month,37.92,600,10.1,0,Credit card (tokenised),0
NT-05763,25-34,22,One-year,28.54,307,18.7,0,Credit card (tokenised),0
NT-05764,55-64,38,One-year,46.14,705,26.5,1,Credit card (tokenised),0
NT-05765,45-54,19,One-year,32.72,201,12.9,0,Credit card (tokenised),0
NT-05766,25-34,41,One-year,28.42,140,12.0,0,Credit card (tokenised),0
NT-05767,18-24,8,Month-to-month,72.83,329,13.4,1,Credit card (tokenised),0
NT-05768,25-34,15,Month-to-month,23.49,180,14.1,2,Credit card (tokenised),1
NT-05769,65+,30,Month-to-month,60.38,626,9.8,0,Bank transfer,0
NT-05770,45-54,40,Two-year,28.28,138,54.8,0,Credit card (tokenised),0
NT-05771,45-54,31,One-year,45.51,293,12.4,1,Direct debit,0
NT-05772,25-34,37,One-year,36.78,258,1.0,1,Direct debit,1
NT-05773,45-54,23,Month-to-month,46.84,375,5.3,2,Direct debit,0
NT-05774,18-24,8,Month-to-month,21.42,295,7.2,0,Credit card (tokenised),1
NT-05775,35-44,25,Two-year,19.95,375,3.6,1,Direct debit,0
NT-05776,45-54,25,Two-year,47.2,402,12.0,0,Credit card (tokenised),0
NT-05777,25-34,51,Month-to-month,16.64,256,3.2,1,Direct debit,1
NT-05778,55-64,41,One-year,23.98,399,6.4,2,Direct debit,0
NT-05779,25-34,15,Month-to-month,36.92,399,5.5,1,Credit card (tokenised),0
NT-05780,45-54,7,Month-to-month,22.47,404,5.0,0,Bank transfer,0
NT-05781,35-44,27,One-year,24.0,114,8.9,2,Direct debit,1
NT-05782,45-54,21,One-year,33.07,504,7.3,1,Direct debit,0
NT-05783,18-24,63,One-year,12.0,173,4.2,0,Direct debit,0
NT-05784,18-24,52,Month-to-month,21.19,602,27.4,0,Direct debit,0
NT-05785,65+,13,Month-to-month,54.08,363,18.3,1,Direct debit,1
NT-05786,25-34,40,Month-to-month,49.48,391,7.2,0,Direct debit,0
NT-05787,55-64,37,Month-to-month,65.18,562,16.2,1,Bank transfer,0
NT-05788,65+,36,Month-to-month,45.14,138,30.1,1,Credit card (tokenised),0
NT-05789,25-34,93,Month-to-month,53.62,409,3.5,0,Direct debit,0
NT-05790,25-34,28,Month-to-month,32.94,429,8.6,0,Direct debit,0
NT-05791,45-54,43,Month-to-month,35.75,638,5.1,1,Credit card (tokenised),0
NT-05792,65+,46,One-year,42.95,202,6.7,1,Credit card (tokenised),1
NT-05793,65+,35,One-year,15.27,586,26.6,2,Direct debit,0
NT-05794,35-44,63,One-year,44.55,459,9.2,0,Direct debit,0
NT-05795,55-64,32,Month-to-month,30.51,61,28.1,1,Direct debit,0
NT-05796,18-24,45,Month-to-month,32.53,530,9.7,2,Direct debit,0
NT-05797,65+,20,Month-to-month,49.97,113,9.2,2,Direct debit,0
NT-05798,65+,15,Month-to-month,19.37,353,6.2,0,Credit card (tokenised),0
NT-05799,25-34,38,Month-to-month,38.66,316,10.1,2,Credit card (tokenised),0
NT-05800,25-34,28,Month-to-month,43.37,246,15.9,1,Direct debit,0
NT-05801,18-24,29,One-year,31.64,527,1.5,0,Bank transfer,0
NT-05802,25-34,24,Two-year,38.45,1264,20.8,2,Credit card (tokenised),0
NT-05803,55-64,44,Month-to-month,39.03,317,1.1,0,Bank transfer,0
NT-05804,35-44,32,One-year,48.77,450,6.7,0,Bank transfer,0
NT-05805,18-24,79,Month-to-month,35.81,478,3.2,2,Credit card (tokenised),0
NT-05806,25-34,31,One-year,22.97,628,6.6,2,Direct debit,0
NT-05807,65+,36,One-year,31.07,210,11.1,0,Direct debit,0
NT-05808,45-54,47,Two-year,33.81,127,19.7,2,Direct debit,0
NT-05809,35-44,38,Month-to-month,28.39,263,18.8,0,Credit card (tokenised),0
NT-05810,25-34,15,Month-to-month,40.27,594,3.0,1,Direct debit,0
NT-05811,65+,26,Month-to-month,39.7,280,11.1,1,Direct debit,0
NT-05812,55-64,19,Month-to-month,39.08,242,11.9,1,Credit card (tokenised),0
NT-05813,25-34,37,Two-year,27.23,110,16.1,1,Credit card (tokenised),0
NT-05814,18-24,33,One-year,39.56,297,6.6,0,Bank transfer,0
NT-05815,18-24,45,One-year,53.46,470,8.5,1,Credit card (tokenised),1
NT-05816,18-24,48,Month-to-month,41.53,360,0.5,0,Direct debit,0
NT-05817,45-54,19,Two-year,50.87,192,6.8,0,Direct debit,0
NT-05818,65+,48,Month-to-month,39.31,526,6.5,0,Direct debit,0
NT-05819,35-44,52,Month-to-month,30.35,187,3.7,0,Direct debit,0
NT-05820,55-64,17,One-year,48.32,297,1.6,2,Bank transfer,0
NT-05821,35-44,36,Month-to-month,21.11,401,16.5,0,Direct debit,1
NT-05822,45-54,56,Month-to-month,31.3,361,26.0,0,Direct debit,0
NT-05823,45-54,26,Month-to-month,36.3,438,10.1,0,Direct debit,0
NT-05824,25-34,29,One-year,45.83,433,6.5,0,Bank transfer,0
NT-05825,35-44,36,One-year,53.29,164,6.5,0,Credit card (tokenised),0
NT-05826,45-54,3,Month-to-month,48.16,201,31.2,1,Credit card (tokenised),0
NT-05827,18-24,32,One-year,46.95,480,11.3,0,Direct debit,0
NT-05828,35-44,33,One-year,48.38,454,8.5,1,Credit card (tokenised),0
NT-05829,35-44,40,Two-year,50.05,276,36.4,2,Credit card (tokenised),0
NT-05830,65+,41,One-year,24.35,175,17.7,0,Direct debit,0
NT-05831,35-44,29,One-year,64.46,641,21.4,0,Credit card (tokenised),0
NT-05832,55-64,66,One-year,51.32,231,7.6,0,Credit card (tokenised),0
NT-05833,35-44,19,Month-to-month,35.83,408,19.9,1,Direct debit,0
NT-05834,55-64,45,Month-to-month,42.46,380,6.5,1,Direct debit,0
NT-05835,45-54,7,Month-to-month,22.24,241,9.9,3,Direct debit,1
NT-05836,55-64,30,Month-to-month,34.88,291,17.7,0,Credit card (tokenised),1
NT-05837,35-44,6,Month-to-month,33.89,361,17.6,1,Credit card (tokenised),0
NT-05838,45-54,32,Month-to-month,32.91,480,16.4,0,Credit card (tokenised),0
NT-05839,45-54,38,Month-to-month,47.77,267,1.0,1,Direct debit,0
NT-05840,35-44,25,Month-to-month,39.25,408,4.6,2,Direct debit,0
NT-05841,25-34,30,Month-to-month,23.67,596,6.8,1,Direct debit,0
NT-05842,18-24,43,One-year,23.89,301,17.5,1,Credit card (tokenised),0
NT-05843,18-24,2,One-year,14.42,143,8.7,0,Bank transfer,0
NT-05844,55-64,23,Month-to-month,48.56,160,3.1,1,Credit card (tokenised),0
NT-05845,25-34,57,Month-to-month,35.3,462,12.4,1,Direct debit,0
NT-05846,25-34,15,Month-to-month,47.06,209,19.1,0,Credit card (tokenised),1
NT-05847,45-54,20,Month-to-month,75.68,371,2.6,1,Direct debit,1
NT-05848,25-34,8,Month-to-month,27.21,305,4.4,0,Credit card (tokenised),0
NT-05849,35-44,23,One-year,41.92,48,5.2,0,Direct debit,1
NT-05850,25-34,28,Month-to-month,55.32,246,9.4,0,Credit card (tokenised),0
NT-05851,65+,91,One-year,32.13,286,13.8,3,Credit card (tokenised),0
NT-05852,55-64,36,One-year,33.93,257,13.1,2,Direct debit,1
NT-05853,55-64,23,Month-to-month,44.36,258,7.9,2,Bank transfer,0
NT-05854,35-44,11,Month-to-month,68.51,371,9.1,1,Credit card (tokenised),1
NT-05855,55-64,20,Month-to-month,45.64,166,10.8,1,Direct debit,0
NT-05856,25-34,18,Month-to-month,27.89,127,23.1,1,Bank transfer,0
NT-05857,18-24,7,Month-to-month,29.34,183,23.3,0,Direct debit,1
NT-05858,18-24,14,Two-year,32.14,694,19.0,3,Credit card (tokenised),0
NT-05859,45-54,24,One-year,16.17,319,6.9,0,Credit card (tokenised),0
NT-05860,35-44,26,Two-year,36.09,140,2.9,0,Bank transfer,0
NT-05861,35-44,42,Month-to-month,38.09,145,16.3,1,Credit card (tokenised),0
NT-05862,18-24,59,Month-to-month,38.55,442,7.4,1,Credit card (tokenised),0
NT-05863,35-44,25,Month-to-month,20.6,675,27.0,0,Credit card (tokenised),0
NT-05864,45-54,45,Month-to-month,42.14,217,2.0,2,Direct debit,0
NT-05865,35-44,23,Month-to-month,26.19,230,7.9,1,Credit card (tokenised),0
NT-05866,45-54,17,One-year,35.13,979,34.8,2,Credit card (tokenised),0
NT-05867,25-34,41,Month-to-month,29.09,235,13.5,1,Direct debit,0
NT-05868,55-64,23,Two-year,51.86,64,4.2,1,Direct debit,0
NT-05869,45-54,19,Two-year,29.78,347,0.7,0,Credit card (tokenised),0
NT-05870,25-34,17,Month-to-month,54.15,194,11.9,0,Bank transfer,0
NT-05871,25-34,10,Two-year,39.64,314,19.8,3,Credit card (tokenised),1
NT-05872,45-54,30,Month-to-month,43.04,781,30.1,0,Credit card (tokenised),1
NT-05873,55-64,21,Month-to-month,39.0,316,2.7,1,Direct debit,1
NT-05874,35-44,46,One-year,27.77,307,17.5,0,Direct debit,0
NT-05875,25-34,66,Month-to-month,42.87,137,2.9,0,Credit card (tokenised),0
NT-05876,55-64,17,Two-year,32.84,324,13.4,0,Direct debit,0
NT-05877,45-54,13,One-year,41.81,492,3.1,0,Credit card (tokenised),0
NT-05878,35-44,59,Two-year,45.25,876,13.2,0,Direct debit,0
NT-05879,35-44,32,Two-year,60.89,76,1.6,0,Direct debit,0
NT-05880,25-34,31,Month-to-month,43.65,467,18.1,1,Direct debit,0
NT-05881,45-54,35,Month-to-month,49.48,175,16.0,1,Direct debit,0
NT-05882,25-34,50,Month-to-month,45.93,528,14.5,1,Credit card (tokenised),0
NT-05883,65+,50,Month-to-month,35.3,113,6.3,2,Direct debit,0
NT-05884,35-44,40,Month-to-month,46.15,565,9.1,0,Direct debit,0
NT-05885,35-44,15,One-year,36.51,531,16.0,0,Direct debit,0
NT-05886,35-44,9,Month-to-month,33.05,434,15.8,1,Credit card (tokenised),0
NT-05887,65+,15,Two-year,24.92,345,31.8,2,Direct debit,0
NT-05888,55-64,11,One-year,45.83,78,15.2,0,Credit card (tokenised),0
NT-05889,35-44,43,Month-to-month,31.18,732,29.9,1,Direct debit,1
NT-05890,45-54,20,Month-to-month,45.54,256,26.0,2,Direct debit,0
NT-05891,45-54,40,Month-to-month,38.06,706,7.9,1,Credit card (tokenised),0
NT-05892,35-44,29,Month-to-month,34.59,306,3.1,1,Credit card (tokenised),0
NT-05893,25-34,20,Month-to-month,27.64,363,7.2,1,Direct debit,0
NT-05894,35-44,17,Month-to-month,53.61,349,1.1,1,Credit card (tokenised),1
NT-05895,25-34,19,One-year,33.29,260,6.5,2,Bank transfer,0
NT-05896,65+,13,Month-to-month,57.04,178,10.4,2,Direct debit,0
NT-05897,25-34,67,One-year,28.18,477,14.2,0,Direct debit,0
NT-05898,65+,27,One-year,56.09,117,7.4,1,Credit card (tokenised),0
NT-05899,35-44,29,Month-to-month,39.01,362,18.8,2,Credit card (tokenised),0
NT-05900,45-54,29,Month-to-month,48.33,174,25.6,1,Credit card (tokenised),0
NT-05901,35-44,42,One-year,22.39,360,17.2,1,Credit card (tokenised),0
NT-05902,18-24,18,Two-year,22.34,383,19.3,1,Credit card (tokenised),1
NT-05903,35-44,52,Month-to-month,41.1,480,10.2,1,Bank transfer,0
NT-05904,18-24,24,Month-to-month,25.83,534,25.5,1,Bank transfer,1
NT-05905,45-54,24,Month-to-month,53.95,249,16.5,0,Direct debit,0
NT-05906,35-44,56,Month-to-month,42.37,169,6.6,1,Credit card (tokenised),0
NT-05907,55-64,18,Month-to-month,30.27,53,25.3,1,Credit card (tokenised),0
NT-05908,25-34,36,Month-to-month,26.96,65,2.8,1,Credit card (tokenised),0
NT-05909,25-34,29,One-year,34.54,500,11.9,1,Bank transfer,0
NT-05910,35-44,20,Month-to-month,31.19,137,17.2,1,Direct debit,0
NT-05911,65+,39,Month-to-month,43.94,428,6.5,1,Credit card (tokenised),0
NT-05912,45-54,14,Month-to-month,37.08,938,4.8,0,Bank transfer,1
NT-05913,35-44,20,Two-year,52.02,151,27.6,0,Direct debit,1
NT-05914,35-44,30,Month-to-month,45.59,324,0.3,0,Bank transfer,0
NT-05915,18-24,62,Two-year,27.6,254,1.5,2,Credit card (tokenised),0
NT-05916,65+,59,Month-to-month,32.89,634,19.8,1,Direct debit,0
NT-05917,45-54,36,Month-to-month,27.63,192,5.2,2,Direct debit,1
NT-05918,25-34,25,Month-to-month,27.64,272,6.2,0,Direct debit,0
NT-05919,45-54,8,One-year,16.46,134,4.8,0,Direct debit,1
NT-05920,18-24,46,Month-to-month,49.29,234,5.0,0,Credit card (tokenised),0
NT-05921,65+,49,One-year,53.51,142,9.0,1,Bank transfer,0
NT-05922,25-34,36,One-year,26.15,366,31.5,1,Direct debit,0
NT-05923,45-54,25,One-year,24.94,726,14.0,0,Direct debit,0
NT-05924,25-34,44,Month-to-month,44.73,336,16.1,0,Direct debit,1
NT-05925,45-54,28,One-year,28.17,507,14.7,3,Bank transfer,0
NT-05926,55-64,26,Month-to-month,53.29,161,0.7,0,Credit card (tokenised),1
NT-05927,45-54,11,Month-to-month,29.4,138,6.9,1,Direct debit,1
NT-05928,45-54,42,Month-to-month,12.34,407,15.3,0,Credit card (tokenised),0
NT-05929,55-64,31,One-year,36.44,574,9.5,1,Bank transfer,0
NT-05930,18-24,59,Month-to-month,30.89,217,2.8,1,Direct debit,0
NT-05931,25-34,21,Month-to-month,39.77,258,2.1,1,Direct debit,1
NT-05932,25-34,17,Month-to-month,33.81,78,4.7,3,Direct debit,1
NT-05933,65+,49,Month-to-month,44.92,559,6.6,3,Direct debit,1
NT-05934,35-44,54,Month-to-month,43.08,228,11.0,2,Direct debit,0
NT-05935,45-54,29,Month-to-month,41.91,353,2.3,0,Direct debit,1
NT-05936,45-54,45,Month-to-month,40.29,275,1.0,0,Bank transfer,0
NT-05937,25-34,24,Month-to-month,37.99,663,8.8,1,Direct debit,1
NT-05938,25-34,25,Two-year,21.23,109,12.8,1,Direct debit,0
NT-05939,25-34,36,Month-to-month,42.67,410,4.0,0,Direct debit,0
NT-05940,35-44,25,Month-to-month,46.78,274,9.4,1,Direct debit,0
NT-05941,25-34,33,Month-to-month,42.19,408,24.0,0,Credit card (tokenised),0
NT-05942,18-24,31,One-year,35.58,182,3.9,0,Direct debit,0
NT-05943,55-64,15,Month-to-month,45.08,250,21.0,0,Bank transfer,0
NT-05944,65+,33,Month-to-month,40.84,67,5.5,3,Direct debit,0
NT-05945,25-34,15,Month-to-month,46.52,147,2.6,2,Direct debit,1
NT-05946,25-34,43,Two-year,36.95,101,4.8,0,Credit card (tokenised),0
NT-05947,18-24,49,One-year,20.87,416,17.7,1,Bank transfer,0
NT-05948,45-54,27,Month-to-month,35.85,468,5.1,0,Bank transfer,0
NT-05949,55-64,62,Month-to-month,26.62,213,19.9,0,Credit card (tokenised),0
NT-05950,25-34,54,Month-to-month,32.44,545,8.2,1,Bank transfer,0
NT-05951,25-34,33,Month-to-month,39.04,410,2.8,1,Credit card (tokenised),0
NT-05952,55-64,25,One-year,49.88,207,4.7,0,Direct debit,0
NT-05953,45-54,47,Month-to-month,45.99,117,10.6,1,Credit card (tokenised),0
NT-05954,18-24,63,One-year,40.51,91,5.3,1,Credit card (tokenised),0
NT-05955,45-54,35,Month-to-month,52.98,159,6.6,1,Credit card (tokenised),0
NT-05956,25-34,68,One-year,38.57,846,1.3,0,Direct debit,0
NT-05957,35-44,22,Month-to-month,40.43,525,8.1,0,Credit card (tokenised),0
NT-05958,55-64,41,Month-to-month,33.45,537,8.4,0,Credit card (tokenised),0
NT-05959,55-64,29,One-year,25.17,187,2.9,1,Credit card (tokenised),0
NT-05960,35-44,17,Month-to-month,44.68,512,12.6,0,Direct debit,0
NT-05961,65+,23,One-year,19.18,338,17.7,0,Direct debit,0
NT-05962,35-44,49,Two-year,26.82,576,24.1,0,Direct debit,0
NT-05963,55-64,27,Month-to-month,40.13,528,10.7,0,Direct debit,0
NT-05964,35-44,22,Two-year,27.81,507,16.4,0,Credit card (tokenised),0
NT-05965,55-64,55,Month-to-month,38.21,251,16.2,1,Direct debit,0
NT-05966,65+,48,Month-to-month,39.77,343,14.0,1,Direct debit,0
NT-05967,18-24,24,One-year,31.28,247,13.0,1,Direct debit,0
NT-05968,65+,70,One-year,38.66,254,2.4,0,Credit card (tokenised),0
NT-05969,55-64,28,Month-to-month,38.5,289,2.5,1,Direct debit,0
NT-05970,55-64,35,One-year,24.31,227,18.2,0,Direct debit,0
NT-05971,25-34,30,Two-year,44.56,533,34.5,2,Direct debit,0
NT-05972,55-64,18,Month-to-month,13.63,456,6.9,2,Bank transfer,0
NT-05973,55-64,27,Two-year,60.54,796,17.3,1,Bank transfer,0
NT-05974,25-34,29,One-year,44.41,139,11.2,2,Credit card (tokenised),0
NT-05975,65+,9,Two-year,50.25,1489,8.4,0,Credit card (tokenised),1
NT-05976,18-24,34,Month-to-month,45.94,456,16.4,2,Direct debit,0
NT-05977,25-34,45,One-year,37.49,31,6.7,0,Direct debit,0
NT-05978,35-44,15,Month-to-month,28.74,189,14.3,1,Credit card (tokenised),0
NT-05979,35-44,41,Two-year,37.71,395,12.4,2,Credit card (tokenised),0
NT-05980,45-54,50,One-year,48.03,428,12.0,1,Direct debit,0
NT-05981,18-24,3,Month-to-month,28.13,275,21.7,0,Credit card (tokenised),0
NT-05982,65+,27,Month-to-month,39.88,450,4.1,1,Direct debit,0
NT-05983,18-24,69,One-year,16.28,285,4.1,1,Credit card (tokenised),0
NT-05984,25-34,33,One-year,28.3,365,8.5,1,Credit card (tokenised),0
NT-05985,18-24,9,Month-to-month,27.7,90,5.3,0,Credit card (tokenised),0
NT-05986,35-44,14,Month-to-month,58.16,186,9.2,1,Credit card (tokenised),1
NT-05987,65+,34,One-year,21.95,652,7.0,0,Direct debit,0
NT-05988,45-54,40,Month-to-month,42.78,215,10.0,1,Credit card (tokenised),0
NT-05989,55-64,30,Month-to-month,57.13,397,18.7,1,Direct debit,1
NT-05990,18-24,33,Two-year,50.06,137,4.6,0,Credit card (tokenised),0
NT-05991,35-44,31,Month-to-month,56.26,154,4.1,0,Direct debit,0
NT-05992,35-44,20,Month-to-month,58.04,194,14.2,0,Credit card (tokenised),1
NT-05993,35-44,31,Month-to-month,38.67,283,3.7,1,Credit card (tokenised),0
NT-05994,18-24,12,Two-year,43.7,298,27.5,0,Direct debit,0
NT-05995,45-54,24,Month-to-month,40.34,848,22.4,0,Bank transfer,0
NT-05996,35-44,39,One-year,43.77,419,28.0,2,Credit card (tokenised),0
NT-05997,55-64,18,Two-year,43.06,334,3.2,0,Direct debit,0
NT-05998,35-44,26,Month-to-month,58.61,505,11.3,1,Direct debit,0
NT-05999,25-34,32,One-year,41.5,164,4.2,0,Credit card (tokenised),0
